-0.052550345,-0.045394061,0.069441771,0.000266463,1591682647.371451139
0.022867008,-0.058562170,0.062868337,-0.000932619,1591682647.390934944
0.004910495,-0.033423055,0.033781853,0.001465544,1591682647.412782192
0.012093100,0.006081272,0.013536061,0.001598776,1591682647.432253838
-0.000000000,0.000000000,0.000000000,0.000001601,1591682647.451031923
-0.854607901,-1.310729693,1.564725852,0.244212975,1591682647.471555471
1.461782279,-1.747671496,2.278412406,0.359990957,1591682647.491558790
-0.424848703,-0.512263403,0.665514999,0.102454872,1591682647.510737658
0.100678562,-0.399735925,0.412219581,0.046630955,1591682647.533607244
-0.000000000,-0.362625800,0.362625800,-0.000000000,1591682647.550546885
-0.575683407,-0.611622772,0.839936784,-0.020251158,1591682647.572479963
-0.238100973,-0.159118640,0.286375305,-0.035572757,1591682647.591478825
0.092298856,-0.880970422,0.885792280,0.033574287,1591682647.611405373
-0.209370553,-0.257280908,0.331706940,0.003996939,1591682647.631333351
0.056385831,0.028826188,0.063327017,-0.010924967,1591682647.650926590
0.195249527,-0.556556134,0.589811078,0.002664626,1591682647.670962095
-0.000000000,-0.000221087,0.000221087,-0.000000000,1591682647.690974236
-0.010651815,-0.280025824,0.280228341,0.014655443,1591682647.711884022
-0.000000000,0.293385474,0.293385474,-248226050147825876992.000000000,1591682647.731708527
0.183278519,-0.232141791,0.295771578,0.078206772,1591682647.751727104
-0.075295260,0.015658079,0.076906122,0.032774899,1591682647.771298409
-0.075295260,-0.035817257,0.083380166,0.077274149,1591682647.790727377
-0.000000000,-0.000000000,0.000000000,0.000000000,1591682647.810643435
-0.066915554,-0.039408557,0.077657748,0.053958675,1591682647.831222773
-0.028608328,0.126988458,0.130171060,0.071145513,1591682647.851473093
0.036035117,-0.234535992,0.237288140,0.077807081,1591682647.871018410
0.189264023,0.109031946,0.218423524,0.055424222,1591682647.890840530
-0.111208285,0.061147913,0.126910795,0.036238913,1591682647.912393570
-0.000000000,-146104951723106774483557140135936.000000000,146104951723106774483557140135936.000000000,0.000000801,1591682647.930462360
-0.000000000,0.131776862,0.131776862,4164542060156906668684214272.000000000,1591682647.950702667
-0.035790933,0.069527618,0.078198981,0.029310886,1591682647.971674919
-0.000000000,0.000000000,0.000000000,4153532608832222167650271232.000000000,1591682647.991487980
0.137788687,0.300568079,0.330646174,0.025313946,1591682648.011921883
-0.119587991,-0.186651959,0.221675983,0.016920375,1591682648.030777693
0.200037931,-0.039408557,0.203882829,0.059554391,1591682648.051079988
0.012093100,0.164098584,0.164543576,0.026779490,1591682648.071381330
0.026458310,0.043191400,0.050651152,0.075808611,1591682648.110078335
0.115043772,0.073118921,0.136313778,0.044765714,1591682648.132515430
-0.136347403,-0.070533179,0.153510728,0.070212891,1591682648.150575876
0.183278519,-0.155527338,0.240374226,0.038903540,1591682648.171505451
-0.000000000,-0.000000000,0.000000000,-0.000000000,1591682648.191243649
-0.000000000,2282889870673543351305580314624.000000000,2282889870673543351305580314624.000000000,0.000000800,1591682648.210785151
-0.000000000,-572097707105500947093160722432.000000000,572097707105500947093160722432.000000000,-247707468997030182912.000000000,1591682648.230806589
0.129408982,-0.041802759,0.135993217,0.066349187,1591682648.251650572
-0.106419882,0.098258038,0.144844169,0.064617179,1591682648.272716045
-0.117193789,-0.294391034,0.316860324,0.055290989,1591682648.291440248
0.014487302,0.070724719,0.072193267,0.062885171,1591682648.311746597
-0.000000000,28.838063135,28.838063135,0.000000000,1591682648.330729246
-0.000000000,-129966741857325856.000000000,129966741857325856.000000000,0.000000800,1591682648.351444960
0.097087259,-0.323121472,0.337392089,0.054758065,1591682648.370893717
0.135394486,-0.002298434,0.135413993,0.057822383,1591682648.391834259
-0.000000000,1.803725684,1.803725684,-966532040733836160.000000000,1591682648.411397696
-0.029805429,-0.044196960,0.053307925,0.045431871,1591682648.431780577
-0.060930050,0.003687070,0.061041507,0.041168473,1591682648.449963331
-0.126770596,0.099455139,0.161127616,0.037437994,1591682648.471868992
-0.002272110,-0.224959186,0.224970660,0.050228201,1591682648.491531849
0.049203226,0.198814508,0.204812514,0.031042893,1591682648.511745930
0.063568436,-0.174680951,0.185888086,0.042101091,1591682648.530899525
-0.063324252,-0.160315741,0.172369074,0.021050546,1591682648.552332878
0.069553940,0.143747870,0.159690954,0.047297112,1591682648.570447922
-0.089660470,0.219165222,0.236796103,0.014522211,1591682648.591352463
0.174898813,-0.203411371,0.268264386,0.060487010,1591682648.612535000
0.067159738,0.201208710,0.212121134,-0.003996939,1591682648.631487131
-0.086069168,0.019249381,0.088195467,0.047163879,1591682648.651647806
0.103072763,0.008475474,0.103420637,0.007327722,1591682648.671588898
-0.361402359,-0.625987946,0.722822643,0.054758065,1591682648.691647053
-0.150712613,-2.305520483,2.310441298,0.629251439,1591682648.710435629
0.847669480,-1.338263013,1.584137443,1.254772321,1591682648.732226372
-0.493083450,-0.898926935,1.025280899,1.263032651,1591682648.750741482
0.234753855,0.143747870,0.275268637,1.520302379,1591682648.772766590
0.794997043,-0.598454663,0.995071999,1.542551901,1591682648.791443825
0.159336502,-0.362625800,0.396087858,1.696434075,1591682648.811893940
0.000000000,0.077907324,0.077907324,1.689372834,1591682648.830652237
0.513678348,-0.321924371,0.606218398,1.755588767,1591682648.850880384
0.000000000,-0.388962018,0.388962018,1.743065114,1591682648.869680882
0.273061081,0.024037785,0.274117072,1.745729741,1591682648.891414404
0.000000000,-0.178272253,0.178272253,1.772376010,1591682648.910534382
0.000000000,-0.008283938,0.008283938,1.826734347,1591682648.931498528
0.234753855,-0.422480841,0.483321253,1.739601005,1591682648.951774836
0.268272678,0.058753711,0.274631077,1.778771062,1591682648.971911430
0.561562381,0.135368164,0.577647685,1.743464721,1591682648.992263794
0.178490116,-0.076518683,0.194200490,1.766513724,1591682649.010724306
0.329324820,-0.029831753,0.330673208,1.781968588,1591682649.033244371
-0.011848916,-0.404524329,0.404697825,1.804218243,1591682649.051708221
-0.000000000,0.000000000,0.000000000,0.000000000,1591682649.071477652
0.393968265,0.249092743,0.466109631,1.741066544,1591682649.090907335
0.228768351,-0.257280908,0.344279572,1.795558172,1591682649.111000538
0.489736332,-0.217776581,0.535974172,1.784366765,1591682649.130849838
0.000000000,0.118608752,0.118608752,1.809014598,1591682649.150248051
0.233556754,-0.007086837,0.233664247,1.812078832,1591682649.171326876
0.288623392,-0.059759271,0.294745030,1.814743459,1591682649.190879822
0.000000000,0.000000000,0.000000000,0.000000000,1591682649.209453821
0.312565409,0.021643583,0.313313867,1.790761817,1591682649.231429577
0.544802970,0.056359509,0.547710389,1.844187647,1591682649.251126289
0.000000000,0.136565265,0.136565265,1.802219806,1591682649.271176577
0.185672721,0.093469635,0.207872393,1.746928829,1591682649.291929960
-0.000000000,0.000000000,0.000000000,-0.000000000,1591682649.311270952
0.042020621,-0.037014358,0.055998172,1.751725051,1591682649.330679655
0.314959610,0.263457953,0.410621053,1.763316199,1591682649.350788593
0.000000000,0.000000000,0.000000000,0.000000000,1591682649.370505810
0.295805997,0.043191400,0.298942611,1.747861336,1591682649.391026974
0.243133561,0.241910138,0.342978779,1.742398924,1591682649.410798550
0.000000000,0.058753711,0.058753711,1.740267195,1591682649.430203676
0.000000000,0.064739215,0.064739215,1.736137030,1591682649.451215267
0.398756668,-0.454802563,0.604857216,1.746795538,1591682649.470990419
0.276652384,0.020446482,0.277406921,1.758653135,1591682649.491317272
0.231162552,0.015658079,0.231692255,1.743864462,1591682649.511362553
-0.000000000,-35727949852170116905876586496.000000000,35727949852170116905876586496.000000000,0.000000000,1591682649.530507088
0.000000000,-0.060956372,0.060956372,1.804617983,1591682649.551514387
0.319748014,0.261063751,0.412786960,1.740400487,1591682649.571152449
0.475371122,0.140156567,0.495602226,1.743464721,1591682649.590976477
0.000000000,-0.154330237,0.154330237,1.746129348,1591682649.611552715
0.355661039,0.094666736,0.368044244,1.804084951,1591682649.632312536
0.270666880,-0.272843219,0.384322757,1.737336119,1591682649.652534962
0.396362467,0.019249381,0.396829616,1.787297841,1591682649.671587706
0.281440787,-0.174680951,0.331243643,1.743997753,1591682649.690814018
0.413121878,0.040797198,0.415131422,1.737202828,1591682649.711905241
0.482553727,0.113820349,0.495795493,1.740400487,1591682649.730339766
0.329324820,-0.524234412,0.619093333,1.745330000,1591682649.751071215
0.487342130,0.141353668,0.507428035,1.793159994,1591682649.771353722
0.000000000,0.006081272,0.006081272,1.732406606,1591682649.790727615
0.310171207,0.000095768,0.310171222,1.727476959,1591682649.811610699
0.000000000,-0.032225954,0.032225954,1.791561298,1591682649.831654072
-0.000000000,139423372324231820626362368.000000000,139423372324231820626362368.000000000,0.000000000,1591682649.850095034
0.061174234,0.116214551,0.131332055,1.744930259,1591682649.870414972
0.000000000,-0.181863556,0.181863556,1.742398924,1591682649.891103745
0.670498557,0.200011609,0.699694904,1.739201398,1591682649.910672188
0.329324820,0.058753711,0.334524791,1.726810902,1591682649.931733370
0.110255368,-0.041802759,0.117914023,1.743198272,1591682649.951228380
0.000000000,0.041994299,0.041994299,1.736403480,1591682649.970913887
-0.000000000,-7751441645.628799438,7751441645.628799438,0.000000000,1591682649.991361380
0.159336502,0.100652240,0.188464836,1.693502999,1591682650.011460781
0.000000000,-0.224959186,0.224959186,1.724279434,1591682650.030954838
0.000000000,-0.414101135,0.414101135,1.756121799,1591682650.050876379
0.487342130,0.174872491,0.517767071,1.711489198,1591682650.070491552
0.229965451,0.049176904,0.235164786,1.748527526,1591682650.090267420
0.518466751,-0.026240450,0.519130363,1.739601005,1591682650.110832691
0.281440787,-0.044196960,0.284889958,1.743731171,1591682650.131525040
0.434669693,0.044388501,0.436930293,1.782634778,1591682650.151033640
0.210811838,0.032417490,0.213289767,1.743997753,1591682650.171193361
0.398756668,0.088681232,0.408498766,1.746129348,1591682650.191090584
-0.000000000,0.000000000,0.000000000,-0.000000000,1591682650.211351395
0.451429105,0.024037785,0.452068636,1.697233556,1591682650.231718063
0.233556754,-0.076518683,0.245771980,1.742798664,1591682650.250288725
0.625008725,0.045585602,0.626668935,1.731740416,1591682650.272003412
0.420304483,0.277823163,0.503826923,1.695501436,1591682650.291825771
0.334113224,-0.284814227,0.439033928,1.680179864,1591682650.312466860
0.000000000,-0.173483850,0.173483850,1.747861336,1591682650.330812931
0.000000000,-0.000000000,0.000000000,-0.000000000,1591682650.351284742
0.504101541,0.100652240,0.514051785,1.741866025,1591682650.371284008
0.000000000,0.097060937,0.097060937,1.754922710,1591682650.390746355
0.427487088,0.147339172,0.452165946,1.741066544,1591682650.411664486
0.561562381,0.111426147,0.572510344,1.741599576,1591682650.431385756
0.000000000,0.000000000,0.000000000,0.000000000,1591682650.449679375
0.000000000,0.286202869,0.286202869,1.761584211,1591682650.472023487
0.645359439,0.566324445,0.858610612,1.509110972,1591682650.490141153
0.583110196,2.178819226,2.255497888,0.934883993,1591682650.510412931
-0.185428537,1.260642890,1.274207298,0.494288103,1591682650.531939745
-0.000000000,-18386946828412558602996813922304.000000000,18386946828412558602996813922304.000000000,0.000000000,1591682650.550829887
0.191658225,0.571112848,0.602414110,0.067148573,1591682650.571711540
-0.000000000,0.000000000,0.000000000,-0.000000000,1591682650.591022968
-0.000000000,-70062486660020819713851392.000000000,70062486660020819713851392.000000000,0.000000000,1591682650.611591578
-0.000000000,-4180190119321624576.000000000,4180190119321624576.000000000,-3434.118671111,1591682650.631161213
0.039626419,-0.027437551,0.048198261,0.071012280,1591682650.651482821
0.000000000,0.208391315,0.208391315,0.040902007,1591682650.669872046
-0.032199630,-0.071730280,0.078626008,0.041568163,1591682650.691838980
0.012093100,0.128185559,0.128754731,0.029177653,1591682650.710301399
0.088707553,0.004884171,0.088841911,0.012257279,1591682650.731321812
0.021669907,0.006081272,0.022507038,0.027445647,1591682650.750460625
0.094693058,0.432249152,0.442499835,0.025447179,1591682650.771200418
-0.000000000,544283359211335981203456.000000000,544283359211335981203456.000000000,0.000000798,1591682650.791056871
0.209614737,0.010869675,0.209896374,0.027445647,1591682650.811592102
-0.083674966,-0.016663644,0.085318093,0.030110274,1591682650.830234766
0.069553940,0.063542114,0.094209081,0.093128678,1591682650.851531506
-0.120785092,-0.042999860,0.128210867,0.023581940,1591682650.872438192
0.109058268,0.098258038,0.146793555,0.058888234,1591682650.890931845
0.173701712,-0.161512842,0.237189129,0.059820853,1591682650.912575960
-0.064521353,0.052768207,0.083351596,0.031975511,1591682650.931626320
0.055188730,0.063542114,0.084162915,0.061819323,1591682650.951066494
0.243133561,0.004884171,0.243182613,0.063817793,1591682650.970978260
-0.121982193,0.093469635,0.153675724,0.044765714,1591682650.991189480
0.008501798,0.167689886,0.167905267,0.034240443,1591682651.011301756
0.203629233,0.061147913,0.212612163,0.078340005,1591682651.031472206
0.168913309,0.068330518,0.182210772,0.032508437,1591682651.050079107
0.020472806,0.155718878,0.157058921,0.062085785,1591682651.071710825
0.177293015,0.036008793,0.180912814,0.045165409,1591682651.090422869
-0.000000000,-0.000000863,0.000000863,0.000000000,1591682651.110753059
-0.047761941,0.115017450,0.124540021,0.026246567,1591682651.131048203
0.119832175,0.026431986,0.122712673,0.082070479,1591682651.151619196
0.064765537,-0.064547675,0.091438378,0.042234320,1591682651.172074318
0.103072763,-0.050182465,0.114639759,0.054891294,1591682651.190845013
0.006107596,-0.045394061,0.045803095,0.031975511,1591682651.211849928
0.153350998,0.083892828,0.174798556,0.050894358,1591682651.231266022
0.000000000,0.075513123,0.075513123,0.000000000,1591682651.251648188
0.140182889,-0.211791077,0.253981697,0.089931127,1591682651.271018982
0.156942301,0.226347827,0.275434610,0.050627892,1591682651.291949987
0.037232218,-0.032225954,0.049241752,0.052493133,1591682651.310665607
0.153350998,0.132973962,0.202974391,0.051427281,1591682651.331297159
0.192855326,0.003687070,0.192890568,0.031709049,1591682651.351620913
-0.156698117,0.148536273,0.215910454,0.032108742,1591682651.371635437
-0.000000000,-0.000000000,0.000000000,4152048373644352400488660992.000000000,1591682651.391298056
0.281440787,0.202405811,0.346665586,0.035039833,1591682651.411037445
0.018078604,-0.076518683,0.078625344,0.017186837,1591682651.430747509
0.275455283,0.000095768,0.275455300,0.030376736,1591682651.452292681
0.044414823,-0.029831753,0.053503364,0.040502316,1591682651.470848322
-0.026214126,0.186843500,0.188673458,0.027445647,1591682651.490199327
-0.000000000,495598680464.383972168,495598680464.383972168,0.052381234,1591682651.512171984
0.000000000,0.229939130,0.229939130,0.053425752,1591682651.530763865
0.095890158,0.119805853,0.153454765,0.028644730,1591682651.551104546
-0.004666311,-0.171089648,0.171153271,0.037437994,1591682651.571343899
-0.000000000,0.000000000,0.000000000,0.000000000,1591682651.591775656
0.049203226,0.132973962,0.141785162,0.040502316,1591682651.611460924
-0.038185135,0.069527618,0.079323352,0.055024527,1591682651.631304979
0.355661039,-0.070533179,0.362587512,0.059154696,1591682651.651845932
-0.172260428,0.174872491,0.245466990,0.033041363,1591682651.672361135
-0.093251773,-0.268054816,0.283812046,0.064617179,1591682651.690723181
0.000000000,0.053965308,0.053965308,0.054358370,1591682651.711003542
-0.145924209,-0.019057845,0.147163434,0.043833095,1591682651.731490374
0.203629233,0.026431986,0.205337562,0.102055173,1591682651.750959873
-0.000000000,0.000000000,0.000000000,4157738381442541355851055104.000000000,1591682651.771544933
0.053991629,0.111426147,0.123817940,0.097525309,1591682651.791484594
0.116240873,-0.009481039,0.116626886,0.072877518,1591682651.812022686
0.261090073,0.024037785,0.262194282,0.059554391,1591682651.831219673
0.052794529,0.109031946,0.121141353,0.068747348,1591682651.851294518
0.052794529,0.147339172,0.156512281,0.047297112,1591682651.870099068
-0.041776437,0.285005768,0.288051312,0.031842280,1591682651.911809206
0.135394486,0.097060937,0.166590793,0.058088845,1591682651.932164669
0.050400327,-0.023846249,0.055756941,0.029843810,1591682651.950732946
-0.053747445,0.106637744,0.119416901,0.033574287,1591682651.970803976
0.188066922,0.125791357,0.226257890,0.018652383,1591682651.990934610
0.010895999,-0.026240450,0.028412744,0.052093438,1591682652.011824369
0.064765537,0.220362323,0.229682668,0.029843810,1591682652.030334473
-0.000000000,0.126988458,0.126988458,0.054891294,1591682652.051879406
0.052794529,-0.171089648,0.179050077,0.027445647,1591682652.070806742
0.086313352,-0.026240450,0.090213945,0.022382857,1591682652.092796326
-0.126770596,0.044388501,0.134317248,0.003863708,1591682652.110508204
0.221585746,0.059950812,0.229552483,0.048096498,1591682652.131273985
0.070751041,0.178463794,0.191976654,0.019585001,1591682652.150950193
0.210811838,-0.056167969,0.218166156,0.034773369,1591682652.171184301
0.109058268,-0.009481039,0.109469611,0.056090374,1591682652.191182613
-0.020228622,0.185646399,0.186745234,0.018652383,1591682652.212294340
0.044414823,0.058753711,0.073652393,0.044632485,1591682652.231565952
0.346084232,0.058753711,0.351036030,0.051427281,1591682652.251752377
-0.048959042,0.030023289,0.057431574,0.008526803,1591682652.271501303
-0.011848916,0.043191400,0.044787206,0.034240443,1591682652.291051865
0.143774192,0.117411652,0.185624659,0.025313946,1591682652.310782194
-0.083674966,-0.155527338,0.176607624,0.007860646,1591682652.330904961
0.052794529,0.047979803,0.071339497,0.030243505,1591682652.351120234
0.297003098,-0.258478009,0.393727979,0.026912721,1591682652.370000124
-0.008257614,0.125791357,0.126062103,0.027179185,1591682652.392066240
-0.028608328,0.033614591,0.044140426,0.045032180,1591682652.409876108
0.204826334,-0.034620156,0.207731515,0.043033710,1591682652.431241274
0.153350998,0.016855180,0.154274514,0.059687620,1591682652.451565742
0.141379990,0.110229047,0.179272821,0.028511499,1591682652.471802235
0.124620578,-0.011875240,0.125185102,0.047430341,1591682652.492033243
0.140182889,0.075513123,0.159227743,0.014788674,1591682652.511268616
0.016881504,-0.066941876,0.069037671,0.016787143,1591682652.532506466
0.180884317,0.040797198,0.185428012,0.011591123,1591682652.551394701
0.122226377,-0.044196960,0.129971760,0.005728946,1591682652.571516752
0.044414823,-0.076518683,0.088474772,-0.003064320,1591682652.591311216
-0.000000000,0.000000000,0.000000000,4150522598333499121336320000.000000000,1591682652.611101866
-0.092054672,0.024037785,0.095141356,0.030509967,1591682652.632009268
0.129408982,-0.013072341,0.130067562,0.025447179,1591682652.651364088
0.305382804,0.045585602,0.308766423,0.047430341,1591682652.692250013
-0.063324252,-0.215382379,0.224498397,0.014122517,1591682652.710764647
0.056385831,0.227544928,0.234427081,0.049029116,1591682652.730837584
-0.000000000,0.000000000,0.000000000,4149904112057967259284406272.000000000,1591682652.750778437
0.087510453,0.281414465,0.294706940,0.011457891,1591682652.771160126
-0.009454715,0.156915979,0.157200560,0.017053606,1591682652.791101456
0.202432132,-0.163907043,0.260469359,0.029044422,1591682652.812107801
-0.058535849,0.109031946,0.123751407,0.019318537,1591682652.831279993
0.083919150,0.083892828,0.118660989,0.006528333,1591682652.850243092
-0.058535849,0.038402997,0.070008826,0.065150103,1591682652.870703697
0.059977134,0.067133417,0.090023065,0.031442585,1591682652.890455484
-0.118390890,0.039600098,0.124838178,0.047163879,1591682652.911550522
0.198840830,-0.226156287,0.301138409,0.054624832,1591682652.931521177
-0.288379208,-2.034975696,2.055307434,0.642308058,1591682652.951513052
0.000000000,-1.302349988,1.302349988,1.259701968,1591682652.969511747
-0.026214126,-0.766048743,0.766497134,1.289412472,1591682652.991534710
-0.239298074,-0.317135968,0.397289303,1.475003720,1591682653.010168791
0.937452042,-0.592469159,1.108979727,1.629551951,1591682653.031428099
-0.000000000,-483862582.275799990,483862582.275799990,0.000000000,1591682653.050663710
0.511284146,-0.009481039,0.511372045,1.746795538,1591682653.070387363
0.525649356,-0.357837396,0.635889022,1.747861336,1591682653.090651512
0.000000000,-0.003495535,0.003495535,1.789029829,1591682653.110903263
0.492130533,0.010869675,0.492250558,1.759985382,1591682653.131728888
0.000000000,0.109031946,0.109031946,1.734005302,1591682653.150629282
0.000000000,-153303983933983896030272397506208858112.000000000,153303983933983896030272397506208858112.000000000,0.000000000,1591682653.171516418
0.403545072,0.033614591,0.404942670,1.802885863,1591682653.190038204
0.719579691,0.329298480,0.791348482,1.762783300,1591682653.211628675
0.544802970,-0.318333069,0.630988287,1.815009909,1591682653.230784655
0.000000000,0.468162177,0.468162177,1.817274928,1591682653.251143694
0.370026249,0.044388501,0.372679170,1.751591893,1591682653.270901918
0.000000000,0.053965308,0.053965308,1.810080395,1591682653.291336060
0.000000000,0.167689886,0.167689886,1.803418895,1591682653.310804129
0.468188517,0.086287030,0.476073459,1.731074226,1591682653.331237793
0.646556540,0.372394110,0.746131847,1.739334556,1591682653.350741386
0.786617337,-0.199820068,0.811600206,1.737202828,1591682653.371273756
0.058780033,0.030023289,0.066003713,1.790761817,1591682653.390633345
0.000000000,0.220362323,0.220362323,1.739068107,1591682653.410233021
0.727959397,0.176069592,0.748949521,1.748127918,1591682653.431597471
0.680075363,-0.020254946,0.680376927,1.786232044,1591682653.449885368
0.444246500,0.201208710,0.487688320,1.742265632,1591682653.470575809
0.000000000,0.152127576,0.152127576,1.743331563,1591682653.490762711
0.288623392,-0.254886707,0.385059340,1.747861336,1591682653.511476517
0.587898600,0.235924634,0.633470754,1.807549060,1591682653.532761097
0.000000000,0.081498627,0.081498627,1.740267195,1591682653.551317930
0.000000000,-0.052576666,0.052576666,1.751858343,1591682653.571598530
0.000000000,-0.290799731,0.290799731,1.779836859,1591682653.591272593
0.326930619,0.050374005,0.330788709,1.743198272,1591682653.610484838
0.000000000,0.164098584,0.164098584,1.741999183,1591682653.630179167
0.000000000,0.178463794,0.178463794,1.807549060,1591682653.670264244
0.403545072,-0.041802759,0.405704444,1.742265632,1591682653.691857576
0.198840830,-0.215382379,0.293133493,1.745596449,1591682653.710952044
-0.000000000,0.000000000,0.000000000,-0.000000000,1591682653.731012106
0.282637888,-0.026240450,0.283853372,1.730274878,1591682653.752295494
0.000000000,0.081498627,0.081498627,1.741732734,1591682653.772243023
0.623811624,0.007278373,0.623854084,1.744930259,1591682653.790086508
0.690849271,-0.074124481,0.694814474,1.756521407,1591682653.811800718
0.343690030,0.086287030,0.354356160,1.745330000,1591682653.830351353
0.322142215,-0.011875240,0.322361022,1.741066544,1591682653.851896286
0.000000000,-0.242915698,0.242915698,1.740933385,1591682653.870301485
0.000000000,-0.060956372,0.060956372,1.756121799,1591682653.891148567
0.456217508,-0.027437551,0.457041830,1.766380566,1591682653.911376238
0.195249527,-0.155527338,0.249621976,1.747728178,1591682653.932012796
0.480159525,0.204800012,0.522011699,1.793026836,1591682653.951148272
0.542408768,-0.023846249,0.542932699,1.676582598,1591682653.971796989
-0.000000000,2130346733546713382912.000000000,2130346733546713382912.000000000,0.000000811,1591682653.991371870
0.000000000,-0.047788263,0.047788263,1.734804783,1591682654.010476828
0.000000000,0.088681232,0.088681232,1.684842928,1591682654.031098604
0.480159525,-0.187849060,0.515597167,1.741466284,1591682654.050812244
-0.000000000,-0.028203088,0.028203088,0.000000000,1591682654.070780993
0.381997257,-0.173483850,0.419545648,1.747861336,1591682654.091255665
0.453823307,0.076710223,0.460260852,1.686441757,1591682654.111471176
0.000000000,0.040797198,0.040797198,1.734405043,1591682654.130773783
0.304185703,-0.017860744,0.304709613,1.740666936,1591682654.152229309
0.000000000,0.063542114,0.063542114,1.739068107,1591682654.170038939
0.000000000,-0.214185278,0.214185278,1.743731171,1591682654.191423655
0.422698685,0.115017450,0.438067566,1.741333126,1591682654.210430145
-0.000000000,-461.121705961,461.121705961,-0.000000000,1591682654.230467081
0.619023221,0.063542114,0.622275943,1.736936378,1591682654.250676632
0.329324820,0.080301526,0.338973704,1.742931822,1591682654.270773888
0.690849271,-0.234535992,0.729575114,1.732806213,1591682654.290096998
0.233556754,0.171281189,0.289630805,1.738268759,1591682654.311101198
0.615431919,0.075513123,0.620047319,1.757986945,1591682654.330068588
0.648950742,0.155718878,0.667372036,1.714553565,1591682654.352325916
0.396362467,0.115017450,0.412713240,1.746795538,1591682654.371497631
0.874005698,0.026431986,0.874405289,1.728676048,1591682654.391600847
0.291017594,0.322115875,0.434108140,1.700697532,1591682654.410726786
0.710002884,-0.284814227,0.764998849,1.742398924,1591682654.430583239
0.000000000,-0.000000000,0.000000000,0.000000000,1591682654.450873613
0.282637888,0.018052280,0.283213807,1.740000746,1591682654.470635891
0.000000000,0.087484131,0.087484131,1.728276441,1591682654.490785599
0.000000000,-0.156724438,0.156724438,1.764248838,1591682654.509850502
0.245527762,0.176069592,0.302133056,1.751458602,1591682654.532578468
0.000000000,-0.069336078,0.069336078,1.735737290,1591682654.549850225
0.000000000,-0.000000000,0.000000000,0.000000000,1591682654.571761131
-0.000000000,-0.000000000,0.000000000,-0.000000000,1591682654.590532541
-0.000000000,9354601724578435574600015433170944.000000000,9354601724578435574600015433170944.000000000,0.000000000,1591682654.610532522
0.148562595,-0.001101333,0.148566677,1.730408036,1591682654.630546331
0.000000000,-0.264463513,0.264463513,1.741333126,1591682654.650593758
0.310171207,-0.076518683,0.319470322,1.741066544,1591682654.671470404
0.000000000,-0.034620156,0.034620156,1.721881256,1591682654.691688776
-0.000000000,0.000000000,0.000000000,0.000000000,1591682654.710870028
0.039626419,-0.487124286,0.488733386,1.746395798,1591682654.730740786
0.000000000,-0.035817257,0.035817257,1.758786426,1591682654.751467228
0.000000000,0.146142072,0.146142072,1.735204391,1591682654.770620584
-0.000000000,-0.000000000,0.000000000,0.000000000,1591682654.791671515
0.000000000,-0.071730280,0.071730280,1.804351401,1591682654.811095953
0.427487088,0.086287030,0.436108544,1.735337682,1591682654.831700563
0.372420450,0.049176904,0.375653244,1.721614807,1591682654.850776434
0.665710154,0.729130194,0.987320033,1.461014395,1591682654.871924400
0.453823307,2.245856873,2.291250463,1.028012712,1591682654.890555620
0.245527762,1.009251788,1.038688141,0.487626536,1591682654.911366224
0.287426291,0.962564856,1.004562081,0.315092006,1591682654.930088758
0.105466965,0.434643353,0.447256219,0.097525309,1591682654.951568365
-0.000000000,9364313760327442323113168504619008.000000000,9364313760327442323113168504619008.000000000,-66772200301308716343361536000.000000000,1591682654.970800638
-0.000000000,0.226379428,0.226379428,0.000000000,1591682654.990347624
0.031246714,0.561536041,0.562404732,0.108183817,1591682655.011730671
-0.000000000,0.053965308,0.053965308,-0.000000000,1591682655.032808065
-0.000000000,-557230383344234942594809856.000000000,557230383344234942594809856.000000000,0.000000000,1591682655.050883532
-0.000000000,267316862163315916800.000000000,267316862163315916800.000000000,0.000000000,1591682655.070544720
-0.054944546,-0.172286749,0.180835912,0.044632485,1591682655.091626406
0.000000000,0.027629087,0.027629087,0.051427281,1591682655.111063957
0.080327848,0.239515936,0.252627090,0.047030646,1591682655.132190466
-0.078886563,0.219165222,0.232930214,0.025580410,1591682655.150408030
0.147365494,-0.168695447,0.223997193,0.053026057,1591682655.172394276
0.056385831,0.098258038,0.113287263,0.047563574,1591682655.192191839
-0.000000000,0.000000000,0.000000000,-0.000000000,1591682655.210893154
0.129408982,-0.028634652,0.132539156,0.045032180,1591682655.229853392
0.131803183,0.085089929,0.156883317,0.036105680,1591682655.251528740
-0.000000000,-118047.156725928,118047.156725928,0.052225627,1591682655.269859076
-0.098040176,-0.045394061,0.108039330,0.037437994,1591682655.291210890
0.130606082,0.192829004,0.232896916,0.019984694,1591682655.310380459
-0.178245932,-0.020254946,0.179393074,0.052359900,1591682655.332111359
0.177293015,-0.005889736,0.177390817,0.036505375,1591682655.351741552
0.031246714,0.051571106,0.060298724,0.024114865,1591682655.370544910
0.065962638,0.039600098,0.076936580,0.032908130,1591682655.390846491
-0.000000000,0.000000000,0.000000000,0.000000000,1591682655.410972118
-0.038185135,-0.191440363,0.195211467,0.028644730,1591682655.430655956
0.154548099,-0.048985364,0.162125509,0.069813200,1591682655.450867891
-0.048959042,0.034811692,0.060073636,0.015454831,1591682655.471607924
-0.036988034,-0.198622968,0.202037615,0.048362960,1591682655.490458250
-0.025017025,0.147339172,0.149447928,0.000932619,1591682655.511843681
-0.093251773,0.124594257,0.155626546,0.034240443,1591682655.530619383
-0.000000000,-0.000000000,0.000000000,4141204093761054707852247040.000000000,1591682655.550567389
0.070751041,0.264655054,0.273948914,0.059820853,1591682655.571515322
0.018078604,0.265852155,0.266466140,0.035039833,1591682655.591486931
-0.000000000,-483701910.122199953,483701910.122199953,-967588110663356032.000000000,1591682655.609904051
0.092298856,-0.063350574,0.111948086,0.024914253,1591682655.631630421
0.075539444,0.158113080,0.175231144,0.062885171,1591682655.651172876
-0.082477865,0.159310181,0.179394348,0.023848401,1591682655.669948578
0.055188730,-0.016663644,0.057649570,0.059954086,1591682655.691857338
-0.029805429,0.006081272,0.030419491,0.000666156,1591682655.711820602
-0.008257614,0.207194214,0.207358700,0.064483946,1591682655.733168602
0.056385831,-0.048985364,0.074692221,0.021716702,1591682655.750195503
-0.120785092,0.198814508,0.232628990,0.052226667,1591682655.770123720
0.058780033,0.064739215,0.087442885,0.026246567,1591682655.790976524
0.221585746,-0.039408557,0.225062829,0.046630955,1591682655.810762405
-0.212961856,0.112623248,0.240908173,-0.007061259,1591682655.830943346
0.133000284,0.213179718,0.251266129,0.064750412,1591682655.851960659
0.061174234,-0.070533179,0.093366034,0.039836159,1591682655.870539427
0.028852512,0.074316022,0.079720377,0.057156226,1591682655.891157627
-0.020228622,0.171281189,0.172471571,0.053159290,1591682655.910185575
0.103072763,-0.210593976,0.234464959,0.049695273,1591682655.931613207
0.028852512,0.147339172,0.150137601,0.029710579,1591682655.950474024
0.034838016,0.019249381,0.039802337,0.048229731,1591682655.970937014
-0.123179293,-0.071730280,0.142542525,0.067281806,1591682655.991508484
-0.035790933,-0.169892548,0.173621625,0.032908130,1591682656.010769129
-0.159092318,0.014460978,0.159748195,0.042101091,1591682656.032397032
0.184475620,-0.063350574,0.195050121,0.061419628,1591682656.051423311
-0.020228622,0.022840684,0.030510555,0.043166939,1591682656.070866823
-0.038185135,0.022840684,0.044494959,0.050228201,1591682656.090334654
-0.000000000,-30216306.368237499,30216306.368237499,4159655820770096005341249536.000000000,1591682656.112026453
-0.093251773,0.058753711,0.110217474,0.061552861,1591682656.130366087
-0.034593832,0.202405811,0.205340803,0.048496193,1591682656.150294781
-0.000000000,8711066358060161020461056.000000000,8711066358060161020461056.000000000,-968231286265874304.000000000,1591682656.171241522
0.081524948,0.123397156,0.147895826,0.037437994,1591682656.190728664
-0.092054672,-0.050182465,0.104844372,0.043166939,1591682656.209510565
0.046809024,0.144944971,0.152315887,0.052093438,1591682656.231209993
0.048006125,-0.196228766,0.202015635,0.048629426,1591682656.250900745
-0.001075009,0.038402997,0.038418040,0.026912721,1591682656.271755934
-0.056141647,0.152127576,0.162156356,0.022649321,1591682656.292072058
0.051597428,-0.053773767,0.074524577,0.052493133,1591682656.311050653
-0.217750259,0.075513123,0.230472139,0.055424222,1591682656.332156897
-0.047761941,0.188040601,0.194011522,0.040768778,1591682656.350893736
0.059977134,-0.052576666,0.079759403,0.066882111,1591682656.370676279
0.074342343,-0.001101333,0.074350501,0.039702926,1591682656.391204596
-0.481112442,-1.893717798,1.953877243,0.622456647,1591682656.411459208
0.966182462,-1.120390588,1.479453825,1.232389508,1591682656.430856705
-0.114799588,-0.511066302,0.523801213,1.319389559,1591682656.451105118
-0.228524167,-0.180666455,0.291313684,1.513774036,1591682656.470002174
0.787814438,-0.687040088,1.045311280,1.617960937,1591682656.491134882
-0.000000000,-28.877567462,28.877567462,-0.000000000,1591682656.510021925
0.660921750,0.032417490,0.661716294,1.662593406,1591682656.531286240
-0.259648788,0.202405811,0.329219692,1.731607124,1591682656.550191402
0.000000000,-0.782808154,0.782808154,1.764115547,1591682656.570863962
0.000000000,0.241910138,0.241910138,1.787164683,1591682656.590406179
0.660921750,0.208391315,0.692996753,1.795425014,1591682656.610481024
-0.000000000,-0.000000000,0.000000000,0.000000000,1591682656.630731583
0.326930619,0.014460978,0.327250285,1.782634778,1591682656.651182652
0.458611710,0.381970917,0.596847118,1.785299405,1591682656.672080040
0.000000000,-0.177075153,0.177075153,1.828999234,1591682656.689956903
0.451429105,0.129382660,0.469604205,1.847651622,1591682656.710570574
0.295805997,0.200011609,0.357079587,1.818740466,1591682656.731094599
0.689652170,0.002489970,0.689656665,1.835127836,1591682656.750464678
0.000000000,-0.241718597,0.241718597,1.837259564,1591682656.771396399
0.000000000,0.263457953,0.263457953,1.771709820,1591682656.790751457
0.477765323,0.215573920,0.524148661,1.748261076,1591682656.811132669
0.492130533,-0.032225954,0.493184523,1.804884433,1591682656.831274509
0.652542044,-0.062153473,0.655495365,1.751991501,1591682656.850065231
0.208417636,0.456191168,0.501545903,1.744663810,1591682656.871088505
-0.000000000,-598445882257845348284650045996793856.000000000,598445882257845348284650045996793856.000000000,-0.000000000,1591682656.890387535
0.000000000,0.232333331,0.232333331,1.747594886,1591682656.910145760
0.000000000,0.182055096,0.182055096,1.753323881,1591682656.931650639
0.487342130,0.196420306,0.525436284,1.747994627,1591682656.950525999
0.000000000,0.025234885,0.025234885,1.740800094,1591682656.970382214
0.607052213,-0.177075153,0.632351167,1.748660817,1591682656.990514517
0.000000000,0.227544928,0.227544928,1.738535208,1591682657.011080980
0.259892972,0.079104425,0.271664990,1.783700575,1591682657.030272722
0.609446415,-0.041802759,0.610878386,1.801553616,1591682657.052081347
0.487342130,0.039600098,0.488948381,1.737469410,1591682657.070764065
0.000000000,0.141353668,0.141353668,1.747594886,1591682657.091126680
0.000000000,0.039600098,0.039600098,1.740267195,1591682657.110353470
0.370026249,0.358028900,0.514882625,1.738668499,1591682657.130842686
0.000000000,-0.000000000,0.000000000,0.000000000,1591682657.150579691
0.000000000,0.000095768,0.000095768,1.736137030,1591682657.170964479
0.324536417,0.113820349,0.343917080,1.803951793,1591682657.189751387
0.556773978,-0.057365070,0.559721372,1.731873574,1591682657.211499453
0.528043558,0.322115875,0.618537498,1.735337682,1591682657.229609728
0.000000000,-0.159118640,0.159118640,1.747594886,1591682657.250980139
0.508889945,0.201208710,0.547223831,1.778637771,1591682657.271329403
0.000000000,0.176069592,0.176069592,1.744930259,1591682657.290010214
0.000000000,-0.000000000,0.000000000,0.000000000,1591682657.311421394
-0.000000000,267211969753262260224.000000000,267211969753262260224.000000000,0.000000000,1591682657.330651283
0.549591373,0.080301526,0.555426874,1.744530652,1591682657.350662470
0.725565195,-0.020254946,0.725847859,1.738401917,1591682657.371199608
0.237148056,0.101849341,0.258093954,1.744930259,1591682657.390913963
-0.000000000,-0.000000000,0.000000000,-0.000000000,1591682657.410104275
0.000000000,0.154521777,0.154521777,1.693902739,1591682657.430904150
0.688455069,0.007278373,0.688493542,1.734138593,1591682657.450620413
0.000000000,0.252684045,0.252684045,1.741333126,1591682657.471266985
0.000000000,0.124594257,0.124594257,1.744530652,1591682657.490374327
0.000000000,-0.168695447,0.168695447,1.717484641,1591682657.510850191
0.000000000,-0.262069312,0.262069312,1.738934949,1591682657.530376434
0.350872635,0.124594257,0.372337663,1.752524533,1591682657.550574541
0.000000000,0.076710223,0.076710223,1.737202828,1591682657.570572376
0.000000000,-0.050182465,0.050182465,1.746928829,1591682657.590695620
0.000000000,-0.290799731,0.290799731,1.777571973,1591682657.611449957
0.000000000,-0.037014358,0.037014358,1.741999183,1591682657.629902124
0.000000000,0.566324445,0.566324445,1.529495349,1591682657.650808334
0.000000000,2.180016327,2.180016327,1.117810548,1591682657.670397997
0.098284360,0.941017041,0.946135766,0.499084425,1591682657.691546202
0.189264023,0.954185150,0.972774471,0.380775041,1591682657.710553885
0.000000000,0.000885957,0.000885957,0.000000000,1591682657.730452299
-0.000000000,0.000000000,0.000000000,1093385053827121191461194758619136.000000000,1591682657.750536919
0.000000000,0.214376819,0.214376819,0.235686162,1591682657.770721674
0.055188730,0.061147913,0.082370281,0.065150103,1591682657.792204618
-0.294364712,0.168886987,0.339372065,0.098591156,1591682657.810798645
0.482553727,0.255078247,0.545823242,0.075675378,1591682657.829766750
-0.229721267,-0.047788263,0.234639252,0.031842280,1591682657.850752592
-0.000000000,-0.000000054,0.000000054,0.000000000,1591682657.870104790
-0.001075009,0.125791357,0.125795951,0.004929558,1591682657.890403509
-0.191414041,-0.029831753,0.193724723,0.047563574,1591682657.912670612
0.191658225,0.179660895,0.262699281,0.061419628,1591682657.930125475
0.026458310,0.109031946,0.112196290,0.034640138,1591682657.950348616
-0.177048831,-0.017860744,0.177947449,0.064084255,1591682657.970698357
0.049203226,0.070724719,0.086156505,0.049029116,1591682657.990674734
0.000000000,0.161704382,0.161704382,0.000000000,1591682658.009128094
-0.004666311,-0.071730280,0.071881899,0.031176123,1591682658.031008005
-0.026214126,-0.025043349,0.036253962,0.075009221,1591682658.050699472
0.168913309,0.149733374,0.225725030,0.032241973,1591682658.071156263
-0.142332907,0.118608752,0.185274641,0.046497722,1591682658.090473652
-0.000000000,139643347651760683801903104.000000000,139643347651760683801903104.000000000,0.000000000,1591682658.110045433
-0.036988034,0.253881146,0.256561398,0.026646259,1591682658.130454779
0.021669907,-0.057365070,0.061321579,0.047430341,1591682658.150141716
0.216797342,0.018052280,0.217547633,0.060753472,1591682658.170941353
0.025261209,0.282611566,0.283738306,0.018385919,1591682658.190655947
0.004910495,0.080301526,0.080451526,0.052626362,1591682658.210684776
-0.000000000,-129885872914541888.000000000,129885872914541888.000000000,0.000000800,1591682658.230678320
0.000122092,0.250289844,0.250289874,0.045032180,1591682658.251581430
-0.060930050,0.000095768,0.060930126,0.046897417,1591682658.270665884
0.255104569,-0.010678139,0.255327953,0.066615649,1591682658.290028095
-0.000000000,0.000439669,0.000439669,4144007722378923913307488256.000000000,1591682658.310263634
0.000000000,0.083892828,0.083892828,0.000000000,1591682658.329989433
0.291017594,0.016855180,0.291505295,0.032508437,1591682658.350870132
0.137788687,0.000095768,0.137788721,0.021450238,1591682658.391609430
0.212008939,0.002489970,0.212023560,0.027445647,1591682658.410854578
0.124620578,-0.193834564,0.230438987,0.023848401,1591682658.429527760
0.025261209,0.152127576,0.154210661,0.021716702,1591682658.451231480
-0.000000000,1933682935.413599968,1933682935.413599968,0.000000000,1591682658.469775438
0.137788687,0.134171063,0.192321597,0.051160820,1591682658.515097141
0.013290201,0.123397156,0.124110787,0.059287929,1591682658.530767918
