0.046416372,0.002681508,0.046493764,0.000532925,1591684107.141125679
-0.013438670,0.018243819,0.022659099,-0.002531395,1591684107.161271572
0.026065658,0.012258315,0.028804249,-0.001465544,1591684107.181520939
0.017685952,0.020638020,0.027179418,0.001199082,1591684107.200601339
-0.001467661,0.009864113,0.009972700,0.002664626,1591684107.220787287
-2.065269566,-3.302513898,3.895116997,0.455384563,1591684107.240309000
0.024868557,-1.284201898,1.284442665,1.903209048,1591684107.343204975
0.486949477,0.912478125,1.034280485,1.553610149,1591684107.362280130
0.117045321,0.408498676,0.424936201,1.340839732,1591684107.381788015
1.095076699,-0.192445923,1.111858089,1.593446263,1591684107.401856184
0.127819228,-0.240329956,0.272206251,1.785832303,1591684107.420803785
0.251120614,-0.389967578,0.463827850,1.541219654,1591684107.441586256
1.687641537,-0.393558881,1.732923123,1.367885743,1591684107.461453915
0.616236367,-0.133787982,0.630592169,1.367486002,1591684107.481333733
0.388787209,0.243298779,0.458639063,1.356161437,1591684107.501397371
0.336114773,-0.676074676,0.755016628,1.405856710,1591684107.521580458
-0.000000000,0.000000000,0.000000000,-0.000000000,1591684107.541171074
0.348085781,-0.983729590,1.043497780,1.459815307,1591684107.561931849
0.181688766,0.000287306,0.181688993,1.295141466,1591684107.580121994
0.496526284,0.645524640,0.814395734,1.393732664,1591684107.600987196
1.247108431,0.640736237,1.402077874,1.351764690,1591684107.621691942
-0.000000000,0.000000000,0.000000000,0.000000000,1591684107.640609026
-0.160682072,-1.227938159,1.238406577,1.352564171,1591684107.661912680
0.471387166,0.878959302,0.997384236,1.280752401,1591684107.680932760
-0.371371818,-0.452216821,0.585164148,1.308997500,1591684107.701714516
0.264288723,0.292379913,0.394125034,1.273558001,1591684107.721865416
0.443853847,0.408498676,0.603222518,1.381075586,1591684107.742669344
0.915511574,0.225342267,0.942836455,1.365620856,1591684107.761410236
1.229151919,0.299562518,1.265129299,1.337775498,1591684107.781376839
-0.228916819,-0.035625719,0.231672402,1.317657571,1591684107.800627470
0.903540566,0.537785565,1.051474616,1.324185914,1591684107.821731329
0.394772713,0.262452393,0.474053535,1.214936208,1591684107.841157198
0.393575613,0.038594533,0.395463400,1.319656008,1591684107.860786200
-0.220537113,-0.696425391,0.730510057,1.253972973,1591684107.881397724
0.945439095,0.839454974,1.264333713,1.220665202,1591684107.901713610
-0.388131230,0.084084369,0.397134779,1.165107644,1591684107.921283722
-0.011044468,-0.010486601,0.015229875,1.207741675,1591684107.941973925
-0.390525431,-0.951407867,1.028439129,1.338841295,1591684107.961372852
0.114651119,-0.173292310,0.207786197,1.258636037,1591684107.980548620
0.550395821,-0.563547198,0.787731556,1.293009738,1591684108.002056599
0.099088808,-0.024851811,0.102157743,1.266097019,1591684108.021971464
1.061557876,0.590458002,1.214720452,1.319789299,1591684108.042172670
0.810166701,0.513843549,0.959377546,1.209207213,1591684108.061066389
0.507300191,-0.500100854,0.712358301,1.317524280,1591684108.080918789
0.340903176,-0.109845966,0.358163526,1.309263949,1591684108.101193905
0.868824642,0.438426196,0.973177162,1.192153654,1591684108.121456623
-0.572484757,0.153516217,0.592710744,1.195351180,1591684108.141552448
0.868824642,0.272029199,0.910415369,1.227593153,1591684108.161515474
-0.398905137,-1.006474506,1.082643172,1.262366595,1591684108.180063725
-0.119980644,0.548559473,0.561527248,1.315525843,1591684108.202123642
0.582717544,-0.030837315,0.583532926,1.263832133,1591684108.220724106
0.544410317,0.492295734,0.733987522,1.357893425,1591684108.240875006
-0.343838499,0.461171112,0.575242304,1.489259495,1591684108.261873960
0.917905776,-0.204416931,0.940392097,1.297672802,1591684108.282080889
0.387590108,0.287591510,0.482633369,1.362290039,1591684108.301404238
0.021277254,-0.988517993,0.988746957,1.312328317,1591684108.321936369
0.296610445,1.112393964,1.151259348,1.305799974,1591684108.342056751
-0.000000000,2122723746654227791872.000000000,2122723746654227791872.000000000,-262716531001587034943913984.000000000,1591684108.361511230
0.051204775,0.055353944,0.075405492,1.261167506,1591684108.381718874
0.070358388,-0.834091986,0.837054206,1.307798411,1591684108.400713682
0.416320528,0.122391595,0.433938342,1.251708087,1591684108.421649933
0.904737667,0.189429242,0.924355821,1.283150578,1591684108.440885305
0.429488637,-0.138576386,0.451291374,1.181361855,1591684108.460912228
0.971775313,0.682634766,1.187576306,1.193485901,1591684108.480708361
0.692850820,0.055353944,0.695058500,1.084769227,1591684108.501396418
-0.020621275,0.197808948,0.198880911,1.231723318,1591684108.521554947
-0.243282029,-0.655723962,0.699399786,1.131533424,1591684108.541410923
-0.000000000,0.527011658,0.527011658,-0.000000000,1591684108.560879707
0.093103304,-0.143364789,0.170943523,1.071845766,1591684108.580807209
0.109862716,-0.160124200,0.194189536,1.129668145,1591684108.602292776
-0.000000000,-8487361768594051432448.000000000,8487361768594051432448.000000000,0.000000000,1591684108.621075869
0.767071072,0.538982666,0.937496850,1.206942327,1591684108.642012358
-0.000000000,0.670663757,0.670663757,1.225461424,1591684108.661051750
0.218798891,0.256466888,0.337117516,1.229591590,1591684108.681377411
1.196830270,-0.008092400,1.196857628,1.235320584,1591684108.701572180
0.496526284,-0.103860461,0.507272457,1.135530298,1591684108.721616268
0.234361202,0.131968402,0.268962511,1.254372714,1591684108.741576195
0.884386953,0.590458002,1.063381838,1.174966803,1591684108.780516863
-0.245676231,0.286394409,0.377330847,1.111015823,1591684108.802012920
0.356465487,-0.095480756,0.369031459,1.200680434,1591684108.821224928
-0.000000000,-605363716761683845183230934001909760.000000000,605363716761683845183230934001909760.000000000,68868044471623173230443871862784.000000000,1591684108.841406584
0.150564144,-0.457005225,0.481168720,1.261700405,1591684108.860966206
0.978957918,-0.453413922,1.078861803,1.253306783,1591684108.881356001
-0.123571946,0.278014703,0.304240367,1.185225571,1591684108.901986837
0.615039266,-0.036822820,0.616140584,1.270094026,1591684108.921375275
0.658134896,0.531800061,0.846139968,1.146988287,1591684108.940975428
0.089512002,0.087675671,0.125297334,1.297006745,1591684108.961776257
0.968184011,0.489901532,1.085073173,1.240116939,1591684108.982040644
0.782633382,0.200203149,0.807834335,1.114613022,1591684109.001890898
0.497723385,0.368994348,0.619584858,1.181761595,1591684109.021802187
0.467795864,0.202597351,0.509782951,1.140459944,1591684109.041106701
-0.582061564,-0.806558667,0.994651973,1.251841245,1591684109.060925007
0.010503347,0.558136279,0.558235100,1.248910168,1591684109.081238031
-0.197792198,0.012258315,0.198171692,1.204810599,1591684109.101346016
0.087117800,0.613202918,0.619360419,1.198149098,1591684109.121974230
0.233164101,0.081690167,0.247060279,1.236386382,1591684109.141850948
1.254291036,1.220133038,1.749848746,1.148986724,1591684109.160555840
-0.436015263,-1.668471265,1.724501572,1.262766202,1591684109.182609320
1.193238967,0.560530481,1.318337458,1.216002005,1591684109.200828552
0.933468087,0.376176953,1.006415307,1.193619192,1591684109.221545219
-0.000000000,-0.000000000,0.000000000,-0.000000000,1591684109.243794203
0.217601791,-0.591080518,0.629862459,1.152450699,1591684109.261271238
-0.238493626,0.103237982,0.259879377,1.198815155,1591684109.280888319
-0.530586228,0.808330353,0.966912460,1.198948446,1591684109.301162720
-0.560513749,-0.767054340,0.950025275,1.092763108,1591684109.323089123
0.048810573,0.008667012,0.049574078,1.138994406,1591684109.340032578
0.569549435,0.190626343,0.600603830,1.209873403,1591684109.361722231
0.563563930,0.489901532,0.746731421,1.140593102,1591684109.380385876
0.184082967,-0.865216608,0.884582567,1.221331259,1591684109.401688814
1.104653506,1.240483752,1.661041633,1.199614636,1591684109.420878649
1.394351833,1.065707031,1.754978208,0.776605204,1591684109.440937042
0.000000000,0.000000000,0.000000000,0.000000000,1591684109.460307360
0.240346706,0.878959302,0.911227740,-0.091263440,1591684109.480949879
-0.455168876,1.392515558,1.465018186,-0.199180783,1591684109.501118660
-0.391722532,0.073310457,0.398523481,-0.042634015,1591684109.521904707
0.326537966,-0.271454578,0.424634703,0.008260341,1591684109.541706800
0.208024984,-0.091889453,0.227416063,-0.060353777,1591684109.562664509
0.044022170,0.385753760,0.388257537,-0.050361430,1591684109.581231594
0.078738094,0.080493066,0.112600272,0.002797857,1591684109.602059126
0.117045321,0.397724768,0.414589675,0.001998469,1591684109.620461226
-0.011044468,0.906492621,0.906559900,-0.019984694,1591684109.640405416
-0.048154594,0.531800061,0.533975814,0.053026057,1591684109.660936117
0.077540993,-0.504889258,0.510808935,0.037304765,1591684109.681215048
-0.108009635,-0.150547394,0.185285183,-0.055290989,1591684109.700898409
-0.201383500,0.724533295,0.751999873,-0.004929558,1591684109.721285343
0.085920699,-0.637767450,0.643529088,-0.040902007,1591684109.741366386
-0.210960307,0.723336194,0.753471632,-0.064350717,1591684109.761956453
-0.079279215,0.171472729,0.188912919,0.015055137,1591684109.781344891
0.316961159,0.193020544,0.371108215,-0.033307825,1591684109.801802158
0.288230739,-0.030837315,0.289875662,-0.031975511,1591684109.820906401
0.131410531,-0.102663361,0.166758787,0.002131701,1591684109.841921091
-0.124769047,0.392936365,0.412269695,0.000532925,1591684109.861894131
-0.248070432,-2.144917395,2.159215036,0.539853211,1591684109.881573915
0.228375698,-0.892749927,0.921497635,1.168704910,1591684109.900445938
0.316961159,-0.646147156,0.719701691,1.083836588,1591684109.921456575
1.132186825,0.182246637,1.146761022,0.993239337,1591684109.941712618
0.607856661,1.059721527,1.221678941,0.739433718,1591684109.962100506
0.052401876,0.755657916,0.757472668,0.323352370,1591684109.981178284
1.043601363,1.265622870,1.640397834,-0.039303231,1591684110.001162291
0.144578640,0.243298779,0.283014627,-0.165206806,1591684110.020889759
-0.299545768,0.189429242,0.354416570,-0.074875988,1591684110.041211843
0.209222085,0.306745105,0.371303703,0.032774899,1591684110.061950922
0.000000000,-0.216387939,0.216387939,0.000000000,1591684110.080744982
0.072752590,0.620385522,0.624636803,-0.061153167,1591684110.100308895
-0.191806693,-0.085903949,0.210164926,-0.014255749,1591684110.121472597
-0.128360349,0.131968402,0.184097905,-0.018252688,1591684110.140340567
-0.097235728,0.355826239,0.368872741,-0.045831566,1591684110.160522223
-0.032592283,0.349840735,0.351355656,0.038770307,1591684110.181724787
-0.000000000,34003151988323682091008.000000000,34003151988323682091008.000000000,0.000000000,1591684110.200934887
0.126622127,0.159501721,0.203651571,-0.001332313,1591684110.220963717
0.172111959,-0.105057562,0.201642302,-0.016787143,1591684110.241905928
-0.085264720,-0.252300964,0.266319074,-0.026113333,1591684110.261497021
0.051204775,1.009443292,1.010741158,-0.034107212,1591684110.281689882
0.099088808,-0.161321301,0.189322883,0.003330782,1591684110.301427603
0.109862716,0.111617688,0.156615212,-0.003197551,1591684110.321104527
0.089512002,0.166684326,0.189198475,0.000000000,1591684110.341206551
-0.226522617,0.207385754,0.307117807,0.019052075,1591684110.360988855
0.029656960,-0.451019720,0.451993721,0.004396633,1591684110.381484270
0.020080154,0.252875586,0.253671588,0.013056667,1591684110.402014017
-0.017029972,0.136756805,0.137813075,-0.012124048,1591684110.420998335
0.124227926,-0.192445923,0.229058968,-0.000799388,1591684110.441529274
-0.061322703,-0.257089368,0.264301753,-0.023848401,1591684110.461421490
-0.055337199,-0.137379285,0.148105616,-0.043033710,1591684110.479831219
-0.054140098,0.377374054,0.381237887,0.002531395,1591684110.501794338
0.022474355,0.361811743,0.362509081,-0.046098027,1591684110.522122860
-0.000000000,-31638946076596.632812500,31638946076596.632812500,-1920372512769692416.000000000,1591684110.541232347
0.006912044,0.045777138,0.046296033,0.007460953,1591684110.561660290
-0.064914005,-0.191248822,0.201965195,0.002131701,1591684110.580963135
0.194856875,0.828681067,0.851282275,0.007327722,1591684110.600784063
-0.066111106,-0.715579004,0.718626460,-0.028511499,1591684110.620997190
-0.147513963,-0.029640215,0.150462326,-0.030776431,1591684110.641472101
-0.003861863,0.591655103,0.591667706,-0.019451770,1591684110.659955978
0.021277254,0.173866931,0.175164013,-0.039303231,1591684110.681360722
0.012897549,-0.205614032,0.206018147,-0.001465544,1591684110.701953650
-0.009847367,-0.000909795,0.009889306,-0.008127109,1591684110.721460819
-0.171455979,0.000287306,0.171456220,0.000666156,1591684110.740360260
0.230769900,-0.561152997,0.606751541,1.150185812,1591684110.780635118
-1.065690299,-2.931412640,3.119114599,1.142325090,1591684110.800813913
0.665317501,0.258861090,0.713902263,1.139660463,1591684110.821381330
1.006491238,0.889733209,1.343372545,1.213870410,1591684110.841251135
0.085920699,-0.527634174,0.534584126,1.245046453,1591684110.861627102
0.506103091,0.056551045,0.509252746,1.276222628,1591684110.881606817
0.472584267,-0.443837115,0.648326519,1.353363519,1591684110.901013374
1.345270699,-0.182869116,1.357642946,1.247844371,1591684110.920324802
0.160140951,-1.013657111,1.026228952,1.363489128,1591684110.941327572
0.567155233,1.145912787,1.278585614,1.376412522,1591684110.962592363
0.407940822,0.187035040,0.448773686,1.528162968,1591684110.980764866
0.067964187,-0.370813965,0.376990885,1.414250199,1591684111.000686407
0.727566744,0.061339449,0.730147858,1.345502929,1591684111.022234917
0.508497292,-0.567138501,0.761718830,1.335776928,1591684111.041644573
-0.870562864,-0.700016693,1.117095820,1.341239473,1591684111.061459780
0.871218844,0.465959515,0.987998251,1.155781516,1591684111.079992056
1.115427413,-0.117028571,1.121549821,1.209074055,1591684111.101750612
-0.038577787,-0.279834283,0.282480923,1.237052572,1591684111.120580673
0.205630782,-0.030837315,0.207930177,1.211871840,1591684111.140512466
-0.829861436,-1.238712067,1.490998855,1.225461424,1591684111.161810398
-0.000000000,-0.206811133,0.206811133,1.186025052,1591684111.181879282
0.072752590,0.558136279,0.562857927,1.333645333,1591684111.202051878
0.212813387,-0.221176343,0.306934052,1.313793855,1591684111.220964670
0.713201534,0.603626111,0.934355880,1.306466164,1591684111.241256237
-0.131951652,-1.229135260,1.236197689,1.384406403,1591684111.262973309
0.486949477,0.176261133,0.517868497,1.290078662,1591684111.281056881
0.779042080,0.288788611,0.830846210,1.223596279,1591684111.300169468
1.045995565,0.453988507,1.140268515,1.213603828,1591684111.321531057
0.700033425,-0.221176343,0.734142882,1.245446193,1591684111.341542959
-0.236099424,0.008667012,0.236258450,1.258502879,1591684111.361748219
-1.021397569,-0.439048712,1.111762909,1.307665253,1591684111.380994320
0.028459859,-0.441442914,0.442359367,1.117677390,1591684111.400774002
-0.147513963,-0.097874957,0.177030722,1.281818332,1591684111.420908213
0.097891707,0.129574200,0.162395381,1.220531911,1591684111.441764832
0.221193093,0.075704659,0.233789606,1.228525792,1591684111.461766243
0.343297378,-0.878384717,0.943086847,1.323119983,1591684111.481023550
0.085920699,-0.990912195,0.994630255,1.235587034,1591684111.502282381
0.374421999,0.151122015,0.403769361,1.208541156,1591684111.521652937
0.228375698,-0.570729803,0.614725929,1.226926963,1591684111.541098118
0.527650905,0.245692981,0.582048554,1.262633044,1591684111.560670376
0.521665401,-0.079918445,0.527751598,1.188556388,1591684111.580903530
-0.377357322,-0.807755768,0.891553660,1.283816768,1591684111.603332281
1.255488137,1.479903918,1.940712774,1.185225571,1591684111.621954441
0.297807546,0.506660944,0.587702855,1.266363468,1591684111.641093493
0.367239394,0.243298779,0.440521360,1.184825963,1591684111.661012411
0.182885866,0.130771301,0.224829654,1.206009688,1591684111.681583643
1.502090908,0.659889850,1.640649783,1.274224191,1591684111.701375246
-0.430029759,-0.258286469,0.501634820,1.141126001,1591684111.720373869
0.804181197,1.248863458,1.485384575,1.133531861,1591684111.740396261
0.728763845,-0.121816974,0.738874899,1.141659033,1591684111.762081385
0.385195907,0.301956720,0.489442282,1.173101524,1591684111.780690670
0.466598763,-0.628190643,0.782520217,1.248777010,1591684111.800872087
-0.052942997,-0.541999384,0.544579005,1.308997500,1591684111.821573734
0.100285909,0.974727368,0.979872801,1.291677491,1591684111.840959311
0.640178384,-0.024851811,0.640660577,1.471140005,1591684111.861789942
0.254711916,0.252875586,0.358920914,1.392267126,1591684111.881333828
-0.000000000,0.000000000,0.000000000,-0.000000000,1591684111.901728153
1.763058889,0.714956488,1.902508719,1.326184351,1591684111.921353102
-0.497067405,-0.898735431,1.027035238,1.300070980,1591684111.940944672
1.506879311,0.378571155,1.553705692,1.134198051,1591684111.960745573
0.345691579,-0.539605182,0.640840402,1.132865671,1591684111.980732918
0.263091622,0.383359558,0.464953495,1.252107694,1591684112.001451492
0.526453805,-0.391164679,0.655868443,1.213870410,1591684112.021203756
-0.322290684,-0.810149969,0.871902665,1.224662076,1591684112.041130304
0.423503133,0.351037836,0.550074964,1.244380263,1591684112.060319424
0.676091408,0.565318884,0.881297358,1.324052622,1591684112.081621170
0.029656960,0.392936365,0.394053958,1.284749408,1591684112.101361275
0.367239394,0.210977057,0.423528147,1.223196538,1591684112.120109558
1.790592208,0.591655103,1.885809168,1.341905663,1591684112.142301083
-0.980696140,-0.800573163,1.265970896,1.227193545,1591684112.160616636
0.897555062,1.063312830,1.391488147,1.097426172,1591684112.181026220
0.735946450,-0.184066217,0.758615548,1.145256299,1591684112.201143742
0.703624728,-0.022457610,0.703983026,1.233855046,1591684112.220592499
1.049586867,-0.180474915,1.064990041,1.159378782,1591684112.241883039
0.601871157,-0.271454578,0.660254858,1.158845883,1591684112.261516333
0.898752163,0.685028967,1.130053156,1.198015807,1591684112.281932354
0.605462459,0.383359558,0.716623570,1.339640644,1591684112.301691294
0.168520656,-0.327718335,0.368508506,1.247844371,1591684112.319953918
-0.031395182,-0.283425586,0.285159114,1.264231740,1591684112.340034962
1.257882339,-0.020063408,1.258042336,1.316858090,1591684112.361852646
-0.000000000,2389576663626341614088442896168517632.000000000,2389576663626341614088442896168517632.000000000,68866542844970480745589770289152.000000000,1591684112.380926847
0.095497506,1.254848962,1.258477529,1.147654344,1591684112.401193857
-0.000000000,9325737250831271360276286834475008.000000000,9325737250831271360276286834475008.000000000,0.000000000,1591684112.421415806
1.086696993,0.088872772,1.090325055,1.296207264,1591684112.441295624
1.030433254,-0.255892267,1.061731390,1.188423229,1591684112.461585522
0.571943636,-0.440245813,0.721758892,1.228925533,1591684112.482366085
1.086696993,0.614400018,1.248358017,1.198681997,1591684112.501108885
0.805378298,-0.182869116,0.825878512,1.257836689,1591684112.521117210
-0.031395182,-0.196037225,0.198535264,1.152317541,1591684112.540078163
0.076343893,0.121194495,0.143235804,1.164441587,1591684112.562057495
0.637784182,-0.509677661,0.816418998,1.265564120,1591684112.580616236
-1.130333744,0.171472729,1.143266054,1.252907176,1591684112.600903034
0.571943636,1.144715686,1.279645859,1.080239388,1591684112.620681524
0.866430440,0.260058191,0.904617030,1.142591672,1591684112.641094685
0.522862502,0.069719154,0.527490243,1.240916288,1591684112.661826611
1.030433254,-0.162518402,1.043170610,1.150452262,1591684112.682769060
-0.000000000,-0.228358948,0.228358948,0.000000000,1591684112.700305223
1.019659347,0.335475525,1.073428624,1.218267025,1591684112.720303059
0.684471114,-0.674877576,0.961228614,1.319522717,1591684112.741976500
-0.105615434,-0.702410895,0.710306754,1.111282272,1591684112.760722160
0.064372884,-0.089495251,0.110241863,1.214136860,1591684112.780572176
0.635389980,-0.452216821,0.779884915,1.188956128,1591684112.800855160
0.055993178,0.058945247,0.081300542,1.124338891,1591684112.821174383
0.000000000,0.141545209,0.141545209,0.000000000,1591684112.840578794
1.002899935,0.284000208,1.042336029,1.175632993,1591684112.861323595
0.137396035,0.219356763,0.258834039,1.310995937,1591684112.880495787
0.807772500,0.522223254,0.961880210,1.267029659,1591684112.901377916
1.144157833,-0.198431427,1.161237348,1.286081655,1591684112.920443296
0.577929140,0.232524872,0.622952572,1.331513605,1591684112.940829515
0.720384139,-0.615022534,0.947209600,1.361224109,1591684112.961028576
0.399561117,-0.521648669,0.657089355,1.217334385,1591684112.981013298
-0.061322703,0.090069873,0.108963553,1.290878010,1591684113.000897169
0.897555062,0.181049536,0.915633127,0.826833443,1591684113.021985292
-0.446789170,1.817486353,1.871597501,0.287646388,1591684113.042482853
0.457021957,0.983107074,1.084144173,-0.198514626,1591684113.061351538
-0.048154594,1.106408460,1.107455888,-0.186390580,1591684113.081650496
0.389984310,0.143939410,0.415699791,-0.110182287,1591684113.100022793
-0.046957493,0.566515985,0.568458765,0.028111804,1591684113.121212006
-0.007453166,-0.155335797,0.155514499,0.018785613,1591684113.140462875
0.269077126,-0.391164679,0.474776059,0.003996939,1591684113.161779881
-0.000000000,-0.000000000,0.000000000,-0.000000796,1591684113.180757046
-0.036183585,0.875367999,0.876115510,-0.031575818,1591684113.200836420
0.060781582,0.345052332,0.350364827,-0.043699867,1591684113.221351862
0.045219271,-0.344477747,0.347433016,0.018519150,1591684113.241260529
0.324143764,-0.108648865,0.341868039,-0.038104151,1591684113.261013031
-0.136740055,0.439623297,0.460398182,0.003863708,1591684113.282033443
-0.008650266,0.240904578,0.241059832,0.036905070,1591684113.299895287
0.071555489,-0.752689130,0.756082743,0.016920375,1591684113.321853876
0.009306246,0.056551045,0.057311665,0.013456361,1591684113.341504812
0.095497506,0.427652289,0.438185182,0.012523742,1591684113.362628937
0.073949691,0.276817603,0.286524941,0.012257279,1591684113.381053209
0.148169942,-0.264271973,0.302975259,-0.022382857,1591684113.401434422
-0.040971989,-0.598263123,0.599664463,0.013722823,1591684113.421587706
-0.067308207,0.334278424,0.340987477,-0.016520681,1591684113.440012693
0.397166915,-0.503692157,0.641441616,1.014023388,1591684113.481366873
0.956213003,-0.397150183,1.035408892,0.989375621,1591684113.502161741
-0.528192027,-0.923874548,1.064204397,0.991107609,1591684113.520777702
0.843685525,0.067324953,0.846367481,1.222130741,1591684113.542250872
1.555960445,-0.349266150,1.594678573,1.185225571,1591684113.561174631
-0.240887827,-0.954999170,0.984911346,1.350565601,1591684113.581623077
1.085499892,0.544968170,1.214619415,1.301136910,1591684113.601919651
0.411532125,0.000287306,0.411532225,1.326450800,1591684113.620572805
0.180491665,-0.247512561,0.306332677,1.298871891,1591684113.639932871
-0.024212577,-0.342083545,0.342939354,1.306732614,1591684113.661821604
0.167323556,-1.144141101,1.156311390,1.274623799,1591684113.680131674
-0.488687699,-0.309761822,0.578591440,1.246378833,1591684113.701641560
0.623418972,0.212174158,0.658535563,1.170170448,1591684113.721800804
0.732355147,0.185837939,0.755565882,1.236253224,1591684113.740918636
0.400758218,-0.441442914,0.596220593,1.169504391,1591684113.761898994
-0.000000000,0.000000000,0.000000000,-262707114416168650900766720.000000000,1591684113.781490088
-0.341444297,-1.312932318,1.356604393,1.233455305,1591684113.801151514
0.228375698,-0.308564722,0.383884940,1.133798310,1591684113.821169138
-0.324684886,-0.180474915,0.371472031,1.228525792,1591684113.841191292
0.798195693,0.172669830,0.816658579,1.205609947,1591684113.861416101
0.327735067,-0.540802283,0.632358587,1.229058691,1591684113.882037640
0.679682711,-0.393558881,0.785402559,1.244646845,1591684113.900450468
-0.395313834,-0.690439886,0.795600568,1.165907125,1591684113.920482635
0.712004433,0.043382936,0.713324885,1.187490590,1591684113.941046238
0.774253676,-0.173292310,0.793409718,1.136729386,1591684113.961587429
0.434277041,-0.640161652,0.773565439,1.166306732,1591684113.979628563
-0.064914005,-0.223570544,0.232803815,1.225328266,1591684114.001007795
-0.877745469,-1.099848370,1.407161521,1.235986774,1591684114.020884991
0.361253890,-0.318141528,0.481371380,1.219999012,1591684114.041306734
0.150564144,0.099646680,0.180551993,1.238917851,1591684114.061530113
-0.459957279,0.044580037,0.462112625,1.226127615,1591684114.081472874
-0.108009635,-0.397150183,0.411575448,1.201746364,1591684114.101413012
0.459416158,-0.336098041,0.569232026,1.263565683,1591684114.120664120
-0.362992112,-0.448625519,0.577085894,1.237052572,1591684114.142033100
0.550395821,0.295971216,0.624927612,1.177764722,1591684114.160892010
0.843685525,-0.175686511,0.861783624,1.231323710,1591684114.180758953
0.355268386,0.097252478,0.368339070,1.163242498,1591684114.199644804
0.360056789,-0.346871948,0.499961038,1.234521236,1591684114.221359015
-0.667055723,-0.460596527,0.810624758,1.255438511,1591684114.241579294
0.379210403,-0.035625719,0.380880193,0.839623612,1591684114.261756659
0.091906203,1.161475098,1.165105640,0.567565345,1591684114.280016899
0.144578640,0.803541949,0.816445128,-0.090197585,1591684114.302122116
-0.177441483,1.452370599,1.463169791,-0.185058267,1591684114.320430517
-0.488687699,-0.083509747,0.495771666,-0.003064320,1591684114.341201544
0.000000000,0.074507558,0.074507558,0.018652383,1591684114.361620665
0.072752590,0.287591510,0.296651000,-0.034640138,1591684114.380876541
-0.000000000,-0.000000000,0.000000000,-7497855184004196.000000000,1591684114.401626110
-0.092447324,0.634750732,0.641447582,-0.021050546,1591684114.421771765
-0.042169090,-0.095480756,0.104378191,-0.062352247,1591684114.441435814
-0.264829844,-0.006895299,0.264919594,-0.028911191,1591684114.460015059
-0.103221232,0.306745105,0.323646693,-0.003330782,1591684114.481684923
-0.076885014,0.395330566,0.402737585,0.017986226,1591684114.501548529
-0.014635771,-0.105057562,0.106072132,0.001732007,1591684114.520397186
0.023671456,0.276817603,0.277827866,-0.000666156,1591684114.540779829
0.163732253,-0.298987897,0.340884164,0.009859116,1591684114.561537981
-0.191806693,-0.234344452,0.302831851,-0.015721293,1591684114.579244614
0.000000000,0.991486780,0.991486780,0.000000000,1591684114.600782394
0.047613473,-0.234344452,0.239132526,0.002398163,1591684114.621285677
0.111059817,-0.166109705,0.199816708,-0.039436464,1591684114.641150236
-0.075687913,0.446805902,0.453171242,-0.003330782,1591684114.661360264
-0.394116734,0.422863886,0.578050054,0.013589593,1591684114.680632353
-0.257647239,-0.628190643,0.678973920,0.007727415,1591684114.702394724
0.126622127,0.157107520,0.201781902,0.015721293,1591684114.720345736
0.173309060,0.298365417,0.345047754,0.008926497,1591684114.740615129
0.097891707,-0.017669206,0.099473550,-0.024248096,1591684114.760659933
-0.198989298,-0.703607996,0.731205137,-0.019851463,1591684114.781535864
-0.069702409,-0.079918445,0.106044253,-0.040902007,1591684114.799888849
-0.096038627,0.677846362,0.684616030,-0.019185306,1591684114.821150541
0.067964187,0.391739264,0.397591224,-0.040902007,1591684114.840641737
0.029656960,-0.169701007,0.172272944,-0.013989286,1591684114.861960649
0.054796078,0.153516217,0.163002574,0.004929558,1591684114.880303383
0.051204775,0.167881427,0.175516673,-0.004929558,1591684114.900491238
0.053598977,0.691014471,0.693090074,0.037571227,1591684114.920501232
0.291822042,-0.752689130,0.807280020,-0.015055137,1591684114.940638542
0.000000000,0.000000000,0.000000000,0.000000000,1591684114.960348845
-0.208566105,0.257663989,0.331497438,-0.029044422,1591684114.981101990
-0.181032786,0.202597351,0.271695705,-0.028378266,1591684115.000800371
0.041627968,-0.108648865,0.116350606,0.002264932,1591684115.021574259
0.243938009,-0.388770477,0.458964308,-0.001865238,1591684115.041800737
0.166126455,0.011061214,0.166494293,-0.005196020,1591684115.060788870
-0.382145725,0.412089978,0.562008457,0.037437994,1591684115.081547022
-0.063716905,-0.679665979,0.682646092,0.008926497,1591684115.100392818
0.000000000,-0.078721344,0.078721344,0.000000000,1591684115.120105982
0.130213430,0.428849390,0.448182258,-0.000932619,1591684115.140860796
-0.000000000,-0.000000027,0.000000027,0.000000000,1591684115.160733461
-0.036183585,0.058945247,0.069164977,-0.026513028,1591684115.181338072
0.214010488,0.173866931,0.275735741,-0.022116395,1591684115.201244116
-0.130754551,0.056551045,0.142459725,-0.024647789,1591684115.219643593
-0.061322703,0.401316071,0.405974214,-0.038370613,1591684115.241819859
-0.012241569,0.139151007,0.139688435,-0.036638608,1591684115.261075497
-0.255253037,0.007469911,0.255362316,0.004396633,1591684115.281026840
0.073949691,-0.644950055,0.649175731,0.019451770,1591684115.301602602
0.315764059,0.370191449,0.486568237,-0.006528333,1591684115.320657015
-0.000000000,-9561489094379601601614204356180049920.000000000,9561489094379601601614204356180049920.000000000,-7477604224647620.000000000,1591684115.340727568
-0.109206736,0.139151007,0.176887292,-0.025713641,1591684115.361248493
0.261894521,-0.703607996,0.750768241,-0.026779490,1591684115.381378174
0.059584481,0.420469684,0.424670537,-0.018652383,1591684115.402751446
-0.142725559,-0.190051721,0.237676760,-0.010924967,1591684115.421152592
0.000000000,-0.231950250,0.231950250,0.000000000,1591684115.439679623
0.022474355,0.336672626,0.337421922,0.008926497,1591684115.459850550
-0.040971989,0.209779956,0.213743617,0.010258810,1591684115.480437517
0.090709103,-0.316944427,0.329669397,0.045298642,1591684115.500087976
0.133804732,0.219356763,0.256945706,-0.019585001,1591684115.520808935
-0.251661735,0.093661176,0.268525687,-0.017453300,1591684115.541441202
0.117045321,0.792768042,0.801361826,0.010791735,1591684115.560024261
0.358859688,-0.546787787,0.654031467,-0.038370613,1591684115.581461906
-0.105615434,0.487507330,0.498816617,-0.048762654,1591684115.599860191
-0.062519804,-0.219979242,0.228691042,-0.015321599,1591684115.621962070
-0.000000000,-1977927714643.148681641,1977927714643.148681641,-0.000001599,1591684115.641312838
0.034445364,0.220553864,0.223227440,0.010525273,1591684115.660521030
0.121833724,0.323504517,0.345685737,0.001465544,1591684115.681809187
-0.198989298,-0.970561481,0.990750387,0.023182247,1591684115.701690197
0.169717757,0.457579810,0.488040366,-0.005196020,1591684115.720610142
-0.239690727,-0.000909795,0.239692453,-0.004396633,1591684115.741533518
-0.079279215,-0.291805292,0.302383072,0.004263402,1591684115.760967731
-0.122374845,-2.135340588,2.138844321,0.415148709,1591684115.781267405
-0.189412492,-0.698819592,0.724034471,1.120342017,1591684115.801639795
0.463007461,-1.085483160,1.180105758,1.196417110,1591684115.819978714
-0.006256065,-0.298987897,0.299053341,1.047331225,1591684115.840491772
-0.246873332,-0.782616650,0.820631015,1.217067936,1591684115.860307932
0.644966787,-0.287016888,0.705946776,1.338841295,1591684115.880604029
1.025644851,0.574895691,1.175777366,1.345103189,1591684115.900735617
0.585111745,-0.163715503,0.607584167,1.252240985,1591684115.920671940
0.885584054,0.242101678,0.918080791,1.285149149,1591684115.941445827
0.091906203,0.054156844,0.106675742,1.262100145,1591684115.960514069
-0.175047282,-0.806558667,0.825335346,1.405590128,1591684115.980953217
0.556381325,-0.482144342,0.736222348,1.253173625,1591684115.999862432
-0.014635771,-0.552773291,0.552967013,1.398662178,1591684116.021793365
0.436671242,-0.181672015,0.472955067,1.389868949,1591684116.040814400
0.419911831,0.635947833,0.762073220,1.376412522,1591684116.060023546
0.107468514,-0.134985083,0.172541167,1.276089337,1591684116.080906391
0.027262759,-0.372011066,0.373008701,1.337509049,1591684116.100630045
0.178097463,-0.953802069,0.970287119,1.328715686,1591684116.120862246
0.550395821,0.378571155,0.668020718,1.245312902,1591684116.140801907
0.023671456,0.020638020,0.031404868,1.137262418,1591684116.160971403
1.256685238,0.390542163,1.315971492,1.264631481,1591684116.181626320
0.818546407,-0.154138696,0.832932745,1.304467594,1591684116.199778318
0.893963759,0.301956720,0.943583099,1.224395627,1591684116.219933033
1.466177883,0.397724768,1.519165092,1.301802967,1591684116.241170406
0.911920272,0.494689935,1.037456849,1.323919464,1591684116.260153532
0.000000000,-0.502495056,0.502495056,0.000000000,1591684116.280013323
0.581520443,-0.273848779,0.642774595,1.222663639,1591684116.300848007
-0.074490812,-0.194840125,0.208594236,1.248110820,1591684116.321172714
0.245135110,-0.148153192,0.286427286,1.347501366,1591684116.342312098
0.575534939,-0.271454578,0.636339574,1.247577922,1591684116.360943079
0.330129269,0.297168317,0.444178278,1.225461424,1591684116.381108761
0.713201534,0.181049536,0.735822915,1.269294545,1591684116.401390553
-0.594032572,-0.340886444,0.684892886,1.417714174,1591684116.420469761
1.012476742,0.127179999,1.020433195,1.267562557,1591684116.442684412
0.600674056,-0.476158838,0.766509335,1.339507485,1591684116.459935188
-0.440803666,0.437229095,0.620868065,1.281951490,1591684116.480709553
0.200842379,-0.229556049,0.305014165,1.277954616,1591684116.500621080
1.263867843,1.482298120,1.947965513,1.211605391,1591684116.521413088
-0.469534086,-1.996476892,2.050946669,1.263299101,1591684116.539816141
0.743129055,1.677425555,1.834665443,1.313527406,1591684116.561192274
1.123807119,0.312730609,1.166508840,1.186957691,1591684116.581403255
-0.000000000,-0.001754561,0.001754561,-0.000000000,1591684116.599727869
-0.463548582,-0.457005225,0.650946283,1.194684990,1591684116.621469021
-0.280392155,0.237313275,0.367338197,1.212538030,1591684116.640508890
-0.285180558,0.570107288,0.637456093,1.183360425,1591684116.660160542
-0.351021104,-0.737126819,0.816438462,1.154182686,1591684116.680308104
0.157746749,-0.010486601,0.158094926,1.203478352,1591684116.700834751
0.154155447,0.191823444,0.246089689,1.192153654,1591684116.720692158
-0.029000980,-0.422289301,0.423283959,1.172835075,1591684116.742243052
0.696442123,-0.545590686,0.884703807,1.276489078,1591684116.761597872
-0.123571946,-0.564744299,0.578105656,1.200014244,1591684116.781705379
0.507300191,0.140348108,0.526356415,1.146188805,1591684116.801292896
0.813758004,0.281606006,0.861106283,1.117144491,1591684116.822973728
0.744326156,-0.261877771,0.789050945,1.232522799,1591684116.840452909
-0.000000000,-123404538790.758392334,123404538790.758392334,-0.000000000,1591684116.862215757
0.490540780,-0.521648669,0.716063957,1.326983699,1591684116.881152391
-0.003861863,-0.345674847,0.345696419,1.329248718,1591684116.900467396
0.648558089,-0.227161847,0.687190003,1.460481497,1591684116.920816422
-0.245676231,-0.436654510,0.501022925,1.429172163,1591684116.940889359
1.146552035,1.451173499,1.849455620,1.273691159,1591684116.962180376
-0.189412492,-0.963378876,0.981822769,1.363222679,1591684116.981703758
1.028039052,0.872973798,1.348683634,1.269560994,1591684117.001379490
-0.026606779,0.067324953,0.072391781,1.412784661,1591684117.020356417
0.295413344,0.154713318,0.333474519,1.556807675,1591684117.041458130
0.239149605,-0.182869116,0.301054227,1.671253344,1591684117.060365438
0.555184225,-0.193643024,0.587985666,1.746262639,1591684117.080774069
0.126622127,-0.197234326,0.234381191,1.553610149,1591684117.100812674
0.079935195,0.103237982,0.130566904,1.364688217,1591684117.121000290
0.646163888,-0.097874957,0.653534450,1.450888786,1591684117.139251947
0.194856875,-0.014077904,0.195364759,1.350299151,1591684117.160915375
-0.955557023,-0.476158838,1.067621873,1.362156748,1591684117.180879354
0.315764059,-0.266666174,0.413301088,1.315925583,1591684117.201006174
0.072752590,-0.169701007,0.184638488,1.328715686,1591684117.221888065
0.010503347,-0.176883612,0.177195182,1.291677491,1591684117.239959717
0.120636623,0.431243591,0.447799319,1.486061836,1591684117.261196375
0.008109145,-0.026048912,0.027281936,1.611166145,1591684117.280935049
0.491737881,-0.176883612,0.522583922,1.636346744,1591684117.303365231
0.532439309,-0.383982074,0.656455521,1.493389660,1591684117.320909739
0.988534725,-0.507283459,1.111097390,1.430104802,1591684117.342175484
1.056769472,0.196611847,1.074903687,1.267162817,1591684117.361618280
0.567155233,0.512646448,0.764507318,1.319656008,1591684117.381447315
-0.115192240,-0.018866307,0.116726988,1.195084730,1591684117.400429487
1.031630355,0.498281238,1.145663730,1.283417028,1591684117.421636343
-0.000000000,-0.000000000,0.000000000,-0.000000810,1591684117.441558599
-0.634734001,-0.571926904,0.854393139,1.209074055,1591684117.460587025
0.715595736,-0.093086554,0.721624808,1.389335917,1591684117.480592728
0.828123214,0.397724768,0.918680058,1.305799974,1591684117.500985384
-0.209763206,-0.222373444,0.305696828,1.326184351,1591684117.519647121
1.022053548,0.093661176,1.026336140,1.211072492,1591684117.540604353
0.506103091,0.355826239,0.618670066,1.355361956,1591684117.561644554
-0.328276188,-0.014077904,0.328577910,0.906638961,1591684117.580490351
0.418714730,2.383715045,2.420210619,0.328148692,1591684117.601614952
0.573140737,1.104014258,1.243920329,-0.201712185,1591684117.619968653
-0.000000000,0.471945020,0.471945020,-0.222363044,1591684117.641639948
-0.462351481,-0.008092400,0.462422295,-0.052626362,1591684117.660396814
-0.164273374,0.741292706,0.759276378,0.087399733,1591684117.680965662
0.380407503,-0.454611023,0.592774030,0.022915783,1591684117.700823307
-0.365386314,0.188232141,0.411021286,-0.078206772,1591684117.720845938
0.355268386,0.158304620,0.388942128,0.052226667,1591684117.739694118
0.297807546,0.197808948,0.357516034,0.007327722,1591684117.761577129
0.015291750,-0.452216821,0.452475293,-0.032641668,1591684117.780808210
0.186477169,0.373782751,0.417716746,-0.012257279,1591684117.800688267
-0.034986485,-0.363631360,0.365310580,-0.007727415,1591684117.820390940
-0.172653080,0.245692981,0.300290071,0.029177653,1591684117.841899872
0.063175783,-0.397150183,0.402143566,0.000932619,1591684117.861141920
-0.152302366,0.532997162,0.554330213,-0.007460953,1591684117.881354332
0.054796078,0.395330566,0.399110094,0.015188368,1591684117.901605844
0.173309060,0.216962561,0.277684683,0.036771837,1591684117.921085835
-0.000000000,-9551146164788338855257323745549746176.000000000,9551146164788338855257323745549746176.000000000,0.000000000,1591684117.941248655
0.057190279,0.458776910,0.462327786,-0.007727415,1591684117.959630251
-0.000000000,-0.449579057,0.449579057,-1927054354260086528.000000000,1591684117.981188059
-0.043366190,0.400118970,0.402462193,-0.051693743,1591684117.999840260
0.129016329,0.037397432,0.134327142,0.034107212,1591684118.020313501
-0.225325517,0.254072687,0.339594639,-0.013056667,1591684118.040563822
0.036839565,-0.658118164,0.659148444,-0.008926497,1591684118.060501575
0.106271413,0.424060986,0.437174260,0.040369083,1591684118.081054688
-0.123571946,0.056551045,0.135897191,-0.022782552,1591684118.100519419
0.178097463,-0.302579199,0.351102376,0.004130170,1591684118.119793415
0.167323556,-0.285819788,0.331194993,-0.009592653,1591684118.141335726
-0.096038627,0.536588464,0.545115215,-0.022782552,1591684118.159644365
-0.029000980,-0.121816974,0.125221532,0.003064320,1591684118.181518316
-0.097235728,-0.142167688,0.172239479,-0.004529864,1591684118.201790094
0.388787209,0.810724554,0.899127242,-0.008926497,1591684118.220540285
-0.006256065,0.395330566,0.395380064,0.021183777,1591684118.240823984
-0.009847367,-0.586292114,0.586374807,0.032774899,1591684118.260490656
0.246332210,0.033806129,0.248641132,0.023981634,1591684118.280753136
0.034445364,0.091266974,0.097550723,-0.021583469,1591684118.300649405
-0.015832871,0.620385522,0.620587525,-0.023981634,1591684118.320961475
0.204433681,-0.356448755,0.410912211,0.011457891,1591684118.339919806
0.300201748,0.178655334,0.349340547,-0.047963269,1591684118.359855175
0.129016329,-0.288213989,0.315772888,-0.023182247,1591684118.380606890
-0.072096610,0.358220441,0.365403620,-0.032774899,1591684118.400695801
-0.000000000,8897420945292353173113012224.000000000,8897420945292353173113012224.000000000,-0.000000000,1591684118.420006275
-0.206171903,0.140348108,0.249408190,0.022782552,1591684118.440782309
0.212813387,-0.698819592,0.730505551,0.008926497,1591684118.464702129
-0.017029972,0.368994348,0.369387126,0.014522211,1591684118.480899811
-0.243282029,0.224145166,0.330797825,-0.007061259,1591684118.500916719
0.179294564,-0.217585040,0.281939338,-0.020917315,1591684118.521173000
0.385195907,-0.480947241,0.616186770,0.004130170,1591684118.541519880
-0.014635771,0.342658130,0.342970552,-0.002131701,1591684118.560480833
0.011700448,0.145136511,0.145607374,-0.027179185,1591684118.581872702
-0.017029972,0.054156844,0.056771328,-0.021183777,1591684118.600657225
0.257106118,0.993880981,1.026597760,0.000399694,1591684118.620391130
0.214010488,0.446805902,0.495414981,0.032908130,1591684118.641421795
-0.005058964,-0.551576190,0.551599390,0.046630955,1591684118.660497427
-0.050548795,0.121194495,0.131313694,0.004130170,1591684118.680979729
-0.072096610,0.313927710,0.322100184,0.018519150,1591684118.701913357
-0.015832871,0.674255060,0.674440928,-0.017453300,1591684118.719417572
0.000000000,-0.524042871,0.524042871,0.000000000,1591684118.739540100
0.242740908,0.341461029,0.418949618,-0.010658504,1591684118.760639668
0.002123641,-0.246315460,0.246324615,-0.073543674,1591684118.780377626
-0.033789384,0.036200331,0.049519556,-0.011591123,1591684118.800740957
0.121833724,0.147530713,0.191334178,0.016787143,1591684118.820656061
-0.000000000,-0.000000000,0.000000000,0.000000000,1591684118.841532469
0.028459859,-0.725155811,0.725714071,0.009326191,1591684118.860842705
-0.176244383,0.656298547,0.679551224,0.020650851,1591684118.880993128
-0.185821189,0.285197308,0.340392449,0.017852995,1591684118.900443077
0.052401876,-0.036822820,0.064045895,0.003996939,1591684118.921463013
0.230769900,-0.320535730,0.394965696,-0.002664626,1591684118.941205978
-0.115192240,0.040988734,0.122267447,-0.015188368,1591684118.960563660
-0.188215391,0.227736468,0.295447004,-0.010392041,1591684118.981900454
-0.102024131,0.407301575,0.419885099,-0.026646259,1591684119.000292778
0.091906203,0.850228882,0.855181795,0.021317007,1591684119.019288301
0.276259731,0.425258087,0.507113281,0.020384389,1591684119.041170835
-0.187018290,-0.668892072,0.694544775,0.009326191,1591684119.059848309
-0.078082115,-0.468976233,0.475431934,0.041035240,1591684119.082513571
0.224784395,0.347446533,0.413820152,-0.000266463,1591684119.100093365
-0.251661735,0.542573969,0.598097099,-0.013856055,1591684119.119685173
0.117045321,-0.130196680,0.175073649,-0.012390511,1591684119.141279697
0.480963973,0.139151007,0.500688872,-0.058088845,1591684119.161255598
-0.044563291,-0.093086554,0.103203650,-0.023182247,1591684119.180775642
0.240346706,-0.187657520,0.304929310,-0.011457891,1591684119.200507402
0.125425027,0.397724768,0.417032887,0.016520681,1591684119.220736027
-0.055337199,0.068522054,0.088076543,0.033574287,1591684119.239255428
-0.097235728,-0.430669006,0.441509433,-0.007327722,1591684119.260697126
-0.165470475,0.498281238,0.525037780,0.041301701,1591684119.279736280
0.063175783,-0.344477747,0.350222925,0.031309354,1591684119.300756454
0.194856875,0.374979852,0.422586194,-0.007860646,1591684119.320141792
-0.113995139,0.218159662,0.246147374,-0.014788674,1591684119.342185259
-0.238493626,-0.530028375,0.581213634,-0.042500786,1591684119.359905481
0.152958346,0.322307416,0.356760880,0.012656973,1591684119.380342484
0.020080154,-0.533619678,0.533997353,0.029577348,1591684119.401250362
-0.000000000,0.433637793,0.433637793,-0.020517620,1591684119.421040535
0.107468514,0.219356763,0.244268031,0.036771837,1591684119.439783096
0.234361202,-2.262233276,2.274340469,0.628718474,1591684119.463359833
0.576732040,-1.005277405,1.158966137,1.248110820,1591684119.481755733
-0.000000000,0.453988507,0.453988507,-0.000000000,1591684119.500066757
-0.437212364,-0.583897913,0.729445970,1.083836588,1591684119.521784067
1.075923086,0.327095819,1.124545313,1.253440074,1591684119.540587425
1.126201321,0.459974011,1.216513668,1.222796798,1591684119.560080051
-0.116389341,-0.270257477,0.294254282,1.256104701,1591684119.580285788
-0.594032572,-0.374405267,0.702178041,1.284616117,1591684119.601365089
0.764676870,0.012258315,0.764775118,1.239850490,1591684119.622057915
0.719187038,0.111617688,0.727797021,1.347767816,1591684119.640791893
-0.000000000,-482651500.227399945,482651500.227399945,0.000000000,1591684119.662188053
0.816152206,0.013455415,0.816263114,1.307931702,1591684119.681188107
0.199645278,-0.213993738,0.292662872,1.182294494,1591684119.700075150
0.209222085,-0.374405267,0.428897639,1.316991381,1591684119.719724178
0.065569985,-0.783813751,0.786551600,1.212138290,1591684119.739933968
-0.000000000,-7730136267.011199951,7730136267.011199951,0.000000000,1591684119.760435820
0.015291750,0.044580037,0.047129792,1.187623748,1591684119.781197071
-0.000000000,-0.000000000,0.000000000,-0.000000000,1591684119.800436497
0.000000000,0.000000000,0.000000000,0.000000000,1591684119.819534540
-0.000000000,149323678665128898031552586837917696.000000000,149323678665128898031552586837917696.000000000,-0.000000000,1591684119.841067076
1.214786782,0.390542163,1.276021202,1.292476839,1591684119.860828400
1.122610018,0.895718713,1.436163384,1.232655957,1591684119.881206751
0.460613259,-0.412712494,0.618462753,1.243314465,1591684119.901856661
0.000000000,-0.320535730,0.320535730,1.162576308,1591684119.920042753
-0.025409678,-0.115831470,0.118585754,1.242115376,1591684119.940359354
-0.030198081,-0.575518207,0.576309926,1.289412472,1591684119.959900856
0.346888680,-0.167306805,0.385127672,1.182960684,1591684119.981245756
0.263091622,0.509055145,0.573022113,1.105420053,1591684119.999814510
0.986140523,0.299562518,1.030636131,1.186424659,1591684120.020858765
0.428291537,0.017046718,0.428630646,1.189489027,1591684120.039693117
0.630601577,-0.726352911,0.961897552,1.198015807,1591684120.059693098
0.385195907,-0.628190643,0.736884910,1.251441637,1591684120.080023050
0.695245022,0.571304388,0.899863514,1.254505872,1591684120.100457907
0.783830483,-0.500100854,0.929780130,1.268894937,1591684120.121706009
0.343297378,-0.491721149,0.599702241,1.110749307,1591684120.141475677
0.000000000,0.275620502,0.275620502,1.223329829,1591684120.160876989
0.811363802,-0.476158838,0.940764826,1.204011251,1591684120.180664301
-0.313910978,-0.172095209,0.357990032,1.039603793,1591684120.200828075
0.281048134,0.392936365,0.483101481,1.065317423,1591684120.220099926
0.646163888,0.529405859,0.835343243,1.135397139,1591684120.240937471
0.664120400,-0.026048912,0.664631064,1.235853483,1591684120.259566545
0.885584054,-0.346871948,0.951093720,1.271026532,1591684120.281315327
0.649755190,-0.762265936,1.001614279,1.230790678,1591684120.300378561
1.177676656,0.747278210,1.394756979,1.280485951,1591684120.320365667
0.537227712,0.036200331,0.538445985,1.273957609,1591684120.340365171
-0.536571732,-0.293002393,0.611358836,1.251574795,1591684120.360912561
0.471387166,-0.325324133,0.572749206,1.316458482,1591684120.380064011
1.662502419,1.076480939,1.980587162,1.287147585,1591684120.401077509
-0.973513535,0.006272810,0.973533745,1.160044972,1591684120.420983553
0.768268172,0.234919073,0.803382198,1.109550218,1591684120.439840555
0.472584267,-0.150547394,0.495984281,1.149119882,1591684120.461323977
-0.000000000,30912832804.671997070,30912832804.671997070,0.000000000,1591684120.480672359
0.461810360,-0.411515393,0.618557780,1.222663639,1591684120.499990940
-0.142725559,-0.916691943,0.927736333,1.161377219,1591684120.521107435
0.975366616,1.396106860,1.703072048,1.191354306,1591684120.540513277
0.929876784,0.345052332,0.991832620,1.250775447,1591684120.560835600
0.202039480,0.650313043,0.680975040,1.295674365,1591684120.580924273
-0.000000000,149373404288163803729502775183147008.000000000,149373404288163803729502775183147008.000000000,0.000000000,1591684120.599563837
0.980155019,-0.213993738,1.003243331,1.361224109,1591684120.620871782
0.757494265,0.143939410,0.771048711,1.275822888,1591684120.640065193
0.552790023,0.091266974,0.560273567,1.257703398,1591684120.660800457
1.164508547,0.628765228,1.323414473,1.202145972,1591684120.680079937
0.678485610,-0.460596527,0.820056025,1.169504391,1591684120.700541019
0.034445364,-0.320535730,0.322381199,1.324851971,1591684120.721170664
-0.550936942,0.278014703,0.617109139,1.368685091,1591684120.740687847
-0.352218205,-0.376799469,0.515786296,1.301936259,1591684120.760731220
0.418714730,0.828681067,0.928458042,1.300337429,1591684120.781165600
-0.023015476,-0.362434259,0.363164294,1.429705062,1591684120.800710440
0.949030398,1.051341821,1.416325641,1.252773884,1591684120.820793152
-0.304334171,-0.868807910,0.920568559,1.362956229,1591684120.841991186
0.605462459,0.737701404,0.954352215,1.286747845,1591684120.859927416
0.373224898,-0.126605377,0.394113875,1.200680434,1591684120.899839640
0.060781582,0.564121783,0.567386806,1.189489027,1591684120.904015779
0.520468301,-0.202022730,0.558301384,1.172568626,1591684120.920781851
-0.689800639,-0.867610809,1.108410320,1.252907176,1591684120.940618515
-0.000000000,-0.658118164,0.658118164,1.278887255,1591684120.960537195
0.666514602,-0.490524048,0.827560001,1.291810649,1591684120.979311228
0.270274227,-0.334900940,0.430356593,1.184692672,1591684120.999539375
0.592294350,0.094858276,0.599842221,1.353763260,1591684121.019802570
1.084302791,0.227736468,1.107960488,1.165773834,1591684121.039810181
-0.006256065,-0.038019920,0.038531191,1.276755527,1591684121.061760187
0.209222085,-0.223570544,0.306198741,1.142058640,1591684121.079964161
0.173309060,0.645524640,0.668384688,1.138861115,1591684121.101431608
-0.640719505,0.030214827,0.641431539,1.127269967,1591684121.121341705
0.477372671,-0.161321301,0.503894065,1.150052521,1591684121.140905380
0.314566958,0.404907373,0.512740043,1.223196538,1591684121.160780668
0.151761245,0.269634998,0.309409934,0.890517974,1591684121.181197643
1.472163387,1.664257446,2.221940118,0.393298794,1591684121.199844360
0.792210189,1.095634552,1.352039961,-0.049695273,1591684121.221608639
0.257106118,0.586866699,0.640715287,-0.067148573,1591684121.239842892
0.290624941,-0.038019920,0.293101298,-0.074476297,1591684121.261524677
-0.165470475,0.383359558,0.417546439,0.009992347,1591684121.280825853
0.005714944,0.131968402,0.132092088,0.020784082,1591684121.300561428
-0.204974803,0.440820398,0.486145341,-0.013456361,1591684121.319368124
0.158943850,0.001484407,0.158950781,0.025047484,1591684121.340808153
0.410335024,0.390542163,0.566478608,0.022382857,1591684121.359420300
0.022474355,0.246890082,0.247910889,-0.015454831,1591684121.379785299
0.088314901,0.275620502,0.289423881,-0.007727415,1591684121.401041031
0.142184438,-0.330112537,0.359431080,0.017986226,1591684121.419933558
0.072752590,0.261255292,0.271195993,-0.029310886,1591684121.439997435
-0.081673417,0.026623524,0.085903196,-0.016653912,1591684121.460408688
-0.000000000,9332729916570556126972036677369856.000000000,9332729916570556126972036677369856.000000000,0.000000000,1591684121.480406046
0.042825069,-0.272651678,0.275994428,-0.014255749,1591684121.500186682
0.085920699,0.536588464,0.543423911,0.028644730,1591684121.520676613
0.058387380,-0.613825433,0.616596099,-0.025580410,1591684121.541296005
0.160140951,0.803541949,0.819344121,-0.002264932,1591684121.560972691
-0.090053123,-0.213993738,0.232169948,0.036105680,1591684121.579459190
-0.000000000,-8485241837780335591424.000000000,8485241837780335591424.000000000,-0.000000000,1591684121.600889444
0.225981496,-0.203219830,0.303917647,0.003730476,1591684121.619738817
-0.200186399,0.033806129,0.203020809,-0.025313946,1591684121.639888048
-0.006256065,0.067324953,0.067614995,-0.025580410,1591684121.659985065
0.005714944,0.190626343,0.190711990,0.009992347,1591684121.680448294
0.260697420,0.797556445,0.839082492,-0.000399694,1591684121.700550318
0.066767086,0.606020313,0.609687185,0.016254218,1591684121.721443892
0.082329397,-0.439048712,0.446701132,0.017453300,1591684121.740748405
0.187674270,-0.544393585,0.575835052,0.016653912,1591684121.761137247
0.123030825,0.659889850,0.671260901,-0.022649321,1591684121.781046629
-0.216945811,0.309139307,0.377667308,0.018519150,1591684121.800364494
0.170914858,-0.154138696,0.230153485,0.003330782,1591684121.819854021
-0.051745896,-0.962181775,0.963572211,-0.016520681,1591684121.840591669
0.054796078,0.457579810,0.460849099,0.022915783,1591684121.860159636
0.028459859,0.238510376,0.240202338,-0.045165409,1591684121.881038666
0.041627968,-0.109845966,0.117469247,-0.053292519,1591684121.901054859
0.322946664,-0.219979242,0.390749810,-0.017053606,1591684121.919347286
-0.160682072,0.193020544,0.251148679,0.000399694,1591684121.940873384
0.176900362,-0.093086554,0.199897085,0.001065850,1591684121.959795475
0.257106118,0.161895923,0.303831937,0.033174594,1591684121.981027365
-0.097235728,-0.375602368,0.387984440,-0.005329252,1591684121.999778271
0.009306246,0.224145166,0.224338275,-0.004529864,1591684122.020147085
-0.000000000,139114823460731472568123392.000000000,139114823460731472568123392.000000000,6833.038399447,1591684122.041981220
-0.091250224,0.594049304,0.601016788,-0.014255749,1591684122.060548544
0.372027798,-0.222373444,0.433422001,-0.012523742,1591684122.081592321
0.326537966,0.146333612,0.357827569,-0.039969388,1591684122.100883245
-0.018227073,0.038594533,0.042682129,-0.005329252,1591684122.121153593
-0.106812534,0.404907373,0.418758759,0.033174594,1591684122.139939308
0.064372884,0.197808948,0.208019826,-0.001865238,1591684122.161514282
0.234361202,-0.136182184,0.271054903,0.027445647,1591684122.180868387
-0.159484971,0.074507558,0.176030770,-0.005595714,1591684122.200388193
-0.717333958,-1.520030762,1.680791933,0.255670865,1591684122.220942259
-0.031395182,-1.456584418,1.456922724,1.079040299,1591684122.240483284
-0.476716691,-1.436233704,1.513283204,1.293809086,1591684122.259460688
0.422306032,-0.673680475,0.795102363,1.046798326,1591684122.281782150
0.631798678,0.303153821,0.700765159,1.166040283,1591684122.299571037
0.958607204,-0.488129846,1.075731620,1.275023539,1591684122.321469545
-1.007032359,-0.816135474,1.296221926,1.316192033,1591684122.341041565
0.328932168,-0.158927100,0.365313829,1.382807574,1591684122.360440969
1.624195193,0.656298547,1.751781324,1.341905663,1591684122.381545067
0.646163888,0.458776910,0.792467049,1.274357349,1591684122.399983883
0.534833510,-0.417500897,0.678493834,1.399594817,1591684122.420068502
0.721581240,-0.649738458,0.970999253,1.209074055,1591684122.440790415
-0.091250224,0.149924915,0.175510921,1.252107694,1591684122.460564375
1.211195479,-0.404332788,1.276902304,1.326317509,1591684122.479453564
0.258303219,0.135559705,0.291713877,1.439564222,1591684122.500740051
-0.799933915,-0.927465851,1.224780459,1.406922508,1591684122.519695997
0.713201534,0.614400018,0.941352118,1.325118553,1591684122.540938139
0.700033425,-0.400741486,0.806622920,1.361357400,1591684122.559673548
0.397166915,-0.095480756,0.408482721,1.262100145,1591684122.581277370
0.494132082,-1.144141101,1.246284628,1.330980706,1591684122.600449562
-0.799933915,-0.488129846,0.937104591,1.401060355,1591684122.620510340
0.030854061,-0.172095209,0.174839166,1.351897981,1591684122.640489101
0.137396035,0.167881427,0.216937419,1.419979193,1591684122.660573006
-0.303137071,-0.610234131,0.681379320,1.485662228,1591684122.680564165
0.762282668,0.822695563,1.121562684,1.426507536,1591684122.700795174
0.419911831,-0.242724158,0.485016456,1.427839783,1591684122.720990896
0.000000000,0.055353944,0.055353944,0.000000000,1591684122.739113808
-0.291166062,-0.139773486,0.322977249,1.371216560,1591684122.761178493
-0.237296525,0.329490021,0.406045951,1.307531962,1591684122.779900551
0.708413131,-0.370813965,0.799594998,1.221064810,1591684122.800474644
1.069937582,0.306745105,1.113040425,1.184959121,1591684122.820898533
0.514482796,-0.403135687,0.653613747,1.291810649,1591684122.840528965
-1.045339585,-0.780222449,1.304408647,1.383873505,1591684122.859858990
0.430685738,-0.314550226,0.533321713,1.148853432,1591684122.881187439
0.467795864,-0.143364789,0.489271329,1.279686603,1591684122.899684906
0.010503347,-0.243921259,0.244147293,1.358426324,1591684122.919938803
0.574337838,1.022611401,1.172858913,1.270893374,1591684122.940099478
0.075146792,-1.302158411,1.304324947,1.327783047,1591684122.960097313
-0.161879173,-0.502495056,0.527926271,1.472472251,1591684122.981004953
-1.295533732,-0.277440082,1.324907789,1.505113965,1591684123.000801086
1.183662160,0.081690167,1.186477726,1.199081737,1591684123.020813227
0.556381325,0.773614429,0.952911047,0.768611323,1591684123.041196346
-0.049351695,1.181825812,1.182855798,0.318289565,1591684123.060912371
0.026065658,1.187811316,1.188097277,0.022649321,1591684123.079844475
-0.116389341,-0.035625719,0.121719639,-0.143223650,1591684123.101889133
-0.257647239,0.544968170,0.602803788,-0.071678437,1591684123.119922400
-0.136740055,0.064930751,0.151373198,0.018519150,1591684123.139983416
0.090709103,0.137953906,0.165104275,-0.004396633,1591684123.160148382
-0.056534300,0.679043463,0.681392803,-0.018385919,1591684123.180971622
-0.005058964,0.122391595,0.122496105,-0.045831566,1591684123.199549675
-0.165470475,-0.764660138,0.782359000,-0.001998469,1591684123.239664555
0.324143764,0.559333380,0.646469651,0.039569697,1591684123.260014772
0.103877212,0.777205731,0.784116843,-0.046630955,1591684123.279918194
-0.033789384,0.000287306,0.033790605,-0.007594184,1591684123.300010681
0.135001833,-1.227938159,1.235337046,-0.020917315,1591684123.321851730
-0.139134257,0.770023126,0.782492145,-0.041701396,1591684123.339797735
-0.297151566,0.603626111,0.672802746,0.036771837,1591684123.360424280
0.216404690,0.076901764,0.229662515,0.008660035,1591684123.380549669
0.077540993,-0.261877771,0.273116409,-0.025580410,1591684123.400856018
0.118242422,-0.016472105,0.119384256,-0.007594184,1591684123.419914961
-0.000000000,7902497274596.556640625,7902497274596.556640625,8308549452852314652217966592.000000000,1591684123.439827442
0.050007674,-0.021260509,0.054339458,0.031575818,1591684123.459797144
-0.173850181,-0.435457410,0.468878493,0.009859116,1591684123.479870558
0.082329397,0.103237982,0.132046244,-0.022116395,1591684123.500427246
-0.018227073,-0.357645856,0.358110017,-0.001332313,1591684123.520059824
-0.110403837,0.774811530,0.782637792,-0.042367553,1591684123.539010048
-0.249267533,-0.541999384,0.596571567,-0.021050546,1591684123.561072588
-0.000000000,9328845102270954119319678212898816.000000000,9328845102270954119319678212898816.000000000,3422.999555472,1591684123.579369307
0.304990151,-0.398347284,0.501696672,-0.030509967,1591684123.599948168
-0.250464634,0.436031995,0.502848320,0.015987756,1591684123.621552706
0.184082967,0.260058191,0.318617014,-0.018918844,1591684123.639846325
-0.014635771,-0.194840125,0.195389048,-0.000266463,1591684123.662256479
0.178097463,-0.229556049,0.290542055,0.015588062,1591684123.680101871
-0.165470475,0.032609029,0.168652978,-0.035306295,1591684123.700458288
-0.218142912,0.272029199,0.348692149,-0.015454831,1591684123.720494509
0.302595949,-0.528831274,0.609283863,0.032908130,1591684123.740964413
0.452233553,0.485113129,0.663211832,-0.035705990,1591684123.759254932
0.179294564,-0.399544385,0.437929510,0.002664626,1591684123.781992912
0.082329397,-0.011683702,0.083154305,-0.035839219,1591684123.799763203
-0.017029972,-0.130196680,0.131305732,-0.023315478,1591684123.821687222
-0.056534300,0.194217645,0.202278572,-0.011857585,1591684123.840581417
0.102680111,-0.626993542,0.635345660,-0.034240443,1591684123.861001968
-0.176244383,0.637144934,0.661071667,0.009859116,1591684123.880086422
-0.118783543,-0.522845770,0.536169031,0.012523742,1591684123.900708437
-0.026606779,0.335475525,0.336528971,0.001199082,1591684123.920074940
-0.000000000,-0.518057367,0.518057367,-0.000001596,1591684123.940989971
-0.273209550,-1.792969751,1.813665897,0.567965019,1591684123.961134434
0.480963973,-1.291384503,1.378042190,1.152450699,1591684123.980024099
-0.295954466,-1.005277405,1.047936881,1.059188821,1591684124.001177549
-0.396510935,-0.094283655,0.407566350,0.949672666,1591684124.020450592
0.309778554,-0.846062994,0.900991311,1.352297722,1591684124.040392637
1.431461959,-0.682060181,1.585651106,1.427040435,1591684124.061122179
0.258303219,0.323504517,0.413975513,1.502449338,1591684124.081164360
0.632995779,-0.685651483,0.933167515,1.361224109,1591684124.100851297
-0.322290684,-0.156532898,0.358292943,1.352564171,1591684124.120611191
0.105074312,-0.457005225,0.468928978,1.359092514,1591684124.139885664
0.073949691,0.118800293,0.139935937,1.355761697,1591684124.161021233
-0.000000000,-0.000000000,0.000000000,0.000000000,1591684124.179850578
-0.000000000,8298100370173886464.000000000,8298100370173886464.000000000,-0.000000000,1591684124.200552702
1.019659347,0.139151007,1.029110386,1.208274574,1591684124.220535994
0.124227926,-0.113437268,0.168227796,0.968724796,1591684124.241255045
0.308581454,0.776008630,0.835111913,0.470572943,1591684124.260468960
-0.108009635,0.675452161,0.684033408,0.008926497,1591684124.280568123
-0.364189213,0.412089978,0.549956301,-0.157079700,1591684124.301161289
-0.232508122,0.371388550,0.438166043,-0.140026091,1591684124.319941282
-0.117586442,0.612005817,0.623199560,-0.023182247,1591684124.339518547
0.041627968,0.951982452,0.952892165,0.006128640,1591684124.359795332
-0.000000000,-506265256466579.437500000,506265256466579.437500000,4117371272408074731130978304.000000000,1591684124.380392075
-0.220537113,-0.010486601,0.220786293,-0.022649321,1591684124.400388241
0.148169942,0.255269788,0.295155885,-0.061952552,1591684124.420025587
-0.137937156,0.219356763,0.259121686,-0.035705990,1591684124.440612316
0.200842379,-0.115831470,0.231850362,0.028111804,1591684124.460450649
0.203236581,-0.196037225,0.282375108,-0.009326191,1591684124.479316473
-0.019424174,-0.337295142,0.337853979,-0.002264932,1591684124.500663042
-0.020621275,-0.091889453,0.094174883,-0.008793265,1591684124.519539833
-0.106812534,0.975924469,0.981752253,-0.028911191,1591684124.539498806
0.014094649,-0.618613837,0.618774384,0.003197551,1591684124.559894562
-0.000000000,0.000439188,0.000439188,0.000000000,1591684124.579868078
-0.165470475,0.081690167,0.184536613,-0.005595714,1591684124.600482702
-0.509038413,0.286394409,0.584073509,0.029444117,1591684124.620394230
-0.029000980,-0.524042871,0.524844727,-0.014122517,1591684124.640951633
-0.106812534,0.062536549,0.123772927,0.006528333,1591684124.659337997
0.145775741,0.410892877,0.435985691,-0.015055137,1591684124.681003809
0.301398849,-0.120619873,0.324638907,-0.056756531,1591684124.699522018
-0.100827030,-0.399544385,0.412070146,-0.032108742,1591684124.721427441
-0.088856022,0.142742310,0.168139108,0.001465544,1591684124.739857912
-0.269618247,0.221750964,0.349095244,0.016653912,1591684124.760162115
-0.014635771,-0.409121191,0.409382895,-0.005329252,1591684124.780375957
-0.000000000,0.000000000,0.000000000,8262615967338062368542294016.000000000,1591684124.800412178
0.066767086,-0.152941595,0.166880123,-0.000799388,1591684124.819126129
0.000000000,-0.101466260,0.101466260,0.000000000,1591684124.842089176
0.010503347,0.159501721,0.159847175,0.000133231,1591684124.859374285
0.038036666,-0.879581818,0.880403863,0.029177653,1591684124.881465673
-0.245676231,0.236116174,0.340745738,-0.004263402,1591684124.901600838
-0.139134257,-0.302579199,0.333035303,-0.026646259,1591684124.919952631
0.113454018,0.446805902,0.460985172,-0.021849933,1591684124.941058874
0.003320742,-0.307367621,0.307385559,-0.001332313,1591684124.961066961
0.203236581,-0.301382098,0.363505539,-0.021983164,1591684124.979994535
0.105074312,0.214568359,0.238914612,-0.014122517,1591684125.000055552
-0.233705222,0.160698822,0.283623417,0.006395102,1591684125.020179272
-0.197792198,-0.708396399,0.735491136,-0.026912721,1591684125.040491343
0.107468514,0.061339449,0.123741705,0.013722823,1591684125.060977221
-0.073293711,0.254072687,0.264433164,0.011191428,1591684125.079312563
0.152958346,-0.240329956,0.284876716,-0.032375206,1591684125.099339724
-0.134345854,-0.806558667,0.817670894,-0.022782552,1591684125.119639397
-0.239690727,0.327095819,0.405516115,0.002664626,1591684125.139746428
-0.111600938,0.078098865,0.136213810,-0.027578878,1591684125.159810543
-0.008650266,-0.144561890,0.144820465,-0.026379797,1591684125.180187702
0.065569985,-0.021260509,0.068930633,0.032375206,1591684125.200498104
-0.142725559,-0.004501097,0.142796517,-0.050228201,1591684125.220772266
-0.050548795,0.013455415,0.052308976,0.006928028,1591684125.240449667
0.237952505,-0.213993738,0.320022990,0.010525273,1591684125.261055470
-0.161879173,-0.197234326,0.255159256,-0.020251158,1591684125.281355619
0.000000000,-0.422289301,0.422289301,0.000000000,1591684125.298957348
-0.130754551,0.304350922,0.331249507,-0.054624832,1591684125.321847916
-0.172653080,0.437229095,0.470083363,-0.022116395,1591684125.339587927
-0.207369004,-1.127381689,1.146294629,0.011724354,1591684125.360362768
0.279851034,0.650313043,0.707971507,-0.026513028,1591684125.380928993
0.208024984,-0.380390771,0.433556839,0.007061259,1591684125.399962664
-0.046957493,0.102040881,0.112326967,-0.005862177,1591684125.419012547
0.349282882,0.097252478,0.362569409,-0.023315478,1591684125.440864086
-0.214551609,-0.255892267,0.333935990,0.015188368,1591684125.459436417
0.075146792,-0.453413922,0.459598983,-0.016120987,1591684125.479276419
0.291822042,0.335475525,0.444639103,-0.047297112,1591684125.499518156
-0.519812321,0.552150775,0.758337212,-0.020384389,1591684125.520463228
0.105074312,0.085281470,0.135327529,-0.021716702,1591684125.539814234
0.030854061,0.050565541,0.059235522,-0.061019933,1591684125.560465336
-0.088856022,-0.180474915,0.201163087,-0.007594184,1591684125.580633879
0.206827883,0.108026385,0.233339823,-0.010125579,1591684125.600438356
-0.317502281,0.221750964,0.387274048,-0.007860646,1591684125.621314764
0.000000000,0.146333612,0.146333612,0.000000000,1591684125.638941526
-0.061322703,0.055353944,0.082610732,-0.013323130,1591684125.661037207
-0.178638584,0.540179767,0.568951601,0.001998469,1591684125.679559708
-0.045760392,0.062536549,0.077490861,-0.022915783,1591684125.720109940
0.289427840,-0.113437268,0.310864100,0.013456361,1591684125.740053654
-0.000000000,0.000000000,0.000000000,-7541056311105632.000000000,1591684125.760175705
-0.005058964,0.221750964,0.221808664,-0.032241973,1591684125.780020237
-0.202580601,0.543771069,0.580280859,-0.009725885,1591684125.799677610
0.011700448,0.759249219,0.759339369,-0.032774899,1591684125.819137812
0.125425027,0.398921869,0.418174718,0.011724354,1591684125.839513302
0.094300405,-0.567138501,0.574924904,0.031575818,1591684125.859716177
-0.139134257,-0.142167688,0.198922078,-0.010924967,1591684125.879729986
-0.000000000,139103245811914165788344320.000000000,139103245811914165788344320.000000000,0.000000000,1591684125.900422335
0.052401876,0.216962561,0.223201052,-0.034107212,1591684125.919858456
-0.133148753,-0.264271973,0.295919357,-0.021450238,1591684125.940528631
0.204433681,-0.363631360,0.417158119,-0.014788674,1591684125.960814238
0.115848220,-0.786207953,0.794697273,0.990308261,1591684126.019275904
-1.247649699,-1.166886017,1.708289421,1.106352692,1591684126.040134907
-0.242084928,-0.208008234,0.319174776,1.373214997,1591684126.059516907
1.394351833,0.166684326,1.404279424,1.295407916,1591684126.080734968
0.276259731,0.239707477,0.365758272,1.253573232,1591684126.100439310
0.242740908,-0.166109705,0.294135313,1.276888818,1591684126.139979124
-0.000000000,-2070384602672932352.000000000,2070384602672932352.000000000,-262724031301570142329110528.000000000,1591684126.160577059
1.077120187,-0.831697784,1.360848669,1.424908707,1591684126.180863857
-0.968725132,-1.472146728,1.762283851,1.340040384,1591684126.199429512
0.136198934,0.172669830,0.219920485,1.304201145,1591684126.220987320
1.292598263,0.035003230,1.293072115,1.285015857,1591684126.239705086
-0.487490598,-0.461793628,0.671491205,1.245179744,1591684126.259341717
0.167323556,-0.375602368,0.411186468,1.374547244,1591684126.280446768
-0.802328117,-1.013657111,1.292761055,1.323786173,1591684126.300045252
-0.225325517,-0.133787982,0.262051164,1.125005081,1591684126.319888830
-0.165470475,-0.518057367,0.543841809,1.262499753,1591684126.339925051
0.112256917,-0.565941400,0.576967316,1.255438511,1591684126.360983849
0.352874184,0.328292920,0.481971401,1.186424659,1591684126.381018877
0.283442336,-0.723958710,0.777467537,1.251441637,1591684126.399196148
0.496526284,0.057748146,0.499873183,1.426907144,1591684126.420683146
1.316540279,0.415681281,1.380604663,1.183093976,1591684126.439419508
0.752705862,0.200203149,0.778875738,1.245446193,1591684126.459735155
0.093103304,-0.011683702,0.093833545,1.151118452,1591684126.480349302
0.252317715,0.084084369,0.265959415,1.298605441,1591684126.499777079
-0.530586228,1.187811316,1.300929463,1.326450800,1591684126.520835161
-0.067308207,-0.579109509,0.583007906,1.101423112,1591684126.540078640
0.429488637,0.386950861,0.578092949,1.226793805,1591684126.560667276
0.000926540,-0.448625519,0.448626476,1.264764772,1591684126.581024408
0.664120400,1.138730182,1.318242137,1.217867284,1591684126.600445271
-0.184624088,-1.199207739,1.213336415,1.233455305,1591684126.619245529
-0.030198081,0.710168085,0.710809843,1.350565601,1591684126.641657114
0.893963759,-0.034428618,0.894626477,1.195351180,1591684126.659917831
-0.200186399,-0.097874957,0.222832003,1.177364981,1591684126.682296515
-0.000000000,-0.449990560,0.449990560,0.000000000,1591684126.700101376
-0.413270347,-0.496509552,0.645998541,1.225061817,1591684126.719962835
-0.427635557,-0.182869116,0.465094918,1.286348237,1591684126.738849640
-0.128360349,0.151122015,0.198278196,1.170836638,1591684126.760573626
0.028459859,0.493492835,0.494312797,1.211605391,1591684126.779210329
1.010082540,1.090846149,1.486678196,1.149919363,1591684126.821008444
-0.659873118,-1.836065381,1.951042956,1.210006695,1591684126.839609861
0.533636410,0.462368213,0.706082277,1.299538081,1591684126.859907866
0.586308846,0.023032222,0.586761064,1.149786072,1591684126.880591869
-0.187018290,0.617991321,0.645669508,1.168305302,1591684126.899822235
0.611447964,-0.035625719,0.612484942,1.167372663,1591684126.920438528
-0.000000000,-0.000000000,0.000000000,0.000000000,1591684126.939962864
0.357662588,0.228933569,0.424656456,1.521101727,1591684126.960330725
0.233164101,-0.188854620,0.300052605,1.380409529,1591684126.980465412
-0.000000000,-0.587489215,0.587489215,1.424908707,1591684126.999275923
0.525256704,-0.387573376,0.652769276,1.258769328,1591684127.021299839
0.272668429,0.063733650,0.280017946,1.227459995,1591684127.039619923
-0.063716905,0.070916255,0.095336033,1.193352743,1591684127.059784651
0.405546621,-0.222373444,0.462512713,1.209473663,1591684127.080369949
0.850868130,-0.308564722,0.905090471,1.281818332,1591684127.099963903
-0.655084715,0.835863672,1.061981196,1.301403360,1591684127.120484352
1.259079440,0.443214600,1.334810929,1.147254736,1591684127.140936613
1.413505447,0.342658130,1.454445682,1.125138372,1591684127.160344362
-0.262435642,-0.289411090,0.390680490,1.123006644,1591684127.179103374
-0.017029972,-0.531225476,0.531498379,1.230257780,1591684127.200629711
-0.855000553,0.348643634,0.923351683,1.210806043,1591684127.219589710
-0.631142698,-0.626993542,0.889641505,1.177897880,1591684127.241214991
-0.489884800,0.325898718,0.588385156,1.164708036,1591684127.259888172
-0.148711063,-0.188854620,0.240376888,1.195084730,1591684127.279633284
1.363227212,1.239286652,1.842340858,1.159911681,1591684127.299781084
-0.756838285,-2.296949200,2.418425070,1.220132171,1591684127.320351601
-0.063716905,0.799950647,0.802484194,1.294075536,1591684127.341648817
0.963395608,-0.121816974,0.971066667,1.156047965,1591684127.360359669
-0.128360349,0.499478339,0.515708241,1.212404872,1591684127.378865242
0.519271200,0.036200331,0.520531500,1.150185812,1591684127.400729179
-0.006256065,-0.348069049,0.348125267,1.199747794,1591684127.419291735
-0.283983457,0.281606006,0.399935678,1.288346674,1591684127.439260483
0.163732253,-0.688045685,0.707258874,1.157646795,1591684127.461719990
0.307384353,0.756855017,0.816893296,1.125404822,1591684127.479641914
-0.014635771,-0.327718335,0.328044986,1.185492153,1591684127.500414610
0.986140523,1.428428583,1.735765349,1.172169018,1591684127.519888639
-0.299545768,-0.982532489,1.027179516,1.184293064,1591684127.540165663
0.583914645,0.797556445,0.988459709,1.255172062,1591684127.559354305
1.403928640,0.643130438,1.544225497,1.142858122,1591684127.580312729
0.131410531,0.145136511,0.195789005,1.122473745,1591684127.600517750
-0.366583415,-0.388770477,0.534346221,1.136995836,1591684127.619272232
-0.026606779,0.218159662,0.219776156,1.186824400,1591684127.640093088
-0.485096397,0.761643420,0.903005656,1.220798361,1591684127.659528971
-0.427635557,-0.603051526,0.739285677,1.192020363,1591684127.680032969
0.289427840,0.827483966,0.876640285,1.137395576,1591684127.700406551
0.020080154,-0.157729999,0.159003035,1.200680434,1591684127.720819712
1.249502633,1.046553418,1.629886771,1.175899443,1591684127.739933014
-0.382145725,-1.624178534,1.668529672,1.209074055,1591684127.761152506
0.655740694,0.552150775,0.857243452,1.295008175,1591684127.780447960
1.207604177,-0.002106895,1.207606015,1.107152107,1591684127.800935507
0.179294564,0.368994348,0.410247937,1.126337328,1591684127.819942713
0.255909017,-0.132590881,0.288218262,1.143124571,1591684127.841049671
-0.100827030,-0.012880803,0.101646471,1.176832082,1591684127.859993219
-0.409679044,0.682634766,0.796132616,1.259568676,1591684127.880041838
-0.266026945,-0.626993542,0.681095616,1.152983598,1591684127.900730371
-0.090053123,0.252875586,0.268431792,1.172568626,1591684127.920508623
-0.327079087,0.311533508,0.451701069,1.204544149,1591684127.941043139
1.045995565,0.099646680,1.050731261,1.180296057,1591684127.960676670
0.564761031,-0.531225476,0.775342201,1.246511991,1591684127.980898142
0.308581454,0.828681067,0.884270787,1.012824299,1591684128.000422001
0.917905776,1.878538495,2.090803169,0.293775024,1591684128.019273043
0.028459859,0.914872327,0.915314884,-0.210238981,1591684128.039261818
0.242740908,0.695802875,0.736929297,-0.175332381,1591684128.059682369
-0.100827030,0.398921869,0.411466581,-0.020917315,1591684128.080476046
0.135001833,-0.026048912,0.137491966,0.040635545,1591684128.100187063
0.625813174,0.398921869,0.742146068,-0.024248096,1591684128.120054960
-0.157090769,-0.334900940,0.369913705,-0.026246567,1591684128.140102148
-0.063716905,0.370191449,0.375634866,-0.039836159,1591684128.160853386
0.182885866,0.079295966,0.199336626,-0.052493133,1591684128.180893898
-0.301939970,-0.260680670,0.398901187,-0.012790205,1591684128.199072838
0.094300405,0.446805902,0.456648750,0.000133231,1591684128.221111774
0.202039480,0.686226068,0.715350381,-0.040768778,1591684128.239535332
-0.075687913,0.443214600,0.449630784,-0.027978573,1591684128.259768009
-0.007453166,-0.261877771,0.261983810,-0.004263402,1591684128.280049086
-0.008650266,-0.735929718,0.735980555,-0.011324660,1591684128.300003529
-0.037380686,0.582078296,0.583277343,0.000133231,1591684128.320072412
-0.312713877,0.901704218,0.954390101,-0.028378266,1591684128.340963840
0.219995992,-0.091889453,0.238415411,-0.032774899,1591684128.359109163
0.254711916,0.230130670,0.343275816,-0.050228201,1591684128.380934477
0.106271413,-0.225964746,0.249707188,-0.016120987,1591684128.399366379
0.032051162,0.204991553,0.207482080,-0.000266463,1591684128.419643164
0.050007674,0.188232141,0.194761666,-0.047297112,1591684128.441142082
-0.003861863,-0.105057562,0.105128518,-0.013323130,1591684128.459747314
-0.097235728,0.091266974,0.133358342,-0.011457891,1591684128.480028868
-0.228916819,-0.434260309,0.490902155,-0.019984694,1591684128.499774456
0.044022170,-2.526792560,2.527176011,0.569563782,1591684128.520406723
0.077540993,-1.239909167,1.242331417,1.170836638,1591684128.541124821
0.539621914,-0.366025561,0.652047944,1.089032617,1591684128.560832500
0.326537966,-0.252300964,0.412653390,1.070779969,1591684128.580068111
0.632995779,-0.455808124,0.780028654,1.167772271,1591684128.600901127
-0.491081901,0.251678485,0.551818352,1.198681997,1591684128.619480371
0.938256490,-0.727550012,1.187288618,1.225194975,1591684128.639389753
0.187674270,0.142742310,0.235790158,1.372015908,1591684128.660130501
0.328932168,-0.594671820,0.679581448,1.324052622,1591684128.679747105
0.322946664,0.329490021,0.461365605,1.209473663,1591684128.699869633
0.361253890,-0.178080713,0.402761857,1.265031222,1591684128.720014811
-0.767612193,-0.739521020,1.065889215,1.219199664,1591684128.740649939
-0.416861649,-0.795784759,0.898357957,1.273957609,1591684128.760648727
0.434277041,0.097252478,0.445033249,1.203744801,1591684128.780396938
0.628207375,-0.027246013,0.628797942,1.221464551,1591684128.801003933
-0.084067619,-0.284622687,0.296778433,1.188156647,1591684128.820529938
0.883189852,0.222948065,0.910895249,1.067848826,1591684128.840104342
-0.000000000,-0.000000000,0.000000000,0.000000000,1591684128.859551191
0.000000000,-0.167306805,0.167306805,0.000000000,1591684128.879276037
0.994520229,0.510252246,1.117778082,1.095294510,1591684128.900392056
-0.655084715,-0.107451764,0.663838734,1.192553395,1591684128.919964552
0.399561117,0.067324953,0.405193454,1.184026482,1591684128.940805674
0.228375698,-0.269060376,0.352914927,1.252773884,1591684128.959486723
-0.500658708,0.084084369,0.507670486,0.865870208,1591684128.980586767
1.293795364,2.175419501,2.531078120,0.291643295,1591684129.000002384
0.503708889,1.372164844,1.461697302,-0.068614120,1591684129.019997120
0.446248049,1.112393964,1.198564830,-0.097392076,1591684129.040435076
0.121833724,0.035003230,0.126762307,-0.087799424,1591684129.060178995
-0.178638584,0.607217413,0.632949232,-0.026912721,1591684129.080138922
-0.262435642,0.025426424,0.263664502,0.013323130,1591684129.100600958
-0.042169090,-0.541999384,0.543637346,-0.047163879,1591684129.119977236
-0.160682072,0.597640607,0.618864301,-0.024781022,1591684129.140554667
0.008109145,-0.485735645,0.485803329,-0.016920375,1591684129.160568953
0.070358388,0.512646448,0.517452107,-0.027179185,1591684129.179508209
-0.215748710,0.493492835,0.538593245,-0.041301701,1591684129.199781656
0.197251076,0.057748146,0.205530619,-0.011324660,1591684129.219732046
0.352874184,0.096055377,0.365714131,-0.014122517,1591684129.239608049
-0.088856022,0.196611847,0.215758223,-0.038903540,1591684129.260354519
0.326537966,-0.729944214,0.799653424,-0.004263402,1591684129.280033350
0.102680111,0.568910187,0.578102072,-0.009725885,1591684129.300068855
-0.064914005,-0.172095209,0.183930935,-0.016787143,1591684129.320487022
0.107468514,0.264846594,0.285820223,0.023448709,1591684129.338835239
0.205630782,-0.668892072,0.699786126,-0.027845342,1591684129.360923767
0.024868557,0.430046491,0.430764935,-0.031575818,1591684129.381959438
0.259500320,-0.255892267,0.364446523,0.004529864,1591684129.399350643
-0.270815348,0.227736468,0.353842976,-0.007594184,1591684129.421019793
0.150564144,0.406104474,0.433117080,-0.009859116,1591684129.439927340
0.164929354,0.176261133,0.241391132,-0.017186837,1591684129.459785223
-0.151105265,-0.416303796,0.442878823,0.004663096,1591684129.480010033
0.000000000,-0.002106895,0.002106895,0.015454831,1591684129.499935865
0.129016329,-0.114634369,0.172586940,-0.057689154,1591684129.520386219
-0.170258878,0.658692749,0.680341255,-0.029843810,1591684129.540772676
0.303793050,-0.767054340,0.825022774,-0.001065850,1591684129.559053898
0.239149605,0.299562518,0.383314800,-0.065816260,1591684129.580915451
-0.257647239,-0.208008234,0.331133697,0.016787143,1591684129.599184275
-0.178638584,-0.181672015,0.254787097,-0.046364493,1591684129.621037483
-0.054140098,0.128377100,0.139326343,-0.021716702,1591684129.639533281
0.178097463,0.347446533,0.390432837,-0.004663096,1591684129.660614014
-0.143922660,-0.686848584,0.701765423,-0.002664626,1591684129.678587198
0.143381539,0.600034808,0.616927903,0.018385919,1591684129.700807810
0.427094436,-0.095480756,0.437637101,-0.023049014,1591684129.720407724
0.009306246,0.420469684,0.420572659,-0.048096498,1591684129.740082264
0.145775741,0.179852435,0.231511263,-0.012656973,1591684129.761433840
-0.171455979,-0.643752954,0.666194430,-0.035306295,1591684129.781527281
0.041627968,0.280408905,0.283481995,0.025980103,1591684129.800548792
0.000000000,-0.447428418,0.447428418,0.000000000,1591684129.819401503
-0.000000000,-0.000000000,0.000000000,0.000000000,1591684129.841412306
0.423503133,0.639539136,0.767049679,-0.013056667,1591684129.859889984
-0.000270561,-0.495312451,0.495312525,0.002264932,1591684129.880311489
0.081132296,-0.448625519,0.455902737,-0.003730476,1591684129.900496960
0.176900362,0.310336407,0.357214815,-0.045032180,1591684129.920147896
-0.391722532,0.361811743,0.533248797,-0.061286395,1591684129.938771248
-0.161879173,0.351037836,0.386564909,-0.013989286,1591684129.960359097
0.126622127,-0.091889453,0.156450742,-0.034107212,1591684129.980080605
-0.051745896,-0.191248822,0.198125591,-0.024781022,1591684130.000553846
