0.035352761,0.007235278,0.036085550,0.001065850,1591604330.553853750
-0.014925474,0.016812085,0.022481458,-0.000133231,1591604330.574829817
-0.031684886,0.000052673,0.031684930,0.003730476,1591604330.593769312
0.019790450,-0.003538629,0.020104323,-0.005862177,1591604330.614854574
-0.137029759,-0.933685967,0.943687788,0.022249626,1591604330.634135246
0.392088808,-2.209795525,2.244310562,-0.070346124,1591604330.653528929
0.053309273,-0.361471771,0.365381608,-0.092728987,1591604330.673904896
0.297517842,0.360380030,0.467322835,0.058755001,1591604330.693945646
-0.113087742,-0.064590774,0.130233657,-0.063418099,1591604330.714298725
-0.000000000,-2103308202526892544.000000000,2103308202526892544.000000000,0.052264139,1591604330.734139919
-0.183716691,-0.265703704,0.323032941,0.061419628,1591604330.753074646
-0.431516563,-0.342318157,0.550806922,-0.003996939,1591604330.774255514
0.343007674,-0.166344335,0.381214772,-0.019451770,1591604330.794296026
-0.186110893,-0.019100940,0.187088509,-0.045165409,1591604330.813618660
0.040141164,-0.313587737,0.316146457,-0.019585001,1591604330.835077286
0.150274440,0.389110450,0.417120306,-0.020517620,1591604330.853992701
0.016199147,-0.659549877,0.659748780,-0.040369083,1591604330.873573303
0.012607845,0.022797589,0.026051637,-0.021849933,1591604330.894183397
-0.011334172,0.198771418,0.199094299,-0.007727415,1591604330.913708210
-0.043655894,-0.041845858,0.060472415,-0.010392041,1591604330.933529854
-0.192096397,0.064696116,0.202698330,0.018385919,1591604330.954054832
0.102390407,-0.171132739,0.199424697,-0.009592653,1591604330.973517656
0.082039693,0.130536661,0.154176299,0.010125579,1591604330.994655371
0.005425240,-0.472802148,0.472833273,-0.006661565,1591604331.013533831
0.201749776,0.039556998,0.205591168,-0.010924967,1591604331.033250809
0.052112172,0.452556794,0.455547286,-0.011990817,1591604331.054108620
-0.182519590,-0.361471771,0.404938566,-0.025313946,1591604331.073523760
-0.060415306,0.170040998,0.180454842,-0.037038299,1591604331.093127728
-0.123861650,-0.092124093,0.154365012,0.004130170,1591604331.114444733
-0.383632530,0.262217762,0.464684918,0.050361430,1591604331.134027243
-0.073583415,-0.366260174,0.373578685,-0.001865238,1591604331.153195381
0.070068685,-0.003538629,0.070157982,0.038370613,1591604331.174175739
0.433987337,-0.178315344,0.469192253,-0.015454831,1591604331.193157434
-0.146606566,0.705145069,0.720224308,-0.035705990,1591604331.213977337
-0.020910978,0.305313392,0.306028653,-0.017586531,1591604331.233805895
0.047323769,-0.343515258,0.346759674,-0.061819323,1591604331.253520012
-0.207658708,0.247852552,0.323346604,-0.023315478,1591604331.274962425
0.074857088,0.103003342,0.127331348,0.002131701,1591604331.294095039
0.199355574,0.192785914,0.277324816,-0.001199082,1591604331.312920332
-0.096328331,0.055119309,0.110983267,0.000666156,1591604331.334618330
0.062886080,-0.821158489,0.823562945,0.004396633,1591604331.352897644
0.163442549,-0.150782034,0.222370611,0.046098027,1591604331.373450518
-0.032881987,-0.336332653,0.337936205,-0.011724354,1591604331.393494606
0.019790450,0.098214939,0.100189002,-0.018652383,1591604331.413767576
-0.035276188,-0.345909460,0.347703557,-0.024514558,1591604331.434349060
-0.134635557,0.202362720,0.243058437,-0.051027587,1591604331.454136133
0.007819442,-0.651170172,0.651217119,0.004663096,1591604331.473837137
-0.028093583,0.496849525,0.497643145,0.026246567,1591604331.494304895
0.206538179,0.952944941,0.975070295,0.010924967,1591604331.514163256
0.000000000,-0.411750006,0.411750006,0.000000000,1591604331.533716202
0.042535366,-0.402173199,0.404416294,0.009192959,1591604331.554403782
-0.271105052,-0.199863159,0.336813348,0.004663096,1591604331.573285341
0.032958559,0.268203266,0.270220759,-0.010924967,1591604331.595000982
-0.110693541,0.314890198,0.333779713,-0.018385919,1591604331.613208532
-0.042458793,0.187997510,0.192732491,-0.041168473,1591604331.633320808
0.216114986,-0.469210845,0.516589300,-0.026113333,1591604331.653602362
-0.193293498,-0.111277706,0.223036105,-0.011058198,1591604331.673547268
0.109573012,0.371153937,0.386990297,-0.005728946,1591604331.692524433
0.047323769,0.171238099,0.177657045,-0.019451770,1591604331.714345455
-0.181322490,-0.209439965,0.277025169,0.012124048,1591604331.733013868
-0.068795012,-0.173526940,0.186666421,0.031176123,1591604331.754284382
-0.134635557,0.258626459,0.291572253,-0.004796327,1591604331.774175167
0.038944063,-0.530262988,0.531691147,-0.027445647,1591604331.793974400
-0.000000000,0.000000000,0.000000000,-0.000000000,1591604331.814556837
-0.005348668,0.233487342,0.233548597,-0.032375206,1591604331.833798409
0.000000000,-0.307602233,0.307602233,0.000000000,1591604331.853750706
-0.105905137,0.408264063,0.421776532,-0.017986226,1591604331.875463247
0.126332424,-0.063393673,0.141345814,0.020650851,1591604331.893514872
-0.356099211,0.438191584,0.564640162,0.015987756,1591604331.914403439
-0.333354295,-0.549416601,0.642638069,0.018519150,1591604331.934612274
0.070068685,-0.106489303,0.127473888,0.028644730,1591604331.953126431
0.199355574,0.051528007,0.205907213,-0.014788674,1591604331.974008322
-0.144212364,0.563887171,0.582036036,-0.025047484,1591604331.993782759
0.119149819,0.276582972,0.301155806,-0.018119457,1591604332.013656378
-0.099919633,0.258626459,0.277257243,-0.049828506,1591604332.033291340
0.071265786,0.049133805,0.086561787,-0.021583469,1591604332.053424835
-0.056824003,0.103003342,0.117637816,-0.019718232,1591604332.074771404
-0.137029759,0.191588813,0.235549205,-0.023981634,1591604332.093501806
0.086828096,-0.022692243,0.089744394,0.015588062,1591604332.115617514
-0.180125389,-0.818764288,0.838343673,0.006794796,1591604332.134273291
0.107178810,0.003643976,0.107240738,-0.012257279,1591604332.154539824
0.048520870,-0.360274670,0.363527320,-0.033707517,1591604332.172929764
-0.194490599,-0.241761688,0.310282624,-0.011324660,1591604332.193080187
-0.560803453,-2.173882500,2.245053594,0.441661754,1591604332.213766336
0.471097463,-0.659549877,0.810517650,1.022017268,1591604332.233938694
-0.000000000,-0.000000000,0.000000000,-64105826751367954300928.000000000,1591604332.253801107
0.226888893,0.489666920,0.539677924,1.039070894,1591604332.274033308
-0.566788957,-0.776865759,0.961649691,1.040936107,1591604332.293979406
-0.376449925,-1.278451080,1.332723418,1.277421717,1591604332.314148664
-0.111890641,0.173632300,0.206561592,1.178031171,1591604332.334165812
0.517784395,-0.386610888,0.646195527,1.190954565,1591604332.354075670
0.382512001,-0.046634261,0.385344243,1.218400183,1591604332.374544621
-0.138226860,-0.179512444,0.226564301,1.217467544,1591604332.393313885
-0.089145726,-0.855874413,0.860504487,1.250242549,1591604332.415462494
0.632706075,0.083849729,0.638238008,1.298205701,1591604332.433320045
0.704532125,-0.089729891,0.710223182,1.286747845,1591604332.454949856
0.424410530,0.207151124,0.472266753,1.170703347,1591604332.473511457
-0.126255851,-0.521883282,0.536938265,1.270227184,1591604332.494068861
-0.000000000,0.966113050,0.966113050,1.114879472,1591604332.513826847
0.654253890,0.280174274,0.711720294,1.199481345,1591604332.534846306
0.984653719,-0.385413787,1.057396205,1.226127615,1591604332.553273916
0.571653933,0.644092927,0.861187504,1.120475175,1591604332.574296474
0.489053975,-0.134022622,0.507085648,1.125271530,1591604332.593264103
0.234071498,0.052725107,0.239936249,1.152184249,1591604332.613770723
0.662633596,0.395095954,0.771481753,1.164708036,1591604332.633490086
0.626720571,0.213136628,0.661971220,1.223596279,1591604332.654348850
0.699743721,0.371153937,0.792083658,1.177098532,1591604332.673549414
0.006622341,0.219122132,0.219222180,1.153383338,1591604332.694529057
-0.104708036,-0.434494921,0.446933563,1.219599272,1591604332.714497328
0.647071285,0.913440613,1.119408327,1.107951455,1591604332.733371735
1.000216030,0.457345197,1.099816683,1.263698841,1591604332.755135298
0.507010488,-0.442874627,0.673199502,1.233721755,1591604332.773188829
0.352584481,0.389110450,0.525093095,1.113813674,1591604332.793499708
0.298714943,-0.123248715,0.323142171,1.213603828,1591604332.813198566
0.685378511,0.442979987,0.816072897,1.204810599,1591604332.833834410
0.765584267,0.623742213,0.987508794,1.270760083,1591604332.853784561
0.881703048,-0.582935424,1.056983431,1.324585521,1591604332.873692274
0.000000000,-0.295631225,0.295631225,0.000000000,1591604332.893627644
0.667421999,-0.081350186,0.672361493,1.194951572,1591604332.914327145
-0.336945597,0.220319233,0.402582787,1.289279314,1591604332.932875872
-1.086330717,1.083428931,1.534253133,1.372282357,1591604332.952942848
-0.686499040,-0.435692022,0.813085770,1.246245541,1591604332.973420143
0.134712130,-1.103674285,1.111865228,1.354962349,1591604332.993384838
0.483068471,-0.574555718,0.750646003,1.316192033,1591604333.013704300
0.072462886,-0.219016772,0.230692905,1.219332822,1591604333.053410769
-0.168154380,0.039556998,0.172744470,1.196150528,1591604333.073971987
0.157457045,-0.082547286,0.177782945,1.260101575,1591604333.095580339
0.000000000,0.000000000,0.000000000,0.000000000,1591604333.113422394
-0.801420720,-0.490758660,0.939744238,1.224662076,1591604333.134268045
0.383709102,0.199968519,0.432689362,1.168838201,1591604333.153398991
0.788329183,-0.129234219,0.798851916,1.256371151,1591604333.174769402
-0.016122575,1.217504224,1.217610970,1.166972922,1591604333.193055630
0.099996205,-0.658352777,0.665903611,1.228525792,1591604333.214849472
0.176610659,0.131733762,0.220329546,1.223729437,1591604333.233694077
0.060491878,0.742255195,0.744716081,1.120608466,1591604333.254035473
0.000000000,-0.046634261,0.046634261,0.000000000,1591604333.273530245
0.281955532,0.108988846,0.302287099,1.160444580,1591604333.294010162
-0.646994712,-0.761303448,0.999092137,1.165507384,1591604333.313163519
-0.125058751,0.484878516,0.500746310,1.212804480,1591604333.332868814
-0.431516563,-0.427312316,0.607291001,1.152051091,1591604333.354290485
0.530952504,0.742255195,0.912607986,1.059854945,1591604333.373150110
0.586019143,-0.045437161,0.587777995,1.225194975,1591604333.394289017
0.268787423,0.629727717,0.684692395,1.085435350,1591604333.413639069
0.262801918,-0.869042523,0.907909552,1.224528918,1591604333.433578968
0.061688979,0.081455527,0.102178927,1.192686553,1591604333.453724861
0.179004860,0.742255195,0.763534881,1.098891777,1591604333.474967718
0.546514815,0.283765577,0.615793265,1.144323660,1591604333.493522644
0.133515029,0.272991669,0.303892603,1.132199614,1591604333.514233351
-0.292652867,-0.209439965,0.359876089,1.159778390,1591604333.534451008
0.138303432,0.548324860,0.565498003,1.245579351,1591604333.554165840
-0.451867277,-0.580541223,0.735671222,1.104354255,1591604333.572964668
0.043732466,0.235881544,0.239901295,1.138328216,1591604333.593621254
0.410045320,-0.507518072,0.652465906,1.169371100,1591604333.613447428
-0.000000000,0.790139228,0.790139228,1.073977494,1591604333.633399487
-0.028093583,-1.170711932,1.171048964,1.239850490,1591604333.654043674
-0.594322276,-0.123248715,0.606967226,1.125671271,1591604333.673694134
-0.121467448,0.205954023,0.239105417,1.044533373,1591604333.695330143
0.485462673,0.156872889,0.510179488,1.139660463,1591604333.714182854
-0.559606352,0.032374396,0.560542033,1.155648224,1591604333.734496117
0.157457045,-0.232184881,0.280539730,1.169237809,1591604333.752841711
-0.292652867,-0.475196350,0.558083570,1.218933082,1591604333.774826765
-0.280681858,-0.116066110,0.303732855,1.105286828,1591604333.793232441
0.803891494,0.247852552,0.841232679,1.163109207,1591604333.813652992
0.686575612,-0.444071728,0.817670943,1.160044972,1591604333.833485126
-0.710441056,0.015614984,0.710612639,1.132066322,1591604333.853702307
0.539332210,-0.252535595,0.595527883,1.196816718,1591604333.874783278
-0.734383073,0.002446875,0.734387149,1.178164329,1591604333.895020962
-0.360887614,0.034768597,0.362558582,1.078773850,1591604333.913894176
0.994230526,-0.169935638,1.008648828,1.121940713,1591604333.934167624
0.015002047,-0.172329839,0.172981603,1.155248617,1591604333.953316450
0.347796077,0.101806241,0.362390152,1.177764722,1591604333.973515272
0.054506374,-0.149584933,0.159206146,1.237718762,1591604333.993941545
0.462717757,0.889498597,1.002654216,1.118743188,1591604334.013489962
0.250830910,0.057513511,0.257340143,1.251175055,1591604334.033225536
0.303503347,0.069484519,0.311355713,1.151917800,1591604334.053741455
-0.805012022,-0.379428283,0.889949537,1.172701917,1591604334.074036121
0.577639437,-0.329150048,0.664836125,1.239051009,1591604334.093774080
-0.110693541,0.199968519,0.228561739,1.093562523,1591604334.114171982
0.064083181,0.802110236,0.804666071,1.089299066,1591604334.133323669
1.489830269,0.401081458,1.542874125,1.147254736,1591604334.153509140
0.360964186,0.267006165,0.448984895,1.184293064,1591604334.173406124
0.812271199,-0.272886309,0.856884729,1.236919414,1591604334.194506645
0.348993178,-0.090926992,0.360643808,1.197616199,1591604334.213710070
0.666224898,0.504032129,0.835406489,1.146588546,1591604334.233888865
0.007819442,0.852388471,0.852424336,1.228659083,1591604334.253689528
0.404059816,-1.096491680,1.168571068,1.082770723,1591604334.273766041
-0.071189213,0.270597468,0.279805099,1.222263899,1591604334.294049740
0.963105904,-0.390202191,1.039149042,1.220265462,1591604334.314191818
0.248436708,0.038359897,0.251380747,1.201213332,1591604334.334392548
0.771569771,0.234684443,0.806471760,1.166706473,1591604334.353515148
0.927192879,-0.110080605,0.933704651,1.188689679,1591604334.374929428
0.232874398,0.281371375,0.365240107,1.307265512,1591604334.393501759
0.700940822,-0.377034081,0.795910004,1.368818382,1591604334.413375378
-0.104708036,0.103003342,0.146879071,1.409853584,1591604334.434384346
0.323854061,-0.464422442,0.566188712,1.447158362,1591604334.453792572
0.181399062,0.685991456,0.709570220,1.358959222,1591604334.472393990
0.117952718,-0.946854077,0.954172671,1.482064962,1591604334.494076490
0.586019143,-0.981570001,1.143196440,1.362156748,1591604334.513311863
-0.280681858,0.820066749,0.866770891,1.369751022,1591604334.532924652
0.894871157,-0.116066110,0.902366737,1.507112402,1591604334.552720070
0.450746749,0.733875489,0.861246692,1.401326805,1591604334.573188066
0.174216457,0.271794568,0.322836896,1.353896418,1591604334.593624353
0.252028011,-0.198666058,0.320914819,1.363888736,1591604334.614214659
-0.244768834,0.009629480,0.244958178,1.277288426,1591604334.633567810
0.606369857,-0.052619766,0.608648702,1.335110871,1591604334.653789282
0.082039693,-0.646381768,0.651567266,1.389202759,1591604334.674482346
0.050915071,-0.389005090,0.392322959,1.313394115,1591604334.693758011
0.580033638,0.444177088,0.730569851,1.304867335,1591604334.714238882
0.389694606,0.093426536,0.400737325,1.422510529,1591604334.734219790
0.684181411,0.800913135,1.053359413,1.227459995,1591604334.754192829
-0.058021104,-1.051001849,1.052602173,1.347634524,1591604334.773659945
0.596793050,0.468119105,0.758483646,1.336709567,1591604334.794074297
0.733262545,0.190391712,0.757577035,1.185225571,1591604334.813341141
0.195764272,-0.019100940,0.196693915,1.204943890,1591604334.834201574
-0.000000000,-29.033506212,29.033506212,-64147213260828530704384.000000000,1591604334.853838205
-0.138226860,-0.317179040,0.345990185,1.227593153,1591604334.873546124
0.371738094,-0.375836981,0.528623350,1.244380263,1591604334.892716646
0.026973055,0.114974351,0.118095923,1.237052572,1591604334.914349079
0.113164315,-0.222608074,0.249720878,1.132865671,1591604334.932821512
0.111967214,0.035965698,0.117601821,1.258902486,1591604334.952785492
1.429975228,1.166028889,1.845115856,0.892782927,1591604334.974180222
0.383709102,1.642474946,1.686699921,0.544516308,1591604334.993521452
0.248436708,1.160043384,1.186347947,-0.003197551,1591604335.013562918
0.195764272,0.797321833,0.821002896,-0.076075068,1591604335.033900023
0.341810573,0.737466791,0.812829463,-0.073810140,1591604335.053515434
0.140697634,0.143704771,0.201114110,-0.084335415,1591604335.073660374
0.167033852,0.630924817,0.652661040,-0.008926497,1591604335.093808889
0.000000000,0.186800410,0.186800410,0.000000000,1591604335.113574028
0.207735280,-0.345909460,0.403493867,0.045032180,1591604335.134256363
-0.040064592,0.529171247,0.530685764,-0.002797857,1591604335.153315067
-0.135832658,-0.284857318,0.315585491,-0.035972452,1591604335.173321009
-0.014925474,0.555507465,0.555707939,-0.005196020,1591604335.193703651
0.000000000,-0.399778997,0.399778997,0.000000000,1591604335.213266134
0.068871584,-0.104095101,0.124816206,-0.008526803,1591604335.233418941
0.079645491,0.372351038,0.380773817,0.007594184,1591604335.253657579
0.101193306,0.967310151,0.972588820,0.009725885,1591604335.273839951
0.204143978,0.199968519,0.285765939,0.010791735,1591604335.294330120
0.096404903,-0.201060259,0.222977876,0.010791735,1591604335.314689875
-0.049641398,-0.373442779,0.376727723,0.033307825,1591604335.332894564
0.314277254,0.298130787,0.433188364,-0.028378266,1591604335.354414225
-0.056824003,-0.421326812,0.425141447,-0.045698337,1591604335.374934435
-0.032881987,0.578252381,0.579186534,-0.045431871,1591604335.393111944
0.204143978,-0.222608074,0.302041584,-0.056889764,1591604335.413279057
0.024578853,-0.099306698,0.102303178,0.007727415,1591604335.433947802
0.052112172,0.233487342,0.239232141,-0.029843810,1591604335.453482866
0.126332424,-0.009524133,0.126690925,-0.003730476,1591604335.474211216
-0.046050096,0.079061326,0.091494833,0.021450238,1591604335.494710684
0.175413558,0.907455109,0.924253586,-0.019052075,1591604335.514324188
0.256816414,-0.403370300,0.478186438,0.007860646,1591604335.533405066
-0.000000000,-0.011918335,0.011918335,-0.000000000,1591604335.553071499
-0.081963121,0.131733762,0.155150692,-0.011724354,1591604335.573232889
0.103587508,0.475301710,0.486458721,0.010258810,1591604335.593537092
0.143091835,-0.387807989,0.413364621,-0.013589593,1591604335.613782644
0.013804946,0.616559608,0.616714136,-0.015588062,1591604335.633447170
0.333430867,0.567478473,0.658185355,0.026379797,1591604335.653744459
0.413636623,0.203559821,0.461011775,0.021183777,1591604335.674593687
-0.041261692,0.081455527,0.091310077,0.020251158,1591604335.694084883
0.267590322,-0.895378741,0.934509320,0.032241973,1591604335.714215279
-0.206461607,0.544733558,0.582547032,-0.017852995,1591604335.734061003
-0.160971775,-0.130431320,0.207181663,-0.048895887,1591604335.753105879
-0.125058751,0.444177088,0.461446613,-0.043699867,1591604335.773580551
-0.005348668,0.215530829,0.215597186,-0.029843810,1591604335.793462515
-0.075977617,0.267006165,0.277605638,-0.026379797,1591604335.813886642
-0.011334172,0.192785914,0.193118803,0.004929558,1591604335.834557295
0.126332424,0.070681620,0.144761088,0.002797857,1591604335.854345798
-0.113087742,0.313693098,0.333454940,-0.016387449,1591604335.873607397
0.280758431,0.074272922,0.290416534,0.017586531,1591604335.893073559
0.210129482,-0.311193536,0.375494096,-0.020517620,1591604335.914462805
-0.131044255,0.118565653,0.176721280,-0.023715170,1591604335.933333635
0.001833937,-0.402173199,0.402177380,0.000000000,1591604335.954489708
-0.059218205,0.447768390,0.451667275,-0.035039833,1591604335.973815441
0.107178810,-0.288448620,0.307717247,0.012523742,1591604335.993796825
0.037746962,0.488469819,0.489926114,-0.016387449,1591604336.013710260
0.198158474,0.597405994,0.629412983,0.022116395,1591604336.033908606
0.402862716,-0.106489303,0.416699339,0.023448709,1591604336.053601503
-0.085554423,-0.070576278,0.110907936,-0.009192959,1591604336.075143576
-0.053232701,-0.412947106,0.416364063,0.015987756,1591604336.093236685
0.316671456,0.166449695,0.357751746,-0.037038299,1591604336.113238811
-0.086751524,-0.458436938,0.466572881,-0.042234320,1591604336.133348942
-0.022108079,0.454950995,0.455487843,-0.046497722,1591604336.153764963
0.053309273,-0.402173199,0.405690967,-0.040768778,1591604336.173410892
-0.196884800,0.379533643,0.427562172,0.003863708,1591604336.194078207
0.337022170,0.097017838,0.350708431,-0.029177653,1591604336.213135481
0.088025197,-0.197468957,0.216199964,-0.029710579,1591604336.233796358
0.205341079,0.502835029,0.543146412,-0.032241973,1591604336.254025221
-0.086751524,0.049133805,0.099699337,-0.010791735,1591604336.273260117
-0.000000000,-0.634410760,0.634410760,-0.052563911,1591604336.294753551
0.297517842,-0.378231182,0.481223123,0.007460953,1591604336.313511848
0.128726625,-0.074167581,0.148564377,-0.032908130,1591604336.333583117
-0.098722532,0.168843897,0.195587321,0.005995409,1591604336.354187489
0.031761458,-0.060999471,0.068773002,-0.045298642,1591604336.373822451
0.000000000,0.000000000,0.000000000,0.000000000,1591604336.393949270
0.164639650,0.134127964,0.212359424,0.036105680,1591604336.413843393
0.037746962,-0.566176013,0.567432913,-0.043566633,1591604336.432860374
0.076054189,0.080258427,0.110569682,0.045431871,1591604336.453996658
0.383709102,0.439388685,0.583348173,0.002797857,1591604336.473411083
-0.058021104,-0.167541436,0.177303642,0.019052075,1591604336.493579149
-0.000000000,-0.373442779,0.373442779,0.000000000,1591604336.513412237
0.303503347,0.568675574,0.644597696,-0.040768778,1591604336.533783674
-0.043655894,0.187997510,0.192999744,-0.005329252,1591604336.553475618
0.234071498,0.091032334,0.251150059,-0.060353777,1591604336.573848486
0.029367257,0.075470023,0.080982468,-0.035173062,1591604336.593959332
0.235268599,0.020403387,0.236151672,-0.015055137,1591604336.612819672
0.186187465,0.708736371,0.732784427,-0.010525273,1591604336.632839680
0.080842592,-0.168738537,0.187104833,0.015854525,1591604336.653300285
-0.014925474,-0.690674499,0.690835750,0.002398163,1591604336.673063993
0.055703475,-0.337529754,0.342095326,0.027312416,1591604336.693224430
0.085630996,0.213136628,0.229695210,-0.001732007,1591604336.713791847
0.134712130,0.136522166,0.191795880,-0.037571227,1591604336.733668327
-0.020910978,-0.183103747,0.184293926,-0.009725885,1591604336.753361225
0.011410744,0.221516334,0.221810034,-0.034107212,1591604336.773645878
-0.194490599,0.203559821,0.281537198,-0.010125579,1591604336.794302702
0.147880239,-0.381822485,0.409459369,-0.001332313,1591604336.812852383
0.249633809,0.269400367,0.367278636,0.015454831,1591604336.833096981
-0.047247197,0.457345197,0.459779215,0.039036769,1591604336.853336573
0.347796077,-0.123248715,0.368988288,0.035705990,1591604336.875136852
0.000000000,-0.241761688,0.241761688,0.000000000,1591604336.894316435
0.273575826,0.666837842,0.720774889,-0.019185306,1591604336.913655043
-0.043655894,0.058710612,0.073162648,-0.029843810,1591604336.933367729
-0.028093583,0.278977173,0.280388147,-0.054225137,1591604336.954213619
-0.182519590,0.346014820,0.391202833,-0.045165409,1591604336.973520279
0.026973055,0.280174274,0.281469660,-0.024248096,1591604336.993983030
0.026973055,0.409461164,0.410348621,0.005862177,1591604337.013818264
0.125135323,-0.148387832,0.194107696,-0.010392041,1591604337.032752991
-0.077174717,-0.800807775,0.804517887,0.013722823,1591604337.053557396
0.279561330,-0.195074755,0.340893968,0.005995409,1591604337.074004412
0.053309273,-0.174724041,0.182675584,-0.016120987,1591604337.093354940
0.219706289,-0.087335690,0.236428374,0.004263402,1591604337.113054276
0.053309273,-0.213031268,0.219600090,-0.024914253,1591604337.134051561
-0.109496440,0.476498810,0.488917771,-0.035972452,1591604337.154513597
0.029367257,-0.150782034,0.153615290,-0.007860646,1591604337.173126459
0.058097676,-0.424918115,0.428871477,-0.001199082,1591604337.194122791
0.326248262,-0.283660217,0.432320538,0.038237384,1591604337.214154005
0.431593135,0.261020661,0.504385190,0.009725885,1591604337.235002995
-0.271105052,-0.156767529,0.313167698,0.001865238,1591604337.253359556
0.224494692,-0.296828326,0.372162494,0.012390511,1591604337.274178743
-0.000000000,0.270597468,0.270597468,0.000000000,1591604337.294145823
0.115558516,-0.478787652,0.492535670,-0.027712111,1591604337.314085245
0.050915071,0.632121918,0.634169113,-0.061419628,1591604337.334420204
0.072462886,0.185603309,0.199247229,-0.035439524,1591604337.354144335
0.053309273,-0.119657412,0.130995324,0.010258810,1591604337.373402834
0.175413558,0.332846711,0.376240414,-0.050761125,1591604337.394055605
0.017396248,-0.300419628,0.300922885,0.029710579,1591604337.413410187
-0.042458793,-0.846297607,0.847362017,-0.004796327,1591604337.433711529
0.254422213,0.077864225,0.266070479,-0.009592653,1591604337.453139544
0.205341079,0.118565653,0.237113417,0.021716702,1591604337.473510027
0.156259945,0.302919190,0.340847775,-0.039836159,1591604337.492946386
0.146683138,-0.087335690,0.170714574,-0.002664626,1591604337.514468908
0.056900576,0.444177088,0.447806834,-0.043033710,1591604337.534276962
-0.183716691,0.029980194,0.186146809,-0.024647789,1591604337.553416252
0.255619313,-0.397384796,0.472499639,-0.004929558,1591604337.574698925
0.212523684,-0.136416824,0.252538840,0.011191428,1591604337.593029737
0.231677297,0.269400367,0.355318065,0.028644730,1591604337.613921404
0.369343892,-0.214228369,0.426976234,-0.004130170,1591604337.633816957
-0.104708036,-0.606877441,0.615844137,-0.009859116,1591604337.653573751
0.327445363,-1.037833740,1.088264369,0.453119643,1591604337.673905134
0.229283095,-1.338306121,1.357804850,0.939813573,1591604337.694045305
0.235268599,-0.693068701,0.731912247,0.839223938,1591604337.713543415
0.238859902,-0.417735510,0.481203708,0.966060169,1591604337.734533310
-0.281878959,-0.605680340,0.668060193,1.100490539,1591604337.752890348
-0.405180345,-0.778062860,0.877241657,1.141126001,1591604337.774280787
0.479477169,0.196377216,0.518133541,1.188822837,1591604337.793869495
0.477082967,-0.365063073,0.600732224,1.273158261,1591604337.813221931
0.054506374,0.332846711,0.337280118,1.191620755,1591604337.833091259
0.092813601,-0.713419415,0.719431460,1.281951490,1591604337.853524685
0.946346492,-0.292039923,0.990383259,1.111015823,1591604337.873858213
0.351387380,0.264611963,0.439877917,1.220265462,1591604337.894298792
1.228862288,-0.482378954,1.320148469,1.324985262,1591604337.914175034
-0.066400810,0.191588813,0.202769181,1.184159773,1591604337.932512760
0.617143764,0.319678602,0.695025779,1.132865671,1591604337.953984737
1.475465059,-0.014312537,1.475534476,1.203211902,1591604337.973017693
0.843395821,0.290948182,0.892170026,1.199481345,1591604337.994464397
0.140697634,-0.448860131,0.470394772,1.211738682,1591604338.013581276
1.249213002,-0.304010931,1.285673276,1.224528918,1591604338.033808708
0.414833724,-0.214228369,0.466884153,1.195617629,1591604338.053530931
-0.211250010,0.516003138,0.557571345,1.290211953,1591604338.073861599
-0.320186186,-0.847494708,0.905961629,1.163508947,1591604338.092560291
-0.553620848,0.183209107,0.583148026,1.179629867,1591604338.114117861
1.136685524,-0.630819457,1.299995065,1.332845851,1591604338.132438660
-0.008939970,-0.304010931,0.304142350,1.158712592,1591604338.154165030
0.064083181,0.729087086,0.731897966,1.189888768,1591604338.174501181
1.089998592,-0.032269049,1.090476145,1.247178181,1591604338.193340302
0.703335024,0.304116291,0.766268148,1.307531962,1591604338.214414597
0.675801705,-0.379428283,0.775031461,1.301270068,1591604338.233262777
0.703335024,-0.344712359,0.783266727,1.250908605,1591604338.254086733
0.418425026,0.654866834,0.777129380,1.199747794,1591604338.274202585
0.510601790,0.751832001,0.908826467,1.289678921,1591604338.293561459
-0.259134044,-1.092900378,1.123201535,1.153516629,1591604338.312754631
-0.138226860,0.445374189,0.466331248,1.198015807,1591604338.334496975
0.971485610,-0.521883282,1.102790302,1.340040384,1591604338.352938890
-0.176534086,0.293342383,0.342365357,1.172835075,1591604338.374292850
0.094010701,1.004420276,1.008810242,1.134064759,1591604338.392971516
1.093589894,-0.198666058,1.111488668,1.253573232,1591604338.413746357
0.493842379,0.459739399,0.674715206,1.246911732,1591604338.433653593
1.030143550,-0.304010931,1.074066283,1.252773884,1591604338.453544855
0.435184438,0.027585992,0.436057888,1.293409479,1591604338.473606348
0.873323342,1.066669520,1.378578080,1.205210339,1591604338.492712021
0.382512001,0.800913135,0.887568184,1.339640644,1591604338.513835907
-0.016122575,0.848797169,0.848950276,1.237319021,1591604338.532934189
-0.371661522,-0.163950134,0.406216608,1.204677441,1591604338.552982092
0.776358174,-0.186695049,0.798490486,1.279819895,1591604338.573039532
-0.064006608,0.342423517,0.348354290,1.146455255,1591604338.593489885
0.539332210,0.158069990,0.562018998,1.013224039,1591604338.613752127
1.013384139,0.138916367,1.022861266,1.092096918,1591604338.633902073
0.438775740,0.058710612,0.442686217,1.154315978,1591604338.654514074
0.867337838,-0.408158703,0.958576263,1.168172011,1591604338.673673868
0.319065657,-0.034663251,0.320943040,1.169637549,1591604338.692883492
0.994230526,0.798518934,1.275196779,1.164175137,1591604338.713962317
0.418425026,1.010405781,1.093617549,1.217334385,1591604338.733382702
0.246042507,0.001249774,0.246045681,1.127269967,1591604338.753804922
-0.177731187,-0.615257147,0.640413719,1.133665152,1591604338.773530483
0.671013301,-0.675112188,0.951858875,1.189222578,1591604338.793901682
-0.414757151,0.499243726,0.649051456,1.151384901,1591604338.813403368
0.633903176,0.852388471,1.062261428,1.078640558,1591604338.833409786
1.155839138,0.288553980,1.191313356,1.144323660,1591604338.853603840
0.635100277,0.263414863,0.687560725,1.166040283,1591604338.872819424
0.757204561,-0.456042736,0.883930837,1.139793754,1591604338.893763065
0.678195906,-0.096912496,0.685085191,1.132466063,1591604338.913021326
0.931981282,0.633319019,1.126801709,1.093962197,1591604338.932980299
-0.157380473,0.549521961,0.571614380,1.224928526,1591604338.953325748
0.114361415,-0.588920928,0.599921989,1.106752366,1591604338.973261833
0.153865743,-0.429706518,0.456423442,1.117544099,1591604338.993228197
0.626720571,-0.181906646,0.652586164,1.262233303,1591604339.013953686
-0.429122361,0.395095954,0.583306792,1.062519572,1591604339.032302856
0.009016542,0.772182715,0.772235355,1.065850389,1591604339.053987980
0.924798677,0.138916367,0.935173968,1.106885591,1591604339.072379589
0.752416158,0.026388891,0.752878774,1.144323660,1591604339.094458103
0.714108931,-0.481181854,0.861096709,1.223995886,1591604339.114474773
0.614749562,-0.245352990,0.661902647,1.183493583,1591604339.133052826
-0.000000000,-0.095715396,0.095715396,1.106352692,1591604339.153639317
0.213720784,-0.149584933,0.260868215,1.225594716,1591604339.173129082
0.052112172,-0.697857104,0.699800126,1.033475191,1591604339.193505049
-0.011334172,0.399884357,0.400044951,1.105553277,1591604339.213955402
1.190555062,-0.269295007,1.220631458,1.173901006,1591604339.233469009
-0.086751524,-0.064590774,0.108156345,1.052660479,1591604339.252554178
0.250830910,0.895484101,0.929950494,1.118210289,1591604339.273702145
1.197737667,-0.119657412,1.203699886,1.134597791,1591604339.293010712
0.424410530,-0.137613925,0.446163524,1.155115326,1591604339.314262152
0.758401662,-0.895378741,1.173403669,1.204943890,1591604339.332772255
0.169428054,0.069484519,0.183122811,1.183626874,1591604339.353033066
0.835016115,0.470513306,0.958454320,1.156447706,1591604339.373545647
-0.116679045,0.414249567,0.430368102,1.211605391,1591604339.393536329
0.236465700,-0.519489080,0.570775728,1.168305302,1591604339.412079096
-0.000000000,0.059907712,0.059907712,1.102089302,1591604339.433490753
0.814665401,-0.289645721,0.864623825,1.201613073,1591604339.453704119
-0.206461607,0.141310569,0.250190072,1.078907074,1591604339.474825144
0.302306246,0.907455109,0.956485150,1.078240884,1591604339.494816065
1.294702834,0.128142460,1.301028792,1.162309859,1591604339.513757467
0.416030825,0.172435200,0.450350469,1.178297620,1591604339.534149885
1.025355147,-0.529065887,1.153804095,1.201479782,1591604339.552911997
0.739248049,-0.288448620,0.793530267,1.231057128,1591604339.573436260
0.627917672,0.452556794,0.774007916,1.119809118,1591604339.594215393
0.080842592,0.915834815,0.919395961,1.253972973,1591604339.614438534
0.314277254,0.551916163,0.635123329,1.215069499,1591604339.632724524
-0.729594670,-0.428509417,0.846125701,1.122873353,1591604339.654059887
0.242451204,-0.649973071,0.693720101,1.278087774,1591604339.672875643
-0.424333958,0.057513511,0.428213862,1.098891777,1591604339.693281412
-0.073583415,-0.466816644,0.472580467,1.042268420,1591604339.713006258
0.705729226,0.112580149,0.714652384,1.147121445,1591604339.732835054
0.402862716,0.234684443,0.466235086,1.096093858,1591604339.753125906
1.219285482,0.349606122,1.268416937,1.185358862,1591604339.773101091
0.266393221,-0.259718200,0.372046894,1.218267025,1591604339.793626785
0.724882839,1.051107209,1.276824770,1.146455255,1591604339.813233137
0.530952504,0.037162799,0.532251478,1.230524229,1591604339.833765507
0.624326369,-0.202257360,0.656270870,1.225061817,1591604339.854081869
-0.669739628,-0.260915301,0.718768366,1.185891761,1591604339.874238253
0.728474141,-0.335135552,0.801866830,1.235054135,1591604339.892472744
-0.460246983,-0.144796530,0.482486601,1.138594665,1591604339.913233042
-0.108299339,0.171238099,0.202611039,1.105553277,1591604339.933063507
0.439972841,-0.179512444,0.475185036,1.126470619,1591604339.953406572
0.104784609,-0.116066110,0.156368654,1.148586983,1591604339.973115206
0.849381325,-0.050225564,0.850864997,1.235986774,1591604339.993799448
0.201749776,-0.417735510,0.463902930,1.247178181,1591604340.012500525
0.066477382,-0.120854513,0.137931344,1.155248617,1591604340.033570051
0.195764272,-0.148387832,0.245647306,1.183360425,1591604340.052554846
1.040917458,-0.616454247,1.209762371,1.226527355,1591604340.074868202
-0.884020677,-0.411750006,0.975207990,1.177897880,1591604340.093646765
0.108375911,-0.688280297,0.696760436,1.294075536,1591604340.112663269
-0.351310807,-0.594906433,0.690892862,1.151917800,1591604340.132834435
0.168230953,0.492061121,0.520024808,1.085568642,1591604340.153009892
0.402862716,-0.259718200,0.479324432,1.194818281,1591604340.173299551
-0.387223832,-0.177118243,0.425808840,1.090498155,1591604340.193244934
-0.633826603,-0.703842608,0.947169774,1.317524280,1591604340.213398218
0.436381539,0.196377216,0.478531983,1.235320584,1591604340.233829260
-0.806209123,-0.536248492,0.968264217,1.160711029,1591604340.253834248
0.603975655,1.194759308,1.338744336,0.884122923,1591604340.272562265
0.377723598,1.531144569,1.577047497,0.570896095,1591604340.293945074
0.545317714,1.696344483,1.781840626,-0.026513028,1591604340.312950611
-0.028093583,1.077443427,1.077809625,-0.059820853,1591604340.333834410
-0.244768834,-0.122051614,0.273511203,-0.035572757,1591604340.353394032
-0.242374632,0.368759736,0.441281322,-0.032108742,1591604340.373667717
0.099996205,-0.371048577,0.384286726,-0.015854525,1591604340.393967628
-0.122664549,0.642895826,0.654493418,-0.053692213,1591604340.413955450
0.125135323,-0.177118243,0.216863369,0.018918844,1591604340.433386087
0.273575826,0.367562635,0.458198672,-0.016387449,1591604340.453923225
-0.111890641,-0.181906646,0.213563910,-0.038370613,1591604340.473855734
-0.053232701,-0.116066110,0.127691277,0.017986226,1591604340.492736816
0.162245449,0.636910322,0.657250594,0.006794796,1591604340.512803078
0.058097676,0.015614984,0.060159519,-0.007727415,1591604340.533408165
0.247239608,0.099412040,0.266477348,-0.034773369,1591604340.552970886
-0.125058751,-0.468013745,0.484434264,-0.020117927,1591604340.573986530
-0.213644212,0.395095954,0.449159952,-0.016387449,1591604340.593826056
0.017396248,-0.286054418,0.286582902,-0.024248096,1591604340.612309217
-0.178928288,0.192785914,0.263024221,0.017186837,1591604340.634142399
0.348993178,0.694371161,0.777140623,0.015588062,1591604340.652403593
0.155062844,0.032374396,0.158406398,-0.023049014,1591604340.674530506
-0.035276188,-0.075364681,0.083212046,0.027179185,1591604340.693246603
-0.043655894,-0.416538409,0.418819870,-0.022915783,1591604340.713302612
-0.157380473,0.161661292,0.225616902,-0.033707517,1591604340.734282017
0.119149819,-0.653564373,0.664336563,-0.019318537,1591604340.753199100
-0.065203709,0.670429145,0.673592430,-0.050094968,1591604340.773511410
-0.014925474,-0.454845635,0.455090455,0.006928028,1591604340.793288946
-0.017319676,0.000052673,0.017319756,-0.047430341,1591604340.813527346
-0.283076060,-0.105292202,0.302024012,-0.017053606,1591604340.834020138
0.092813601,-0.403370300,0.413910574,-0.007993878,1591604340.853940010
-0.098722532,0.205954023,0.228392640,-0.022782552,1591604340.873557568
0.104784609,0.289751081,0.308116055,0.036505375,1591604340.893424273
0.181399062,-0.329150048,0.375826255,-0.023182247,1591604340.914043427
0.000000000,0.204756922,0.204756922,0.000000000,1591604340.933199406
-0.004151567,0.097017838,0.097106624,0.010258810,1591604340.953830242
-0.073583415,0.015614984,0.075221983,-0.044232790,1591604340.974437714
-0.121467448,-0.275280511,0.300888186,-0.023981634,1591604340.992155075
0.255619313,-0.394990594,0.470487835,0.000932619,1591604341.012937784
0.086828096,0.350803223,0.361389014,-0.008793265,1591604341.033747673
-0.152592070,0.176026502,0.232958514,0.033707517,1591604341.052899122
-0.169351481,-0.570964416,0.595550408,-0.022116395,1591604341.073201895
0.090419399,0.029980194,0.095260064,0.001732007,1591604341.093014956
0.345401876,0.075470023,0.353550817,-0.014255749,1591604341.113550663
-0.032881987,0.135325065,0.139262695,-0.042101091,1591604341.133152723
-0.010137071,-0.062196572,0.063017250,-0.019984694,1591604341.153110981
0.011410744,-0.027480646,0.029755520,-0.062485480,1591604341.173792362
0.000000000,0.076667124,0.076667124,0.000000000,1591604341.193109512
0.059294777,0.033571496,0.068138946,-0.033041363,1591604341.212685823
0.034155660,-0.009524133,0.035458683,-0.035839219,1591604341.233018637
-0.219629716,0.326861207,0.393796217,-0.018385919,1591604341.253129005
0.240057003,0.252640955,0.348503683,-0.022649321,1591604341.273001909
0.005425240,0.111383048,0.111515096,-0.000799388,1591604341.293487787
-0.158577574,-0.879816430,0.893993175,0.005062789,1591604341.313591719
0.212523684,0.239472846,0.320177388,0.000799388,1591604341.332501173
0.000000000,-0.361471771,0.361471771,0.000000000,1591604341.352779865
-0.263922447,0.029980194,0.265619785,-0.010525273,1591604341.374035358
0.104784609,-0.241761688,0.263492937,-0.017852995,1591604341.393557549
-0.086751524,0.375942341,0.385821812,-0.051693743,1591604341.413716078
0.022184652,-0.518291979,0.518766551,-0.023715170,1591604341.432268620
0.050915071,-0.004735730,0.051134838,0.002264932,1591604341.452908754
-0.120270347,0.840417463,0.848979663,0.011591123,1591604341.473301411
0.210129482,-0.068182076,0.220914451,0.019451770,1591604341.493179083
-0.154986271,-0.125642916,0.199516633,0.013589593,1591604341.513082027
-0.267513749,-0.313587737,0.412190339,-0.001332313,1591604341.533693075
0.010213643,0.007235278,0.012516699,-0.022782552,1591604341.553974867
-0.071189213,0.270597468,0.279805099,-0.029310886,1591604341.573353291
-0.126255851,0.274188770,0.301860931,-0.065283336,1591604341.593777657
0.000000000,0.000000000,0.000000000,0.000000000,1591604341.613193750
0.009016542,-0.165147235,0.165393189,-0.025047484,1591604341.632732391
0.274772927,0.062301914,0.281747564,-0.008793265,1591604341.653059483
-0.000000000,-0.000000000,0.000000000,0.000000000,1591604341.674655914
-0.176534086,0.101806241,0.203786149,0.007061259,1591604341.693152905
0.007819442,-0.208242864,0.208389621,0.014122517,1591604341.714437723
-0.278287657,0.196377216,0.340599517,0.045831566,1591604341.733912230
0.013804946,-0.453648535,0.453858535,-0.019851463,1591604341.753355026
0.010213643,-0.057408169,0.058309659,-0.012124048,1591604341.772070408
0.301109145,0.555507465,0.631866490,-0.033840750,1591604341.794088364
0.089222298,-0.148387832,0.173146086,-0.065016874,1591604341.812731266
0.053309273,0.025191791,0.058961894,0.011324660,1591604341.833522320
-0.132241356,0.229896039,0.265216826,-0.010791735,1591604341.852649450
-0.414757151,0.586632087,0.718443248,0.041834629,1591604341.873334408
-0.159774675,-0.703842608,0.721749516,0.004929558,1591604341.892910242
-0.066400810,-0.069379177,0.096034045,0.017320069,1591604341.913408041
0.169428054,0.098214939,0.195836768,0.007594184,1591604341.933588982
-0.071189213,0.563887171,0.568363128,-0.027179185,1591604341.954000473
0.230480196,-0.288448620,0.369220432,-0.032375206,1591604341.972235203
-0.072386314,0.016812085,0.074313018,-0.030909662,1591604341.993377686
0.102390407,0.092229435,0.137804442,-0.019851463,1591604342.013425112
-0.116679045,0.227501838,0.255677699,-0.027712111,1591604342.032713652
0.036549862,0.308904694,0.311059484,-0.015454831,1591604342.053065300
0.098799105,-0.107686404,0.146142481,0.000932619,1591604342.073080540
-0.087948625,-0.872633825,0.877054590,0.004929558,1591604342.094065905
0.149077340,0.252640955,0.293345369,0.024647789,1591604342.112980843
0.029367257,-0.191483453,0.193722349,-0.027045954,1591604342.133574963
-0.230403624,0.110185947,0.255395326,-0.016520681,1591604342.151962519
-0.241177531,-0.482378954,0.539310724,-0.051560510,1591604342.173434019
0.015002047,0.252640955,0.253085981,-0.020784082,1591604342.192468882
0.025775954,-0.448860131,0.449599619,0.015721293,1591604342.212805510
-0.000000000,-0.226199377,0.226199377,-0.000000000,1591604342.233345032
0.088025197,0.798518934,0.803356037,0.019052075,1591604342.253059626
0.135909230,-0.008327033,0.136164086,0.011990817,1591604342.273783684
-0.132241356,-0.496744164,0.514045271,0.001465544,1591604342.293215513
-0.323777488,-0.108883505,0.341595491,0.035039833,1591604342.314742804
-0.000000000,0.124551157,0.124551157,-0.032508437,1591604342.333622932
-0.128650053,0.095820737,0.160413372,-0.013589593,1591604342.353341818
0.000000000,0.250246754,0.250246754,0.000000000,1591604342.373377800
0.126332424,0.138916367,0.187770174,-0.038370613,1591604342.393990278
-0.022108079,-0.151979135,0.153578724,-0.005995409,1591604342.412507534
-0.150197868,-0.003538629,0.150239547,-0.029977043,1591604342.434073448
-0.138226860,-0.125642916,0.186796165,-0.009992347,1591604342.452711344
-0.006545768,0.010826581,0.012651558,0.052359900,1591604342.472899675
0.229283095,-0.301616729,0.378871204,0.011591123,1591604342.493776321
-0.146606566,0.374745240,0.402402137,0.013856055,1591604342.513028145
-0.159774675,-0.414144207,0.443895676,-0.038770307,1591604342.533256054
-0.017319676,0.822460950,0.822643292,-0.020384389,1591604342.553737402
-0.098722532,0.007235278,0.098987310,-0.006528333,1591604342.572366953
-0.164563078,-0.010721234,0.164911951,-0.017186837,1591604342.593630075
-0.036473289,0.116171451,0.121762502,-0.024381327,1591604342.612809420
-0.002954466,-0.463225341,0.463234763,-0.012124048,1591604342.632689238
0.149077340,0.125748258,0.195029940,0.014522211,1591604342.654133558
-0.109496440,0.207151124,0.234309749,0.013456361,1591604342.672612906
0.254422213,-0.600891937,0.652534889,0.034240443,1591604342.693628073
-0.056824003,-0.397384796,0.401427008,-0.029577348,1591604342.713607550
-0.108299339,0.381927845,0.396985674,-0.023848401,1591604342.733298302
0.138303432,-0.827143994,0.838626869,-0.031709049,1591604342.753137827
-0.067597911,0.794927631,0.797796601,-0.050894358,1591604342.774041653
0.105981710,-0.107686404,0.151090980,0.014122517,1591604342.792800903
-0.116679045,-0.196271856,0.228334494,-0.039170002,1591604342.813637257
-0.302229673,-0.033466150,0.304076896,0.003197551,1591604342.833779097
0.072462886,-0.244155889,0.254682092,0.001998469,1591604342.852867365
-0.290258665,0.111383048,0.310895925,-0.043966328,1591604342.873176575
0.015002047,0.477695911,0.477931423,0.011191428,1591604342.892860413
0.010213643,-0.125642916,0.126057372,-0.022915783,1591604342.913353205
-0.080766020,0.280174274,0.291583220,-0.001199082,1591604342.933953285
-0.005348668,0.068287418,0.068496567,-0.005329252,1591604342.953372002
-0.220826817,-0.304010931,0.375748758,-0.053159290,1591604342.974190235
0.044929567,-0.512306475,0.514272876,-0.011724354,1591604342.993501902
0.052112172,-0.235776183,0.241466534,0.000532925,1591604343.012484312
-0.101116734,0.349606122,0.363935482,0.003863708,1591604343.034119844
0.268787423,-0.113671908,0.291835538,0.033041363,1591604343.052717924
-0.177731187,-0.566176013,0.593416929,-0.010924967,1591604343.073361158
-0.353705009,0.064696116,0.359573109,0.021983164,1591604343.093596697
0.225691793,0.013220782,0.226078691,-0.020917315,1591604343.113188028
-0.119073246,0.103003342,0.157442455,-0.058755001,1591604343.133277178
-0.166957280,0.228698939,0.283157090,-0.026113333,1591604343.153583527
0.123938222,0.087441031,0.151679323,-0.033840750,1591604343.172534704
-0.222023918,-0.235776183,0.323859582,0.008793265,1591604343.193479300
0.138303432,0.056316410,0.149329760,-0.000932619,1591604343.213210344
-0.069992112,-0.145993630,0.161904404,-0.030776431,1591604343.233044386
-0.067597911,-0.053816866,0.086404471,-0.026912721,1591604343.252966404
-0.143015263,-0.374639880,0.401009233,0.014522211,1591604343.273312569
-0.407574546,0.428614777,0.591462288,0.065016874,1591604343.293595552
0.156259945,-0.184300848,0.241627757,-0.016254218,1591604343.313759089
0.067674483,-0.111277706,0.130240407,-0.022382857,1591604343.333175182
0.077251290,0.067090317,0.102317508,-0.035039833,1591604343.352318764
0.086828096,-0.038254553,0.094881659,-0.040902007,1591604343.373938799
-0.037670390,0.130536661,0.135863454,0.002398163,1591604343.393341541
0.046126668,0.234684443,0.239174533,-0.018385919,1591604343.413790226
-0.569183159,-1.311969903,1.430116951,0.346667822,1591604343.432778358
0.050915071,-1.095294579,1.096477341,1.010559412,1591604343.452769518
0.289138137,-0.736164330,0.790910098,1.090364930,1591604343.472940207
0.481871370,-0.442874627,0.654475326,1.009227099,1591604343.492982626
0.089222298,-0.772077355,0.777215582,1.111815171,1591604343.513484716
0.541726412,0.465724903,0.714399881,1.182294494,1591604343.533237934
0.703335024,-0.485970257,0.854896044,1.246378833,1591604343.551883459
-0.000000000,0.080258427,0.080258427,0.000000000,1591604343.573501348
-0.008939970,-0.604483239,0.604549344,1.308597759,1591604343.593496561
-0.024502281,-0.282463116,0.283523850,1.300870328,1591604343.613063097
-0.047247197,-0.830735296,0.832077779,1.295807656,1591604343.634078503
0.387300405,0.433403181,0.581239985,1.185758602,1591604343.653071880
0.094010701,-0.205848663,0.226299987,1.311662127,1591604343.673244953
1.505392580,0.873936286,1.740681318,1.104753929,1591604343.693032980
-0.010137071,0.202362720,0.202616462,1.254505872,1591604343.713261127
1.089998592,-0.696660003,1.293612032,1.268495197,1591604343.734924793
-0.010137071,0.344817719,0.344966693,1.089165841,1591604343.753215075
0.969091408,0.304116291,1.015689360,1.142858122,1591604343.772268534
0.311883052,0.050330906,0.315918088,1.413450851,1591604343.793629646
-0.133438456,0.536353852,0.552703606,1.222263899,1591604343.813470125
-0.415954252,-0.982767101,1.067168738,1.302335999,1591604343.834897995
0.411242421,0.019206286,0.411690673,1.284616117,1591604343.853203297
0.220903389,-0.621242651,0.659348723,1.330980706,1591604343.873048306
0.596793050,0.295736585,0.666049602,1.197616199,1591604343.893060207
-0.247163035,-0.250141393,0.351653640,1.266230310,1591604343.913407326
1.467085353,0.676414649,1.615511130,1.152583990,1591604343.933485508
0.753613259,-0.040648757,0.754708729,1.262633044,1591604343.953579187
0.726079940,0.034768597,0.726911916,1.257836689,1591604343.974647284
0.659042293,0.878724689,1.098405127,1.058522631,1591604343.994093180
0.240057003,0.002446875,0.240069473,1.086767664,1591604344.014317274
0.806285695,-0.160358831,0.822077598,1.217467544,1591604344.033022165
0.119149819,0.313693098,0.335559292,1.186291501,1591604344.053310871
0.262801918,0.049133805,0.267355529,1.143524178,1591604344.073009968
0.866140737,0.861965278,1.221959048,1.166040283,1591604344.093307972
0.552500319,0.057513511,0.555485739,1.119276086,1591604344.113131285
-0.032881987,-0.110080605,0.114886747,1.208407865,1591604344.133584738
1.010989937,-0.572161517,1.161666671,1.044000474,1591604344.152323246
0.015002047,0.140113468,0.140914319,1.219732563,1591604344.173880339
0.121544020,-0.627228155,0.638896007,1.364155318,1591604344.192551136
-0.139423961,0.173632300,0.222681873,1.212804480,1591604344.213066339
0.013804946,0.938579731,0.938681249,1.140859551,1591604344.233967304
0.757204561,-0.394990594,0.854035314,1.227326703,1591604344.252800941
0.454338051,0.352000324,0.574741066,1.222796798,1591604344.272943974
-0.000000000,-0.513503576,0.513503576,0.000000000,1591604344.293563366
0.393285909,-0.136416824,0.416273175,1.169237809,1591604344.313511848
0.821848006,0.569872675,1.000094501,1.109550218,1591604344.333251238
-0.431516563,1.188773804,1.264669800,1.152051091,1591604344.353975296
-0.017319676,-0.508715173,0.509009920,1.102888650,1591604344.372729778
0.048520870,0.378336542,0.381435203,1.123939283,1591604344.392572403
-0.103510936,-0.859465716,0.865676516,1.307931702,1591604344.412881136
-0.540452739,0.466922004,0.714216578,1.144989717,1591604344.432787895
0.271181624,1.272570789,1.301144069,0.997902401,1591604344.453474760
0.700940822,0.120959855,0.711301148,1.138328216,1591604344.473138571
0.776358174,-0.026283545,0.776802961,1.137528868,1591604344.492097855
0.277167128,-0.288448620,0.400030278,1.117677390,1591604344.512135744
0.576442336,-0.148387832,0.595235008,1.146188805,1591604344.532263994
0.596793050,-0.113671908,0.607522219,1.074377168,1591604344.552349329
-0.579957066,-0.547022399,0.797235037,1.214936208,1591604344.573744535
-0.097525431,-1.073746765,1.078166650,1.034541055,1591604344.593130827
-0.066400810,0.401081458,0.406540777,1.109550218,1591604344.613188744
0.685378511,-0.450057232,0.819936105,1.194951572,1591604344.632762671
-0.152592070,-0.196271856,0.248610099,1.019619091,1591604344.652948380
0.113164315,0.253838056,0.277920710,1.071446092,1591604344.673635006
1.054085567,0.083849729,1.057415320,1.115012763,1591604344.693437576
0.930784182,0.621348011,1.119121326,1.112214845,1591604344.711922407
0.606369857,0.075470023,0.611048384,1.133265411,1591604344.733690500
0.833819014,0.322072803,0.893859631,1.160977478,1591604344.752667904
0.596793050,0.326861207,0.680441175,1.133531861,1591604344.772654295
-0.255542741,-0.378231182,0.456465683,1.220531911,1591604344.793101549
0.473491664,-0.496744164,0.686257329,1.054392466,1591604344.812650204
-0.107102238,0.435797382,0.448765248,1.108351196,1591604344.831921339
0.948740694,-0.642790466,1.145987996,1.207208776,1591604344.853488207
0.000636837,0.132930863,0.132932388,1.090231706,1591604344.873744011
-0.296244169,-0.175921142,0.344541516,1.075975931,1591604344.893588066
0.614749562,0.264611963,0.669280596,1.141126001,1591604344.913251638
0.625523470,0.590223389,0.860025151,1.176565633,1591604344.933859348
0.365752590,0.079061326,0.374200014,1.143391020,1591604344.954483509
1.021763845,0.334043812,1.074982150,1.154049528,1591604344.972234964
0.110770113,0.788942127,0.796680424,1.053859567,1591604344.994196653
0.047323769,-0.630819457,0.632592070,1.241316028,1591604345.012943506
0.803891494,0.164055494,0.820460687,1.048530313,1591604345.034554243
0.407651119,0.306510493,0.510027565,1.184959121,1591604345.053303480
1.091195693,-0.363865972,1.150263659,1.264897930,1591604345.073344231
0.224494692,0.058710612,0.232044829,1.136196488,1591604345.091819286
-0.438699168,-0.343515258,0.557189100,1.095028061,1591604345.113740683
0.970288509,0.373548139,1.039710538,1.178297620,1591604345.132444143
-0.040064592,0.130536661,0.136546664,1.163109207,1591604345.153832197
0.801497292,0.108988846,0.808873586,1.171103088,1591604345.172387600
0.794314687,-0.169935638,0.812289322,1.132732512,1591604345.194468021
0.256816414,0.727889985,0.771866893,1.080239388,1591604345.213978529
0.292729439,-0.064590774,0.299770733,1.167905562,1591604345.232768059
1.025355147,0.675217548,1.227710029,1.048263864,1591604345.254404306
0.569259731,-0.381822485,0.685452443,1.225061817,1591604345.272943735
0.842198720,-0.211834167,0.868430998,1.180962247,1591604345.294255495
0.418425026,0.840417463,0.938818947,1.134464500,1591604345.312283516
0.265196120,-0.029874848,0.266873544,1.108217904,1591604345.334402084
0.382512001,-0.151979135,0.411598213,1.115945336,1591604345.352443218
-0.720017863,-0.954036682,1.195245461,1.130201044,1591604345.374439478
0.231677297,0.299327888,0.378512291,1.177498272,1591604345.393361330
-0.431516563,0.305313392,0.528604589,1.179230260,1591604345.412750721
0.881703048,0.731481287,1.145628708,1.110882531,1591604345.433066845
0.280758431,-0.335135552,0.437196906,1.199214895,1591604345.453158617
1.291111531,0.894287000,1.570578946,1.116877975,1591604345.472393036
-0.538058537,-1.213807562,1.327718263,1.180029608,1591604345.493535042
-0.111890641,0.300524988,0.320678631,1.158312851,1591604345.514307737
0.550106118,0.808095740,0.977566093,1.075176583,1591604345.534219503
0.483068471,0.150887375,0.506085119,1.072511956,1591604345.569113970
0.052112172,-0.513503576,0.516141067,1.085168901,1591604345.572627306
0.490251076,0.493258222,0.695449345,1.067449152,1591604345.594717979
-0.182519590,-0.836720800,0.856396578,1.129534987,1591604345.613021612
-0.230403624,-0.055013967,0.236880490,1.106485917,1591604345.633325577
0.280758431,-0.241761688,0.370505074,1.114479798,1591604345.654466629
0.843395821,-0.017903839,0.843585833,1.126337328,1591604345.673457861
-0.279484758,-0.404567401,0.491717918,1.114346573,1591604345.692331553
0.419622127,-0.220213873,0.473895431,1.205609947,1591604345.712671757
0.229283095,0.290948182,0.370434316,1.095294510,1591604345.733368158
0.216114986,0.308904694,0.376998405,1.024681895,1591604345.752846241
0.902053762,0.099412040,0.907515147,1.155781516,1591604345.773056507
0.310685952,-0.128037118,0.336034617,1.118076998,1591604345.793400049
0.812271199,0.033571496,0.812964665,1.143790628,1591604345.812310219
0.698546621,-0.383019586,0.796662654,1.184426222,1591604345.833231688
0.490251076,0.986463764,1.101570186,1.146988287,1591604345.853152037
0.475885866,0.604588599,0.769411939,1.247711080,1591604345.873231411
-0.030487785,0.452556794,0.453582580,1.165907125,1591604345.893858910
-0.314200682,-0.535051391,0.620485342,1.183227134,1591604345.913429260
0.560880025,-0.289645721,0.631253551,1.253972973,1591604345.932490587
-0.577562864,0.174829401,0.603443603,1.152850439,1591604345.953120947
0.678195906,0.994843470,1.204019608,1.077175020,1591604345.973043919
0.700940822,0.013220782,0.701065493,1.118743188,1591604345.992896557
0.210129482,0.028783093,0.212091644,1.118610029,1591604346.013111591
0.597990151,-0.047831362,0.599900041,1.116877975,1591604346.033541203
0.228085994,0.025191791,0.229472977,1.190954565,1591604346.053794146
0.490251076,0.836826160,0.969857794,1.213337378,1591604346.072153568
0.256816414,-0.219016772,0.337524839,1.189888768,1591604346.092260122
0.438775740,-0.531460089,0.689183558,1.237585471,1591604346.112461329
-0.254345640,-0.234579083,0.346004409,1.166706473,1591604346.132839918
-0.043655894,-0.770880255,0.772115408,1.250908605,1591604346.152957201
-0.460246983,-0.406961602,0.614365552,1.185492153,1591604346.173228264
0.103587508,0.231093140,0.253247727,1.037072391,1591604346.192843914
0.443564144,-0.341121057,0.559564764,1.142191932,1591604346.213328362
0.062886080,-0.008327033,0.063434994,1.175766151,1591604346.233138323
0.401665615,-0.168738537,0.435669554,1.110482857,1591604346.254160643
0.370540993,-0.049028463,0.373770542,1.159911681,1591604346.273380756
0.359767086,-0.219016772,0.421189627,1.113813674,1591604346.292277575
0.410045320,0.074272922,0.416717688,1.134064759,1591604346.314076185
0.710517629,-0.098109597,0.717259224,1.147387894,1591604346.332897425
-0.831348240,-0.168738537,0.848299823,1.135796747,1591604346.353152990
-0.224418119,-0.896575842,0.924235756,1.252507435,1591604346.373514652
-0.049641398,-0.365063073,0.368422741,1.174433905,1591604346.393193960
0.305897548,0.483681415,0.572294523,1.091697244,1591604346.414254427
0.444761245,-0.005932831,0.444800813,1.151518059,1591604346.433479548
0.588413344,-0.044240060,0.590074103,1.188156647,1591604346.452861547
0.287941036,-0.034663251,0.290019967,1.184159773,1591604346.474242926
-0.129847154,-0.787639666,0.798270961,1.193485901,1591604346.493647814
0.005425240,0.091032334,0.091193854,1.239983648,1591604346.512909412
0.722488637,0.195180115,0.748388341,0.959931500,1591604346.533858538
0.491448177,1.035544898,1.146243668,0.440862373,1591604346.552796125
0.449549648,1.381506965,1.452809822,-0.116577388,1591604346.573240280
0.486659774,0.720707380,0.869630302,-0.023315478,1591604346.593848705
-0.321383287,0.129339561,0.346433167,-0.028644730,1591604346.613167048
-0.299835472,0.171238099,0.345287991,-0.026646259,1591604346.632369041
0.176610659,0.633319019,0.657483311,-0.052759595,1591604346.653423548
-0.340536900,0.300524988,0.454181295,-0.037571227,1591604346.672528267
0.158654146,0.286159778,0.327198039,-0.007061259,1591604346.692995071
0.392088808,-0.309996435,0.499831395,-0.043566633,1591604346.712704659
-0.049641398,0.256232258,0.260996625,0.006661565,1591604346.733005047
0.073659987,-0.108883505,0.131458782,0.022782552,1591604346.752788544
0.145486037,0.553113264,0.571926979,0.005995409,1591604346.772994518
-0.008939970,0.059907712,0.060571091,-0.005062789,1591604346.793610573
0.155062844,0.405869861,0.434482255,-0.020650851,1591604346.813060045
0.477082967,-0.585329626,0.755128418,-0.040235854,1591604346.833716631
0.010213643,-0.096912496,0.097449220,0.019052075,1591604346.853608847
0.250830910,-0.011918335,0.251113903,-0.011857585,1591604346.873562813
0.072462886,0.340029316,0.347664789,0.021583469,1591604346.893061876
0.286743935,0.069484519,0.295042679,0.039170002,1591604346.913767338
-0.081963121,-0.371048577,0.379993421,-0.005329252,1591604346.933049917
-0.103510936,-0.107686404,0.149368254,0.012790205,1591604346.952805042
0.055703475,0.304116291,0.309175671,-0.024647789,1591604346.973496199
-0.099919633,-0.274083410,0.291728725,-0.026113333,1591604346.992939711
-0.050838499,0.178420704,0.185522237,-0.065816260,1591604347.012456894
0.225691793,-0.167541436,0.281081693,-0.018119457,1591604347.033449888
0.077251290,0.101806241,0.127797780,-0.015854525,1591604347.052111149
-0.012531273,0.239472846,0.239800494,-0.029310886,1591604347.073602200
-0.072386314,-0.144796530,0.161882097,0.022516090,1591604347.093329906
0.000000000,0.263414863,0.263414863,0.006128640,1591604347.112673998
0.145486037,0.663246540,0.679015581,0.010791735,1591604347.134643316
0.371738094,-0.021495142,0.372359036,0.001598776,1591604347.152710199
-0.081963121,-0.019100940,0.084159367,-0.032241973,1591604347.173026562
-0.262725346,0.365168433,0.449858413,-0.003730476,1591604347.193047047
0.022184652,0.114974351,0.117095090,-0.001465544,1591604347.213729620
0.211326583,-0.365063073,0.421817463,-0.007594184,1591604347.232113123
0.147880239,0.076667124,0.166572545,0.021450238,1591604347.254048109
0.179004860,0.708736371,0.730992465,-0.027312416,1591604347.272443771
-0.086751524,-0.137613925,0.162675810,0.003996939,1591604347.292438507
-0.202870305,-0.149584933,0.252055574,0.008793265,1591604347.312976122
-0.269907951,0.249049653,0.367254723,-0.010791735,1591604347.333643675
0.125135323,0.100609141,0.160564779,0.009592653,1591604347.353275537
-0.093934129,0.189194611,0.211230257,-0.014921905,1591604347.373863935
-0.278287657,0.209545325,0.348357953,-0.041834629,1591604347.393087387
0.071265786,-0.404567401,0.410796292,0.000666156,1591604347.413418770
-0.159774675,0.023994690,0.161566370,-0.043966328,1591604347.433535099
-0.254345640,-0.104095101,0.274822661,0.003064320,1591604347.452728271
0.150274440,0.120959855,0.192908512,0.011724354,1591604347.474116087
-0.125058751,0.063499015,0.140256251,-0.016920375,1591604347.492699146
0.392088808,0.142507670,0.417183496,0.010791735,1591604347.512899399
0.138303432,0.010826581,0.138726545,-0.016254218,1591604347.533029795
-0.172942784,-0.410552905,0.445491744,-0.005329252,1591604347.553130388
0.019790450,0.207151124,0.208094329,0.022915783,1591604347.572584867
0.083236794,-0.306405132,0.317509794,-0.029577348,1591604347.593786240
-0.055626902,0.372351038,0.376483264,0.015987756,1591604347.612884521
0.149077340,-0.311193536,0.345058647,-0.044898947,1591604347.633940220
-0.154986271,-0.148387832,0.214568621,0.016120987,1591604347.652436018
0.204143978,0.336438013,0.393529288,0.052226667,1591604347.672834873
0.020987551,-0.483576055,0.484031278,-0.023049014,1591604347.692766190
0.115558516,-0.324361645,0.344331595,0.029310886,1591604347.713244915
0.352584481,0.104200443,0.367659555,-0.015987756,1591604347.732304335
-0.097525431,0.318481501,0.333079084,-0.020117927,1591604347.753401756
0.056900576,0.100609141,0.115584924,-0.041168473,1591604347.773219347
0.104784609,0.182012006,0.210019486,-0.046897417,1591604347.792227983
0.009016542,-0.246550091,0.246714907,0.002531395,1591604347.813749075
0.016199147,0.318481501,0.318893209,-0.006661565,1591604347.832417250
0.208932381,0.433403181,0.481135175,0.021583469,1591604347.853785753
-0.071189213,0.043148301,0.083244699,0.004529864,1591604347.873985052
0.187384566,-0.347106561,0.394456512,-0.007594184,1591604347.893309355
-0.122664549,0.313693098,0.336823323,0.010392041,1591604347.913295031
-0.103510936,-0.038254553,0.110353634,-0.015188368,1591604347.933140039
0.210129482,0.039556998,0.213820381,-0.003330782,1591604347.951911926
0.000000000,0.019206286,0.019206286,0.000000000,1591604347.973519564
0.146683138,-0.028677747,0.149460216,-0.041834629,1591604347.992803574
0.005425240,-0.371048577,0.371088237,-0.017852995,1591604348.013835192
0.079645491,-0.083744387,0.115570440,0.011058198,1591604348.032846451
0.110770113,0.013220782,0.111556295,0.045565104,1591604348.052472115
0.105981710,-0.325558746,0.342374969,-0.047163879,1591604348.074463844
0.000000000,0.000000000,0.000000000,0.000000000,1591604348.092363119
0.286743935,0.158069990,0.327426642,-0.005462483,1591604348.113304615
-0.074780516,0.334043812,0.342311837,-0.040369083,1591604348.133344173
-0.059218205,0.075470023,0.095929767,-0.032241973,1591604348.153097391
0.145486037,0.159267090,0.215713220,-0.018519150,1591604348.172193050
0.065280281,-0.215425469,0.225099196,-0.016120987,1591604348.193617344
-0.005348668,0.256232258,0.256288076,-0.012656973,1591604348.212228060
0.186187465,0.143704771,0.235195309,-0.016520681,1591604348.233620405
0.000000000,0.195180115,0.195180115,0.000000000,1591604348.252699137
0.094010701,-0.124445815,0.155964012,0.044499252,1591604348.272592545
-0.107102238,0.604588599,0.614001843,0.006528333,1591604348.292937756
-0.055626902,-0.636804962,0.639229936,0.008393572,1591604348.312828064
-0.357296312,-1.659129144,1.697165333,0.392499413,1591604348.333459854
0.088025197,-1.400555364,1.403318839,0.949939182,1591604348.353907824
0.170625154,-0.648775970,0.670837687,0.959132085,1591604348.372683048
0.024578853,-0.728981725,0.729395967,1.082637499,1591604348.394693613
1.177386953,0.257429359,1.205201191,0.999101490,1591604348.413470984
0.402862716,-0.914532354,0.999333675,1.194285382,1591604348.432661772
0.623129268,0.433403181,0.759031226,1.227593153,1591604348.453657866
0.592004647,-0.210637066,0.628360943,1.145389457,1591604348.472392082
0.497433681,-0.305208032,0.583602784,1.215069499,1591604348.493046522
0.767978469,-0.192680554,0.791780730,1.250109257,1591604348.512980223
0.127529525,0.255035157,0.285143316,1.193485901,1591604348.533001184
0.906842165,-0.450057232,1.012380474,1.247044890,1591604348.552117586
0.558485823,-0.106489303,0.568547612,1.241848927,1591604348.573329449
0.588413344,0.507623432,0.777117631,1.218133734,1591604348.592226744
0.364555489,1.286935999,1.337574286,1.285282307,1591604348.612686634
0.167033852,-0.178315344,0.244329019,1.181361855,1591604348.632718086
-0.000000000,0.073075822,0.073075822,-0.000000000,1591604348.653306246
0.790723384,-0.737361431,1.081177761,1.264365032,1591604348.671666384
-0.340536900,0.638107422,0.723288644,1.164041846,1591604348.692952156
0.954726198,0.723101581,1.197655214,1.089832032,1591604348.713356495
0.109573012,-0.356683367,0.373134385,1.156181256,1591604348.732098103
0.167033852,0.062301914,0.178274609,1.208407865,1591604348.753386736
0.661436495,0.189194611,0.687962817,1.168971359,1591604348.772194624
0.295123641,-0.387807989,0.487332535,1.224795368,1591604348.793459654
0.466309059,0.652472632,0.801975483,1.183093976,1591604348.812538147
0.495039479,0.620150910,0.793505663,1.244380263,1591604348.832937479
0.416030825,0.859571076,0.954957634,1.190421666,1591604348.853941917
-0.370464421,-0.518291979,0.637079636,1.191620755,1591604348.872848988
0.618340865,-0.369851476,0.720510611,1.334711130,1591604348.893434525
-0.364478917,-0.156767529,0.396763076,1.202945453,1591604348.913561344
-0.174139885,0.217925031,0.278955227,1.087300629,1591604348.932710409
0.779949477,-0.366260174,0.861665655,1.198681997,1591604348.952469110
0.122741121,-0.081350186,0.147252285,1.157779953,1591604348.972553015
0.848184224,0.207151124,0.873114005,1.180296057,1591604348.992751360
-0.212447111,-0.527868786,0.569016019,1.183626874,1591604349.012576342
0.997821828,0.280174274,1.036410162,1.108750870,1591604349.032910824
0.535740908,0.182012006,0.565815067,1.202812162,1591604349.052911997
0.404059816,0.132930863,0.425364490,1.144456818,1591604349.073363543
-0.138226860,-0.615257147,0.630593388,1.186158210,1591604349.092990160
0.048520870,-0.745741137,0.747317950,1.250109257,1591604349.111896038
-0.490174504,-0.649973071,0.814086013,1.250908605,1591604349.133578300
0.399271413,0.428614777,0.585771533,1.115012763,1591604349.152052164
0.098799105,-0.191483453,0.215469663,1.153783079,1591604349.173348427
0.617143764,-0.147190731,0.634453731,1.214536467,1591604349.192712307
0.615946663,-0.124445815,0.628392435,1.215735556,1591604349.212538242
-0.424333958,-0.269295007,0.502572491,1.221064810,1591604349.232614994
0.000000000,-0.459634039,0.459634039,1.171103088,1591604349.253093719
1.046902962,0.359182929,1.106805398,1.165640676,1591604349.273362398
0.285546834,-0.825946893,0.873913762,1.173634556,1591604349.294055223
-0.369267320,0.154478687,0.400277427,1.108617645,1591604349.311793089
0.505813387,-1.009103320,1.128776635,1.255704961,1591604349.333680153
0.158654146,-0.096912496,0.185911726,1.213603828,1591604349.353484154
0.274772927,0.685991456,0.738975262,1.089432291,1591604349.372067928
-0.080766020,-0.150782034,0.171050787,1.184159773,1591604349.392344713
0.915221871,0.134127964,0.924998045,1.179230260,1591604349.412936687
-0.000000000,-0.116066110,0.116066110,1.211871840,1591604349.432703733
-0.000000000,-0.460831140,0.460831140,1.216135297,1591604349.452963829
0.443564144,-0.383019586,0.586048763,1.165107644,1591604349.473120451
0.468703261,-0.238170385,0.525745071,1.192819844,1591604349.493046045
0.135909230,-0.603286138,0.618405598,1.165374226,1591604349.513977528
-0.025699382,0.100609141,0.103839575,1.161776960,1591604349.533890724
-0.018516777,-0.791230969,0.791447608,1.303002056,1591604349.553290129
0.435184438,0.196377216,0.477440579,1.287147585,1591604349.572064161
0.396877211,0.381927845,0.550799782,1.162576308,1591604349.592532635
0.497433681,0.117368552,0.511092598,1.176698791,1591604349.612941027
0.653056789,-0.090926992,0.659356419,1.182294494,1591604349.632719517
-0.081963121,-0.016706738,0.083648480,1.238251661,1591604349.651959896
0.181399062,-0.450057232,0.485239252,1.211205783,1591604349.672837019
0.180201961,-0.678703491,0.702218752,1.173234816,1591604349.693271637
0.841001619,0.362774232,0.915908766,1.224395627,1591604349.713324785
0.000000000,-0.045437161,0.045437161,0.000000000,1591604349.733443022
0.663830696,0.549521961,0.861768866,1.162976049,1591604349.752875328
-0.233994926,-0.671520886,0.711121597,1.259435518,1591604349.772912502
0.680590108,0.003643976,0.680599863,1.272492071,1591604349.792656422
0.741642250,0.336438013,0.814385513,1.065717164,1591604349.812827110
0.049717971,0.536353852,0.538653257,0.756354053,1591604349.832553387
0.164639650,0.786547925,0.803594334,0.279918957,1591604349.852861166
-0.079568919,0.663246540,0.668002384,0.056090374,1591604349.873512745
-0.037670390,0.635713221,0.636828358,-0.113246605,1591604349.893750906
-0.146606566,0.227501838,0.270648427,-0.060620239,1591604349.913238049
-0.171745683,0.487272718,0.516653928,-0.035173062,1591604349.933823824
-0.050838499,0.504032129,0.506589519,-0.009059728,1591604349.952786446
-0.036473289,0.731481287,0.732390043,-0.021183777,1591604349.972458601
-0.189702195,-0.032269049,0.192427167,-0.046098027,1591604349.992554665
-0.126255851,0.399884357,0.419342389,0.032774899,1591604350.012470484
0.213720784,-0.435692022,0.485287659,0.033574287,1591604350.032735825
0.110770113,0.009629480,0.111187881,0.022782552,1591604350.052621126
0.165836751,0.101806241,0.194592751,-0.016387449,1591604350.073112011
-0.128650053,0.045542502,0.136473278,-0.039036769,1591604350.093494177
-0.024502281,-0.143599429,0.145674835,-0.020117927,1591604350.113053799
0.074857088,0.077864225,0.108011208,-0.042367553,1591604350.132550955
-0.111890641,-0.477590551,0.490522426,-0.025713641,1591604350.153299332
0.076054189,0.296933686,0.306518928,-0.021050546,1591604350.172131777
0.240057003,-0.102898000,0.261180709,-0.036771837,1591604350.192293406
-0.158577574,-0.050225564,0.166341378,0.045165409,1591604350.212490082
0.181399062,-0.597300634,0.624238470,-0.014921905,1591604350.233082533
-0.092737028,0.148493174,0.175072497,-0.003730476,1591604350.252766609
-0.053232701,-0.408158703,0.411615412,-0.000266463,1591604350.272903681
0.350190279,0.362774232,0.504220561,-0.050094968,1591604350.291760445
0.155062844,-0.066984976,0.168912618,0.005728946,1591604350.314184427
0.072462886,-0.252535595,0.262726277,-0.010392041,1591604350.333535671
-0.071189213,0.278977173,0.287916945,-0.049295578,1591604350.352320910
0.231677297,-0.824749792,0.856671809,0.029977043,1591604350.374222755
0.073659987,0.116171451,0.137555806,0.018652383,1591604350.392196655
-0.086751524,0.274188770,0.287585307,-0.012656973,1591604350.412720680
0.074857088,-0.317179040,0.325892815,0.015588062,1591604350.432711840
0.074857088,-0.612862945,0.617417665,-0.016653912,1591604350.452669859
0.000000000,0.256232258,0.256232258,0.000000000,1591604350.472592592
0.171822255,-0.499138366,0.527884453,-0.022116395,1591604350.492779255
-0.156183372,0.680005952,0.697711502,-0.043166939,1591604350.513707876
0.266393221,-0.071773379,0.275892671,-0.015721293,1591604350.533168077
0.000000000,-0.201060259,0.201060259,0.000000000,1591604350.662650824
-0.000000000,-0.000000000,0.000000000,-0.051944592,1591604350.667296171
-0.046050096,-0.450057232,0.452407033,-0.036771837,1591604350.670802116
-0.231600724,0.094623636,0.250184988,0.017053606,1591604350.672707081
0.296320742,0.033571496,0.298216410,0.011457891,1591604350.675907373
-0.048444297,-0.076561782,0.090601084,-0.018519150,1591604350.678118944
-0.151394969,0.039556998,0.156477451,-0.016520681,1591604350.680642843
0.156259945,-0.278871813,0.319666480,0.006395102,1591604350.692972660
-0.035276188,-0.290842822,0.292974327,-0.063817793,1591604350.713305235
-0.194490599,-0.174724041,0.261448051,0.005329252,1591604350.731841326
0.258013515,-0.531460089,0.590779823,-0.030376736,1591604350.752073050
0.022184652,-0.246550091,0.247546170,-0.005862177,1591604350.772689104
-0.060415306,0.718313178,0.720849382,0.054624832,1591604350.792261839
0.152668642,-0.629622357,0.647867291,-0.031575818,1591604350.813259602
0.009016542,-0.035860352,0.036976518,0.052359900,1591604350.832846403
0.419622127,-0.276477612,0.502516268,0.000532925,1591604350.852626324
-0.000000000,0.322072803,0.322072803,-0.000000000,1591604350.873371601
0.161048348,0.249049653,0.296584389,-0.013722823,1591604350.891701937
0.058097676,-0.362668871,0.367292867,-0.051826976,1591604350.912968636
0.031761458,0.499243726,0.500253024,-0.009059728,1591604350.931952477
0.195764272,-0.167541436,0.257669911,0.013456361,1591604350.952106476
0.041338265,0.094623636,0.103259308,-0.032375206,1591604350.972949028
-0.041261692,-0.083744387,0.093357644,0.014788674,1591604350.992656708
0.035352761,-0.928897564,0.929570063,-0.002664626,1591604351.012755871
0.202946877,0.559098768,0.594793129,0.013056667,1591604351.032803297
0.316671456,-0.317179040,0.448200127,0.006928028,1591604351.052737474
0.022184652,-0.117263210,0.119343283,-0.048229731,1591604351.072853565
-0.093934129,-0.308799334,0.322770273,-0.011457891,1591604351.093323231
0.198158474,-0.003538629,0.198190067,-0.021183777,1591604351.112050533
-0.169351481,-0.396187695,0.430864960,-0.021050546,1591604351.134014606
-0.080766020,-0.135219723,0.157504043,0.001598776,1591604351.152363300
0.174216457,0.122156956,0.212776163,-0.003730476,1591604351.173631907
0.017396248,0.171238099,0.172119481,0.017453300,1591604351.192510128
0.038944063,-0.418932610,0.420738841,0.035572757,1591604351.212466717
0.083236794,-0.399778997,0.408352312,0.017320069,1591604351.232621670
0.184990364,0.135325065,0.229203639,-0.001732007,1591604351.252706766
-0.116679045,-0.069379177,0.135747817,-0.004663096,1591604351.273540974
-0.235192027,0.158069990,0.283375036,-0.053558980,1591604351.292188406
0.389694606,0.004841077,0.389724675,-0.001465544,1591604351.313333273
0.042535366,-0.557796307,0.559415746,-0.045698337,1591604351.332249403
0.018593349,0.209545325,0.210368619,-0.042767248,1591604351.353275776
0.510601790,-0.367457275,0.629077926,0.001732007,1591604351.372270823
-0.163365977,0.065893217,0.176154360,0.001199082,1591604351.392405272
-0.128650053,-0.732573028,0.743783623,0.021317007,1591604351.413247108
0.224494692,-0.173526940,0.283741900,0.011058198,1591604351.432604313
-0.177731187,0.172435200,0.247633344,-0.013056667,1591604351.452737331
-0.019713878,-0.083744387,0.086033478,0.003330782,1591604351.473657608
0.131120827,-0.278871813,0.308159309,-0.035572757,1591604351.492068291
-0.153789170,0.352000324,0.384129323,-0.029310886,1591604351.513308048
0.103587508,-0.491955761,0.502743317,-0.005995409,1591604351.532582283
0.015002047,0.262217762,0.262646561,-0.032908130,1591604351.552440882
-0.121467448,1.079837629,1.086647894,0.047163879,1591604351.572193623
0.000000000,0.000000000,0.000000000,0.000000000,1591604351.591794252
-0.087948625,-0.387807989,0.397655626,0.010258810,1591604351.612829685
0.000000000,-0.099306698,0.099306698,0.000000000,1591604351.633061409
0.019790450,0.221516334,0.222398624,-0.039569697,1591604351.652857542
-0.309412278,0.147296073,0.342683660,0.015588062,1591604351.671942234
0.000000000,0.000000000,0.000000000,0.000000000,1591604351.692366600
0.105981710,0.205954023,0.231622931,-0.071012280,1591604351.713684320
-0.160971775,0.026388891,0.163120465,-0.009192959,1591604351.733629704
0.314277254,-0.204651562,0.375036604,-0.004929558,1591604351.752850294
-0.066400810,-0.136416824,0.151718876,0.005995409,1591604351.772888899
-0.017319676,-0.177118243,0.177963039,0.049428811,1591604351.793239355
0.151471541,-0.314784838,0.349332395,-0.013056667,1591604351.812746286
-0.011334172,0.275385871,0.275619015,0.016520681,1591604351.832492590
0.165836751,-0.757712145,0.775647809,-0.011058198,1591604351.853130579
0.173019356,0.759014606,0.778484984,-0.033707517,1591604351.872109413
0.031761458,0.053922208,0.062581106,-0.020517620,1591604351.892420530
0.018593349,-0.149584933,0.150736077,-0.056223607,1591604351.913460255
-0.241177531,-0.015509638,0.241675713,-0.008526803,1591604351.932584047
0.126332424,-0.843903405,0.853307001,0.005462483,1591604351.953612804
0.125135323,0.062301914,0.139786900,0.034640138,1591604351.972687244
0.026973055,0.112580149,0.115766297,0.009725885,1591604351.992791176
0.064083181,-0.381822485,0.387162839,0.007993878,1591604352.012873173
-0.042458793,-0.367457275,0.369902146,0.012523742,1591604352.033433437
0.205341079,0.292145283,0.357090779,-0.010125579,1591604352.053125143
0.089222298,-0.523080383,0.530635190,-0.043300172,1591604352.073630333
-0.103510936,0.457345197,0.468912724,-0.046630955,1591604352.092257977
0.146683138,-0.329150048,0.360354960,-0.022116395,1591604352.112740040
0.092813601,0.258626459,0.274776291,-0.026513028,1591604352.132342339
-0.073583415,0.126945359,0.146729830,-0.003730476,1591604352.152812481
0.090419399,-0.184300848,0.205286313,-0.027845342,1591604352.172570229
-0.038867491,0.156872889,0.161616166,0.031975511,1591604352.192620993
0.137106331,-0.202257360,0.244348493,0.024381327,1591604352.211875916
-0.012531273,-0.198666058,0.199060883,-0.015454831,1591604352.233110905
-0.286667363,-0.047831362,0.290630377,-0.017453300,1591604352.253222704
0.230480196,-0.199863159,0.305067866,-0.032375206,1591604352.272066832
0.133515029,0.410658265,0.431817639,-0.023448709,1591604352.293348074
0.068871584,-0.348303662,0.355047512,-0.021849933,1591604352.312405825
0.187384566,-0.240564587,0.304933265,-0.041967858,1591604352.332578897
-0.052035600,0.137719266,0.147221941,0.013856055,1591604352.352999210
-0.000000000,0.523185743,0.523185743,0.031842280,1591604352.372692347
0.022184652,-0.803201977,0.803508292,0.016787143,1591604352.392894268
0.165836751,0.069484519,0.179805246,0.045298642,1591604352.413089991
0.260407717,-0.318376141,0.411309550,-0.031975511,1591604352.433985949
-0.054429802,0.610574103,0.612995383,-0.057289459,1591604352.453139067
0.157457045,0.061104813,0.168897955,-0.012923436,1591604352.472790480
0.055703475,-0.283660217,0.289077837,-0.026113333,1591604352.493446350
-0.149000767,0.267006165,0.305767102,0.002131701,1591604352.512351274
0.228085994,-0.119657412,0.257567694,-0.014122517,1591604352.532368660
0.064083181,0.190391712,0.200887177,-0.021716702,1591604352.552886009
-0.043655894,-0.269295007,0.272810626,0.026779490,1591604352.572715998
0.200552675,-0.872633825,0.895383252,-0.022116395,1591604352.593344927
0.023381752,0.963718848,0.964002451,0.016653912,1591604352.613069296
0.193370070,-0.399778997,0.444089215,-0.032641668,1591604352.633633375
0.046126668,-0.207045764,0.212121705,-0.034640138,1591604352.651938915
-0.235192027,0.059907712,0.242701923,-0.004263402,1591604352.673524141
0.205341079,-0.651170172,0.682779284,-0.039436464,1591604352.692042112
-0.044852995,-0.060999471,0.075714772,0.004796327,1591604352.714118242
-0.032881987,-0.507518072,0.508582165,-0.010924967,1591604352.732265472
0.146683138,-0.150782034,0.210359608,0.013989286,1591604352.752482176
-0.004151567,0.573463978,0.573479005,0.035439524,1591604352.773149490
0.041338265,-0.490758660,0.492496614,0.000266463,1591604352.792763710
0.137106331,-0.093321194,0.165852318,0.035705990,1591604352.812300682
0.095207802,0.114974351,0.149277014,-0.019185306,1591604352.833591700
0.091616500,-0.221410974,0.239617199,-0.015588062,1591604352.852160454
-0.002954466,0.043148301,0.043249332,-0.028378266,1591604352.872037888
0.065280281,-0.209439965,0.219377789,-0.020917315,1591604352.893204212
0.056900576,-0.262112402,0.268217424,-0.047830036,1591604352.913223028
0.000636837,0.301722089,0.301722761,0.001465544,1591604352.933661699
0.400468514,0.233487342,0.463563771,-0.005862177,1591604352.952500820
0.000000000,-0.007129932,0.007129932,0.021716702,1591604352.972769022
-0.006545768,-0.653564373,0.653597152,-0.009859116,1591604352.992788315
0.226888893,-0.256126898,0.342168902,-0.001865238,1591604353.013833523
-0.214841313,-0.070576278,0.226136686,-0.011591123,1591604353.032189131
0.121544020,0.063499015,0.137131593,-0.013722823,1591604353.053138971
0.066477382,-0.514700677,0.518975943,-0.012656973,1591604353.072221041
-0.002954466,0.238275745,0.238294061,-0.027312416,1591604353.092313290
0.085630996,-0.520686181,0.527680553,-0.010525273,1591604353.112467766
0.019790450,0.210742426,0.211669630,0.008526803,1591604353.133030176
0.023381752,0.914637714,0.914936530,0.012257279,1591604353.151592493
0.387300405,-0.098109597,0.399533599,0.002531395,1591604353.172956228
-0.113087742,-0.293237023,0.314287749,0.009992347,1591604353.193481445
-0.017319676,-0.155570428,0.156531560,0.029310886,1591604353.213603735
0.144288936,0.239472846,0.279582798,-0.001465544,1591604353.233337402
-0.170548582,0.155675788,0.230915071,0.002797857,1591604353.252094984
0.013804946,0.050330906,0.052189813,-0.047430341,1591604353.272953987
0.145486037,-0.046634261,0.152777424,-0.053958675,1591604353.292408466
0.025775954,-0.185497949,0.187280241,-0.007327722,1591604353.312489986
0.174216457,0.028783093,0.176578142,-0.002531395,1591604353.332815886
0.079645491,-0.330347149,0.339812659,-0.020650851,1591604353.353507280
0.114361415,0.049133805,0.124469531,0.025180715,1591604353.371493816
-0.058021104,-0.199863159,0.208114706,0.016387449,1591604353.392988205
-0.224418119,0.202362720,0.302182334,0.014921905,1591604353.411986113
0.000000000,-0.591315130,0.591315130,0.000000000,1591604353.432359934
0.157457045,0.432206080,0.459994366,-0.029044422,1591604353.452221394
0.097602004,0.069484519,0.119809221,-0.034240443,1591604353.472828627
0.043732466,0.050330906,0.066676298,-0.017852995,1591604353.491212606
0.122741121,0.325664106,0.348026569,-0.019451770,1591604353.513331175
-0.182519590,-0.687083196,0.710912596,-0.013989286,1591604353.532579422
0.073659987,-0.132825521,0.151882892,0.033441056,1591604353.552211046
-0.084357322,0.199968519,0.217033560,-0.003197551,1591604353.573261023
0.163442549,-0.090926992,0.187032577,0.023182247,1591604353.592145681
0.132317928,-0.584132525,0.598931416,0.021983164,1591604353.613601685
-0.000000000,0.182012006,0.182012006,1939266016779889664.000000000,1591604353.632246494
0.164639650,-0.280068914,0.324876609,-0.035173062,1591604353.653547287
-0.114284843,0.600997297,0.611766930,-0.034906600,1591604353.672752380
0.301109145,-0.045437161,0.304518066,-0.022915783,1591604353.692721605
0.066477382,-0.155570428,0.169178605,-0.020117927,1591604353.712537766
-0.194490599,3.585369593,3.590640850,-0.202644808,1591604353.732851267
-1.377226219,0.220319233,1.394737474,-0.100323169,1591604353.752893448
0.881703048,-0.961219287,1.304355312,-0.123238947,1591604353.773476124
-0.296244169,-0.307602233,0.427059412,-0.162009263,1591604353.792066097
-0.143015263,0.094623636,0.171484687,-0.119908172,1591604353.813313723
0.310685952,-1.047410546,1.092517557,-0.128035278,1591604353.833449125
0.217312087,-0.573358618,0.613159561,-0.121640176,1591604353.852390528
-0.583548368,-0.916926556,1.086868441,-0.102321639,1591604353.873980761
0.237662801,-1.242538055,1.265063012,-0.128035278,1591604353.892749786
0.426804732,-0.567373113,0.709982063,-0.063151637,1591604353.912965536
-0.095131230,-0.955233782,0.959959129,-0.051693743,1591604353.993090630
-0.031684886,-1.735743597,1.736032766,-0.009326191,1591604354.011875153
0.252028011,-2.154728887,2.169418055,-0.004130170,1591604354.032493114
-0.287864463,-2.038610107,2.058833921,0.018252688,1591604354.052519798
-0.065203709,-1.343094524,1.344676327,-0.036372142,1591604354.072464705
