-0.027861309,0.023218963,0.036268068,-0.002931089,1591164165.41168,,,0,0,4.119458914
-0.044620721,0.028007366,0.052682267,0.000666156,1591164165.43383,,,0,0,0.004717112
0.018825623,0.006459551,0.019903012,-0.001598776,1591164165.45242,,,-0.045,0,0.014123917
-0.035043914,0.008853753,0.036145053,-0.000266463,1591164165.47133,,,0,0,0.019146681
0.027205329,-0.017482465,0.032338314,-0.000532925,1591164165.49204,,,0,0,0.004877567
0.026008228,-0.023467969,0.035031037,-0.001332313,1591164165.51222,,,0,0,0.00504756
-0.031452611,-0.043818683,0.053938333,0.000799388,1591164165.53311,,,0.026,-0.002,0.002654314
0.02840243,0.025613165,0.038245683,0.000532925,1591164165.55421,,,0,0,0.022583961
0.030796632,0.026810266,0.04083164,-0.000932619,1591164165.57243,,,0,0,0.016468287
0.024811128,-0.028256373,0.037603386,0.002398163,1591164165.59293,,,0.03,-0.001,0.018532515
-0.021875805,0.007656652,0.023177039,-0.000266463,1591164165.61134,,,0,0,0.018934965
0.011643018,-0.004314356,0.012416664,-0.003464014,1591164165.63185,,,0,0,0.019671202
0.022416926,0.026810266,0.03494723,-0.001998469,1591164165.65152,,,0.011,-0.004,0.015987635
-0.021875805,0.007656652,0.023177039,-0.002131701,1591164165.67257,,,0,0,0.02005887
0.036782136,0.031598669,0.048491251,-0.002531395,1591164165.69349,,,0,0,0.00484705
-0.041029418,-0.054592591,0.068291757,0.000266463,1591164165.7118,,,0.036,-0.003,0.001900673
-0.027861309,-0.018679566,0.033543684,-0.00106585,1591164165.73338,,,0,0,0.03376627
-0.006313494,0.019627661,0.020618081,-0.000932619,1591164165.75457,,,0,0,0.016340733
0,-0.007905659,0.007905659,0.000532925,1591164165.7728,,,-0.007,-0.001,0.017684221
0.041570539,0.065117492,0.077255404,0.000666156,1591164165.79149,,,0,0,0.018792629
-0.006313494,-0.018679566,0.019717667,0.000399694,1591164165.81263,,,0,0,0.019609451
-0.042226519,-0.045015784,0.061721145,-0.000399694,1591164165.83186,,,0,0,0.003221273
-0.002722192,0.002868249,0.003954387,-0.001998469,1591164165.85198,,,-0.043,-0.001,0.005075455
-0.008707696,0.028007366,0.029329789,-0.001998469,1591164165.87288,,,0,0,0.009105921
0.006854615,-0.004314356,0.008099347,-0.002531395,1591164165.89244,,,0,0,0.004354
-0.026664208,-0.023467969,0.035520777,-0.001998469,1591164165.91304,,,0.006,-0.003,0.003961325
0.027205329,-0.019876667,0.033692905,-0.000266463,1591164165.93453,,,0,0,0.01610899
-0.018284502,0.031598669,0.036507518,-0.00106585,1591164165.9515,,,0,0,0.018322468
-0.041029418,0.011247955,0.042543268,-0.000666156,1591164165.97214,,,-0.019,-0.002,0.016954422
0.029599531,-0.027059272,0.04010407,0.000399694,1591164165.99205,,,0,0,0.019168615
-0.054197527,-0.006708558,0.054611141,-0.000133231,1591164166.01211,,,0,0,0.033226728
0.008051716,0.008853753,0.011967417,0.001732007,1591164166.03411,,,-0.055,-0.001,0.002915621
-0.039832317,0.008853753,0.040804441,-0.001865238,1591164166.0524,,,0,0,0.017272711
-0.041029418,0.001671148,0.041063437,-0.000266463,1591164166.07278,,,0,0,0.003873348
0.04276764,0.002868249,0.042863713,-0.000666156,1591164166.09245,,,-0.042,-0.001,0.017861366
-0.017087401,0.012445056,0.021139033,0.001598776,1591164166.11367,,,0,0,0.002357483
0.047556043,0.00406535,0.047729491,0.00106585,1591164166.13199,,,0,0,0.003938437
-0.011101897,-0.016285364,0.019709521,-0.002931089,1591164166.1546,,,0.047,0.001,0.012588263
0.052344447,-0.005511457,0.052633803,0.000399694,1591164166.17278,,,0,0,0.017373323
-0.053000426,0.026810266,0.059395585,-0.002131701,1591164166.19245,,,0,0,0.019216299
0.009248817,-0.03903028,0.040111138,-0.000133231,1591164166.21172,,,-0.054,-0.003,0.013892651
0.003263313,0.025613165,0.025820213,0.000932619,1591164166.23353,,,0,0,0.018083334
-0.008707696,-0.011496961,0.014422346,0.001199082,1591164166.25133,,,0,0,0.034758329
-0.013496099,0.03279577,0.035464168,-0.002131701,1591164166.27311,,,0,0,0.002505302
0.034387934,-0.001920154,0.034441501,0.000532925,1591164166.29196,,,-0.014,-0.003,0.013784409
0.006854615,-0.005511457,0.008795562,-0.000399694,1591164166.31143,,,0,0,0.01967597
-0.027861309,0.008853753,0.029234252,-0.001598776,1591164166.33282,,,0,0,0.017135143
-0.05778883,0.016036358,0.059972607,0.002398163,1591164166.3523,,,-0.028,-0.002,0.017873764
0,0.022021862,0.022021862,-0.001865238,1591164166.37208,,,0,0,0.019659996
0.055935749,0.002868249,0.056009239,0.000532925,1591164166.39256,,,0,0,0.019438505
-0.007510595,-0.000723054,0.007545319,-0.000532925,1591164166.41922,,,0.055,0,0.021001101
0.002066212,-0.001920154,0.002820678,0.000133231,1591164166.43329,,,0,0,0.009520531
-0.033846813,-0.019876667,0.039251607,-0.001865238,1591164166.4521,,,0,0,0.023847103
-0.061380132,0.025613165,0.06650981,-0.001465544,1591164166.472,,,-0.034,-0.002,0.014716864
0.008051716,-0.027059272,0.028231796,-0.000266463,1591164166.49269,,,0,0,0.02098012
0.01403722,0.011247955,0.017987775,-0.001732007,1591164166.51155,,,0,0,0.005592108
0.02840243,0.012445056,0.031009312,-0.002531395,1591164166.53349,,,0.014,-0.002,0.015710115
-0.047014922,0.013642156,0.048954176,-0.001199082,1591164166.55353,,,0,0,0.016659975
-0.00032799,-0.033044776,0.033046404,0.000133231,1591164166.57334,,,0,0,0.017690897
0.018825623,0.01843056,0.026345581,-0.002398163,1591164166.59247,,,-0.001,0,0.013488054
0.020022724,0.045963879,0.050135692,-0.00106585,1591164166.61247,,,0,0,0.020888329
-0.023072906,-0.03903028,0.045340068,-0.000532925,1591164166.6309,,,0,0,0.015699148
0.024811128,-0.01029986,0.026864087,-0.000532925,1591164166.65393,,,0,0,0.020898104
-0.007510595,-0.015088264,0.01685422,0.001865238,1591164166.67319,,,0.024,-0.001,0.017739296
0.018825623,-0.007905659,0.020418216,-0.001865238,1591164166.69113,,,0,0,0.018258095
0.017628523,0.028007366,0.033093464,0.002797857,1591164166.7128,,,0,0,0.018542528
0.058329951,0.017233459,0.06082249,0.001998469,1591164166.73212,,,0,0,0.01470232
0.008051716,0.013642156,0.01584104,-0.00106585,1591164166.75305,,,0.058,0.001,0.004781723
0.005657514,-0.019876667,0.02066614,-0.000532925,1591164166.77237,,,0,0,0.018158197
-0.003919292,0.030401568,0.03065316,-0.000666156,1591164166.79233,,,0,0,0.003305912
-0.053000426,-0.054592591,0.076088082,-0.00106585,1591164166.8127,,,-0.004,-0.001,0.014740229
-0.001525091,-0.003117255,0.003470329,-0.000532925,1591164166.83108,,,0,0,0.017512083
-0.013496099,0.029204467,0.032172124,0.000532925,1591164166.8502,,,0,0,0.014771223
0.081074867,-0.01029986,0.081726502,-0.001332313,1591164166.87161,,,0,0,0.019619942
-0.002722192,-0.070154902,0.070207696,0,1591164166.89001,,,0.081,-0.002,0.002250671
-0.002722192,0.065117492,0.065174367,-0.000799388,1591164166.91077,,,0,0,0.020815611
0,0.001671148,0.001671148,0.000266463,1591164166.93077,,,0,0,0.018391609
-0.063774334,-0.046212885,0.078757834,0.000266463,1591164166.95073,,,0,0,0.01976943
0.047556043,0.008853753,0.048373197,-0.000932619,1591164166.97072,,,0,0,0.019084215
-0.045817821,0.121381231,0.129740803,0.002264932,1591164166.9907,,,0,0,0.019550562
0.015234321,-0.055789692,0.057832294,-0.00106585,1591164167.01058,,,-0.046,0.002,0.001032114
-0.02905841,-0.08212591,0.08711519,0,1591164167.02941,,,0,0,0.020955801
0.024811128,0.042372576,0.049102213,-0.002264932,1591164167.05157,,,0,0,0.019120216
-0.007510595,0.029204467,0.030154766,-0.000932619,1591164167.07008,,,0,0,0.016727448
-0.008707696,-0.035438978,0.036493083,0.000266463,1591164167.09135,,,0.024,-0.003,0.019388914
0.040373438,-0.042621583,0.058707869,-0.000266463,1591164167.11044,,,0,0,0.017984867
-0.045817821,0.03399287,0.057050749,-0.000133231,1591164167.13026,,,0,0,0.001119852
0.017628523,-0.001920154,0.017732789,-0.000266463,1591164167.15065,,,0,0,0.003127813
-0.005116393,-0.130009943,0.130110579,-0.001598776,1591164167.1708,,,-0.046,-0.001,0.01838851
-0.041029418,0.011247955,0.042543268,-0.002264932,1591164167.19074,,,0,0,0.01964283
0.064315455,0.037584173,0.074491931,-0.001465544,1591164167.21123,,,0,0,0.016950607
-0.074548241,-0.097688221,0.122883802,0.00106585,1591164167.23029,,,-0.042,-0.003,0.020332575
-0.018284502,0.002868249,0.018508103,-0.003197551,1591164167.24961,,,0,0,0.017995119
0.012840119,0.031598669,0.034107837,0.000399694,1591164167.27034,,,0,0,0.002726793
0.01403722,0.01843056,0.023167414,0.000266463,1591164167.29016,,,0,0,0.002392292
0.049950245,0.00406535,0.050115407,0.000666156,1591164167.31215,,,0.012,0,0.018831253
-0.025467107,0.016036358,0.030095487,0.002664626,1591164167.3304,,,0,0,0.019412518
-0.003919292,0.013642156,0.014193988,-0.00106585,1591164167.35067,,,0,0,0.017845392
0.05713285,-0.019876667,0.060491689,0.000266463,1591164167.37118,,,-0.026,0.002,0.018248558
-0.011101897,0.011247955,0.015804069,-0.000133231,1591164167.391,,,0,0,0.018534899
0.024811128,0.01843056,0.030907565,0.000399694,1591164167.41087,,,0,0,0.019720078
-0.019481603,0.006459551,0.020524587,-0.001865238,1591164167.4314,,,-0.012,-0.001,0.015835524
0.036782136,0.01843056,0.041141355,-0.000133231,1591164167.45058,,,0,0,0.021426201
-0.002722192,-0.013891163,0.014155378,-0.000266463,1591164167.47108,,,0,0,0.0175457
-0.015890301,0.006459551,0.01715306,0,1591164167.49081,,,0.036,-0.001,0.020341158
0.047556043,0.028007366,0.055190487,0.003730476,1591164167.51077,,,0,0,0.017694235
-0.085322149,0.056737786,0.10246485,0.020650851,1591164167.53039,,,0,0,0.019233704
0.051147346,-0.018679566,0.054451604,0.027312416,1591164167.55106,,,0.047,0.003,0.017848015
-0.036241015,-0.037833179,0.052390463,0.046764184,1591164167.56959,,,0,0,0.018488646
0.294158814,0.227923205,0.372126854,0.299503952,1591164167.5907,,,0,0,0.018533707
0.545549989,0.110607324,0.556649594,0.609000288,1591164167.61052,,,0,0,0.002883434
0.306129823,0.151308752,0.341481781,0.836426087,1591164167.63069,,,0.294,0.299,0.01599741
0.279793604,0.086665307,0.29290841,0.860807403,1591164167.65169,,,0,0,0.020529985
0.003263313,0.04716098,0.047273748,0.81177832,1591164167.67061,,,0,0,0.020642757
-0.212214837,-0.055789692,0.219425675,0.712121258,1591164167.69109,,,0,0,0.018131256
-0.218200341,-0.169514271,0.276308662,0.664424489,1591164167.71078,,,0.279,0.86,0.002569199
-0.067365636,-0.128812842,0.145364636,0.739433718,1591164167.73112,,,0,0,0.01632905
0.280990705,-0.130009943,0.309610016,0.765280573,1591164167.75129,,,0,0,0.0020895
0.073892262,0.060329089,0.095392166,0.799121309,1591164167.77151,,,-0.219,0.664,0.017213583
-0.108067065,-0.037833179,0.114498209,0.817906922,1591164167.79039,,,0,0,0.019078255
0.012840119,-0.074943305,0.076035305,0.870266822,1591164167.8119,,,0,0,0.018937349
0.194799445,0.069905895,0.206962939,0.979383237,1591164167.83066,,,0.073,0.799,0.016276121
0.217544361,0.238697112,0.322957986,1.019885607,1591164167.85039,,,0,0,0.020566463
0.198390748,0.156097155,0.252438529,1.029211801,1591164167.87037,,,0,0,0.017527342
-0.108067065,-0.115644733,0.158278851,0.866936072,1591164167.89027,,,0.194,0.979,0.01792264
-0.40375097,-0.390977924,0.562030767,0.747694048,1591164167.91073,,,0,0,0.019550085
-0.257704668,-0.414919941,0.48843654,0.461379974,1591164167.93099,,,0,0,0.00371027
-0.724573992,-0.18268238,0.747248501,0.24794345,1591164167.95052,,,-0.109,0.866,0.003227234
-0.630003026,-0.064169398,0.633262603,0.094460991,1591164167.97087,,,0,0,0.018272877
-0.999907183,0.384743414,1.071373823,-0.08247017,1591164167.99098,,,0,0,0.001949072
-0.193061223,0.029204467,0.195257617,-0.021050546,1591164168.01,,,0,0,0.019855976
0.257048689,-0.062972297,0.264649841,-0.044898947,1591164168.03317,,,-0.725,0.247,0.001073122
-0.076942443,0.016036358,0.078595829,-0.112980139,1591164168.0536,,,0,0,0.002185106
-0.300800298,0.522410009,0.6028209,-0.446324851,1591164168.07246,,,0,0,0.01580286
-0.347487231,0.066314593,0.353758393,-0.787396937,1591164168.09268,,,-0.194,-0.022,0.015450478
-0.147571392,0.226726104,0.270521796,-0.889318885,1591164168.11232,,,0,0,0.015421391
-0.08651925,-0.12522154,0.152203859,-0.862539391,1591164168.13258,,,0,0,0.003911018
-0.023072906,0.041175475,0.047199351,-0.909703328,1591164168.1526,,,-0.301,-0.447,0.014226675
-0.093701855,-0.045015784,0.103954117,-0.965527203,1591164168.17191,,,0,0,0.019076824
-0.252916265,0.203981188,0.32492301,-1.0297447,1591164168.19233,,,0,0,0.015307665
-0.370232146,0.012445056,0.370441253,-1.000300579,1591164168.21213,,,-0.087,-0.863,0.019712687
-0.206229333,0.16327976,0.263041475,-0.98164819,1591164168.23366,,,0,0,0.033492565
-0.067365636,0.113001525,0.131557872,-1.029345026,1591164168.25237,,,0,0,0.003222466
-0.212214837,0.039978375,0.215947696,-1.052660479,1591164168.27279,,,-0.253,-1.03,0.014426231
-0.167922106,-0.043818683,0.173545126,-1.132199614,1591164168.29155,,,0,0,0.016973495
0.023614027,-0.264085236,0.265138896,-1.168571752,1591164168.31204,,,0,0,0.0196383
-0.080533745,-0.260493934,0.272658713,-1.167372663,1591164168.33298,,,-0.068,-1.03,0.014516592
0.210361756,-0.061775196,0.219244711,-1.145922356,1591164168.35135,,,0,0,0.019537449
0.330071839,-0.217398304,0.395233401,-1.121541106,1591164168.37149,,,0,0,0.019688845
0.322889234,-0.165922968,0.363026017,-1.080372612,1591164168.39257,,,0.023,-1.169,0.005559206
0,0.113001525,0.113001525,-0.961796712,1591164168.41139,,,0,0,0.019919634
0.264231294,0.110607324,0.286447476,-0.864671119,1591164168.43177,,,0,0,0.019142628
0.349225453,0.005262451,0.3492651,-0.749825777,1591164168.45365,,,0.33,-1.122,0.0177598
0.125367597,-0.047409986,0.134032613,-0.636179456,1591164168.47405,,,0,0,0.019235611
0.278596504,0.087862408,0.292122944,-0.530393792,1591164168.49148,,,0,0,0.015120506
0.524002174,0.255456524,0.582954813,-0.387170159,1591164168.5128,,,0.264,-0.865,0.007398844
0,0.238697112,0.238697112,-5.22188728945637E+026,1591164168.5322,,,0,0,0.005828381
0.589842719,0.454175262,0.744439119,-0.062352247,1591164168.55149,,,0,0,0.018124104
0.427037006,0.26383623,0.501966295,0.057689154,1591164168.57266,,,0.278,-0.531,0.016013861
0.310918226,0.165673962,0.352303853,0.171202216,1591164168.59229,,,0,0,0.01861763
0,0.085468206,0.085468206,0,1591164168.61212,,,0,0,0.00655365
-0.136797484,-0.204230195,0.245811969,0.449122703,1591164168.63231,,,0.589,-0.063,0.01226306
0.076286463,-0.234157715,0.246271111,0.5410523,1591164168.65325,,,0,0,0.021637678
0.246274781,0.087862408,0.261478623,0.591546988,1591164168.67337,,,0,0,0.017566919
0.107411085,0.023218963,0.109892044,0.674150357,1591164168.69245,,,0,0,0.003009081
0.064315455,-0.017482465,0.066649189,0.764747674,1591164168.71183,,,0,0,0.02915287
0.260639991,-0.085717213,0.274373187,0.828165756,1591164168.7332,,,0,0,0.016330719
0.251063184,0.014839257,0.251501344,0.848017234,1591164168.7543,,,0.246,0.591,0.013414621
0.134944404,0.104621819,0.170750453,0.880525656,1591164168.77284,,,0,0,0.020718336
0.184025538,0.101030517,0.209934666,0.952070844,1591164168.79217,,,0,0,0.019263744
0.134944404,-0.083323011,0.158596079,0.993639011,1591164168.81121,,,0.26,0.828,0.015568018
0.212755958,-0.24014322,0.320833077,0.959132085,1591164168.8321,,,0,0,0.017605782
0.304932722,-0.03903028,0.307420441,0.942078526,1591164168.85189,,,0,0,0.033662796
0.036782136,-0.120433137,0.125924842,0.934084645,1591164168.87166,,,0,0,0.018468618
-0.011101897,-0.05339549,0.054537423,0.893315826,1591164168.89077,,,0.134,0.993,0.016952276
-0.031452611,-0.128812842,0.132597191,0.830164193,1591164168.91322,,,0,0,0.002805233
-0.294814794,0.152505853,0.331924386,0.855078475,1591164168.93259,,,0,0,0.013262272
-0.003919292,0.135746441,0.135803008,0.873064674,1591164168.95218,,,0.036,0.934,0.015477657
-0.165527904,-0.018679566,0.16657855,0.794058504,1591164168.97286,,,0,0,0.003297806
-0.218200341,0.272215936,0.348873766,0.770343378,1591164168.99279,,,0,0,0.01525259
0.040373438,-0.149163557,0.154530842,0.761683307,1591164169.01163,,,-0.295,0.855,0.015749216
-0.219397442,0.074694299,0.231763836,0.713453572,1591164169.03171,,,0,0,0.00268364
-0.134403283,0.078285601,0.155540599,0.735969676,1591164169.05163,,,0,0,0.014971018
-0.027861309,0.086665307,0.091033664,0.677880848,1591164169.07152,,,-0.219,0.77,0.019390106
-0.28882929,-0.071352003,0.297512129,0.620991109,1591164169.09224,,,0,0,0.017809868
0,62123245500.8256,62123245500.8256,0,1591164169.11154,,,0,0,0.014038563
-0.213411938,-0.122827338,0.246234056,0.466842452,1591164169.13197,,,0,0,0.018862724
-0.286435088,-0.028256373,0.287825437,0.308563697,1591164169.15173,,,-0.028,0.677,0.018871546
-0.503110338,-0.006708558,0.503155063,0.133497756,1591164169.17292,,,0,0,0.002041578
-0.69225227,0.007656652,0.692294612,-0.033307825,1591164169.19279,,,0,0,0.01509881
-0.255310467,-0.037833179,0.2580984,-0.061286395,1591164169.21346,,,-0.214,0.466,0.004772663
0.161280622,0.014839257,0.161961856,-0.100456402,1591164169.23184,,,0,0,0.00284481
0,0.193207281,0.193207281,-0.221030731,1591164169.25349,,,0,0,0.010930777
-0.078139544,0.226726104,0.2398135,-0.450721466,1591164169.27351,,,-0.693,-0.034,0.017920971
-0.275661181,0.135746441,0.307272164,-0.668021755,1591164169.29313,,,0,0,0.019285679
-0.037438116,0.074694299,0.083551486,-0.815109071,1591164169.31292,,,0,0,0.002964497
-0.205032232,-0.131207044,0.243420427,-0.924625226,1591164169.33273,,,0,-0.222,0.010508299
-0.04342362,0.073497198,0.085366556,-0.983246953,1591164169.3525,,,0,0,0.017117977
0.20198205,-0.11085633,0.230403721,-1.049196437,1591164169.3723,,,0,0,0.020912647
-0.158345299,-0.046212885,0.164951098,-1.132066322,1591164169.3921,,,-0.038,-0.816,0.011921883
0.093045875,-0.058183893,0.109740149,-1.148853432,1591164169.41267,,,0,0,0.020964384
-0.10088446,0.139337744,0.172025233,-1.124472182,1591164169.43222,,,0,0,0.018900633
-0.088913451,0.007656652,0.089242513,-1.126737068,1591164169.45188,,,0.201,-1.05,0.017480135
-0.388188659,-0.029453473,0.389304433,-1.148853432,1591164169.47252,,,0,0,0.020008087
-0.108067065,0.158491357,0.19182805,-1.141925482,1591164169.49197,,,0,0,0.020852566
0.192405244,0.078285601,0.207721961,-1.136729386,1591164169.51117,,,-0.101,-1.125,0.015291691
-0.251719164,0.026810266,0.2531429,-1.105686569,1591164169.53455,,,0,0,0.020445347
-0.027861309,-0.165922968,0.168245903,-1.056657419,1591164169.55238,,,0,0,0.004701853
0.164871925,-0.248522925,0.298238824,-1.040536433,1591164169.57266,,,-0.109,-1.142,0.002658367
-0.384597356,-0.009102759,0.384705065,-1.005496608,1591164169.59255,,,0,0,0.003093243
0.065512556,-0.091702717,0.11269997,-0.949539441,1591164169.61292,,,0,0,0.017846107
0.076286463,-0.100082422,0.12584163,-0.882124419,1591164169.63144,,,-0.028,-1.057,0.012044668
0.383941377,-0.023467969,0.384657934,-0.802318901,1591164169.65234,,,0,0,0.01993084
0.28817331,0.024416064,0.289205811,-0.698664899,1591164169.6732,,,0,0,0.019106865
0.294158814,0.262639129,0.39434594,-0.544116634,1591164169.6917,,,0.065,-0.95,0.016520739
0.496468855,0.255456524,0.558336242,-0.363588224,1591164169.71146,,,0,0,0.020418644
0.540761585,0.262639129,0.601167534,-0.187589669,1591164169.73278,,,0,0,0.004006624
0.50484856,0.153702954,0.527727834,0.011058198,1591164169.75224,,,0.288,-0.699,0.00408721
0.322889234,0.299749255,0.440575843,0.071145513,1591164169.77189,,,0,0,0.033782721
0.355210957,0.065117492,0.361130325,0.14522212,1591164169.79183,,,0,0,0.004811764
0.061921253,-0.085717213,0.105743473,0.279519249,1591164169.8133,,,0.54,-0.188,0.017509222
-0.053000426,-0.031847675,0.061832998,0.491090578,1591164169.83179,,,0,0,0.018966913
0.175645832,0.116592828,0.210820649,0.636978804,1591164169.85188,,,0,0,0.003032446
0.069103858,0.06152619,0.092524674,0.808980469,1591164169.87406,,,0.355,0.145,0.016505718
0.393518183,0.140534844,0.417859549,0.966326618,1591164169.89164,,,0,0,0.020603895
0.54674709,0.017233459,0.547018621,1.015089252,1591164169.91259,,,0,0,0.017323494
0.443796418,-0.013891163,0.444013767,1.024948345,1591164169.93244,,,0.175,0.636,0.016943932
0.573083308,-0.041424482,0.574578511,1.028012712,1591164169.95197,,,0,0,0.018857479
0.150506715,0.038781274,0.155422837,1.033874865,1591164169.97266,,,0,0,0.002708197
0.069103858,-0.186273682,0.198678705,1.090498155,1591164169.99225,,,0,0,0.002979994
0.271413899,-0.170711371,0.320636674,1.132466063,1591164170.01266,,,0.546,1.015,0.004556656
0.284582008,-0.045015784,0.288120357,1.163242498,1591164170.03172,,,0,0,0.033339739
-0.025467107,0.06152619,0.066588629,1.201479782,1591164170.05155,,,0,0,0.002753258
0.072695161,0.129760937,0.148736301,1.185225571,1591164170.07188,,,0.15,1.033,0.015089512
0.093045875,0.0770885,0.12083117,1.166839764,1591164170.09251,,,0,0,0.016679525
-0.164330804,0.107016021,0.19610467,1.159645232,1591164170.11204,,,0,0,0.019953728
0.103819782,0.03399287,0.109243135,1.141792191,1591164170.13084,,,0.284,1.163,0.017447948
-0.05778883,0.020824761,0.061426538,1.05212758,1591164170.153,,,0,0,0.018801928
-0.318756811,-0.103673725,0.335192699,1.020018832,1591164170.17146,,,0,0,0.002604246
-0.24573366,-0.023467969,0.246851731,0.914632841,1591164170.19195,,,0.093,1.166,0.015786409
-0.377414751,0.008853753,0.377518587,0.845352607,1591164170.21294,,,0,0,0.002197981
0,-0.051001288,0.051001288,3470.35553982,1591164170.23277,,,0,0,0.002576351
-0.153556896,0.057934887,0.164122428,0.599674093,1591164170.25197,,,-0.058,1.052,0.015275478
-0.372626348,0.049555181,0.375907051,0.466309553,1591164170.27347,,,0,0,0.019948483
-0.521066851,-0.16831717,0.547577696,0.245545289,1591164170.29252,,,0,0,0.002922058
-0.811962353,-0.028256373,0.812453866,0.048629426,1591164170.31198,,,-0.378,0.845,0.012909412
-0.252916265,-0.095294019,0.270273171,-0.039170002,1591164170.33344,,,0,0,0.018244505
0.223529865,-0.012694062,0.223890017,-0.060220548,1591164170.3528,,,0,0,0.004369497
-0.007510595,0.138140643,0.138344665,-0.08926497,1591164170.3716,,,-0.373,0.466,0.018118382
0.026008228,0.30693186,0.308031808,-0.284182347,1591164170.39339,,,0,0,0.005035877
-0.121235174,0.329676776,0.351261646,-0.601805755,1591164170.41269,,,0,0,0.018825769
-0.142782989,0.025613165,0.145062111,-0.840822701,1591164170.4323,,,-0.253,-0.04,0.013440847
0.101425581,0.126169634,0.161882442,-0.970190334,1591164170.45391,,,0,0,0.0227983
-0.092504754,-0.119236036,0.150911768,-1.042001971,1591164170.47184,,,0,0,0.015715122
-0.091307653,-0.080928809,0.12201049,-1.086767664,1591164170.49381,,,0.026,-0.285,0.016155481
-0.008707696,0.022021862,0.023680929,-1.199614636,1591164170.51176,,,0,0,0.01714468
-0.201440929,-0.106067927,0.227659511,-1.291677491,1591164170.53563,,,0,0,0.019492626
-0.321151012,-0.11085633,0.339745638,-1.329115427,1591164170.55249,,,0.101,-0.971,0.014105797
-0.049409124,0.172856567,0.17977946,-1.312727924,1591164170.57258,,,0,0,0.01876545
0.218741462,-0.060578095,0.226974741,-1.320322198,1591164170.59292,,,0,0,0.02081418
-0.154753997,0.152505853,0.217271339,-1.324185914,1591164170.61183,,,0,0,0.004777193
-0.220594543,-0.031847675,0.222881643,-1.343637651,1591164170.63325,,,-0.202,-1.292,0.016605139
-0.054197527,-0.120433137,0.132066318,-1.363089388,1591164170.65144,,,0,0,0.016624451
0,-0.329925782,0.329925782,-1.278354356,1591164170.67153,,,0,0,0.002406359
-0.128417779,0.063920391,0.143446653,-1.21413686,1591164170.69258,,,0,0,0.003318548
0.231909571,-0.191062086,0.300477569,-1.177764722,1591164170.71197,,,-0.155,-1.325,0.01192379
0.145718311,0.067511694,0.160597805,-1.105020379,1591164170.7312,,,0,0,0.020601511
-0.008707696,-0.119236036,0.11955357,-0.999234715,1591164170.75353,,,0,0,0.003387928
0.078680665,0.141731945,0.162106728,-0.898778304,1591164170.77272,,,0,-1.279,0.015564203
0.254654487,0.0758914,0.265722435,-0.765413798,1591164170.7919,,,0,0,0.033997059
0.17205453,0.124972534,0.212652052,-0.630983427,1591164170.81141,,,0,0,0.002670288
0.263034193,0.261442028,0.370862401,-0.461779681,1591164170.83197,,,0.145,-1.106,0.015735149
0.539564485,0.372772405,0.655811786,-0.268194601,1591164170.85181,,,0,0,0.015814543
0.64850066,0.357210095,0.740372986,-0.100056703,1591164170.87258,,,0,0,0.020155191
0.295355915,0.32129707,0.436425164,0.057422688,1591164170.89213,,,0.254,-0.766,0.012918234
0.28817331,0.20637539,0.354449797,0.142291027,1591164170.91273,,,0,0,0.035856485
-0.035043914,0.073497198,0.081424284,0.287912838,1591164170.93328,,,0,0,0.002947569
-0.013496099,-0.000723054,0.013515454,0.515205412,1591164170.95272,,,0.539,-0.269,0.005228281
0.213953059,-0.073746204,0.226306018,0.638844083,1591164170.97326,,,0,0,0.002634525
-0.018284502,0.086665307,0.088573125,0.779403123,1591164170.99245,,,0,0,0.00310874
0.115790791,0.065117492,0.132845004,1.012824299,1591164171.01159,,,0.288,0.142,0.002061367
0.23071247,0.127366735,0.263534683,1.116611526,1591164171.03267,,,0,0,0.017369986
0.349225453,0.007656652,0.349309377,1.208274574,1591164171.0519,,,0,0,0.01972127
0.195996546,-0.08212591,0.212507203,1.254106264,1591164171.07093,,,0.213,0.638,0.014337301
0.568294904,-0.176696876,0.595130981,1.278087774,1591164171.09329,,,0,0,0.035145521
0,-0.141980952,0.141980952,0,1591164171.11281,,,0,0,0.003427744
0.136141505,-0.173105573,0.220227266,1.280752401,1591164171.13347,,,0.23,1.116,0.016000986
0.351619654,-0.130009943,0.374885271,1.276222628,1591164171.15326,,,0,0,0.023751974
-0.103278661,-0.013891163,0.104208667,1.295274624,1591164171.17266,,,0,0,0.002456665
0.052344447,0.171659466,0.179462847,1.402126153,1591164171.1931,,,0.568,1.278,0.010304689
0.255851588,0.016036358,0.256353661,1.296740163,1591164171.21396,,,0,0,0.020804405
-0.063774334,0.336859381,0.342843124,1.201213332,1591164171.23298,,,0,0,0.020224571
-0.297208996,-0.128812842,0.323922731,1.197882649,1591164171.25388,,,0.351,1.276,0.011973619
-0.157148199,0.06272329,0.169203332,1.098358811,1591164171.27164,,,0,0,0.022497416
-0.069759838,-0.064169398,0.094784738,1.062386347,1591164171.29008,,,0,0,0.01908493
-0.164330804,0.045963879,0.170637895,0.966859517,1591164171.31022,,,0.255,1.296,0.004073143
-0.171513409,-0.167120069,0.239470179,0.856677238,1591164171.33091,,,0,0,0.023844481
-0.185878619,-0.065366498,0.197037154,0.713187122,1591164171.35086,,,0,0,0.014876604
-0.282843786,-0.295209858,0.40883917,0.57196196,1591164171.37082,,,0,0,0.018129587
-0.500716137,0.012445056,0.500870771,0.34280414,1591164171.39086,,,-0.07,1.062,0.017742634
-0.47677412,0.081876904,0.483753438,0.23088984,1591164171.40973,,,0,0,0.018709183
-0.664718951,-0.101279523,0.672390381,-0.001865238,1591164171.43166,,,0,0,0.01865077
-0.121235174,-0.181485279,0.21825415,-0.029444117,1591164171.4503,,,-0.186,0.713,0.017686367
0.324086335,0.011247955,0.324281466,-0.068880581,1591164171.4722,,,0,0,0.01879549
-0.055394628,0.074694299,0.092993565,-0.077540615,1591164171.49278,,,0,0,0.018415928
0.075089362,0.233908709,0.245665823,-0.265263508,1591164171.51163,,,0,0,0.002155304
-0.049409124,0.452978161,0.455664872,-0.614462766,1591164171.53151,,,-0.665,-0.002,0.016536236
0,0.089059509,0.089059509,-0.929821255,1591164171.55319,,,0,0,0.021060228
0.142127009,0.079482702,0.162842214,-1.111681946,1591164171.57386,,,0,0,0.019680262
-0.047014922,-0.124024439,0.132636588,-1.166173574,1591164171.59219,,,0,0,0.013723135
-0.012298998,-0.24014322,0.240457962,-1.225194975,1591164171.61235,,,-0.056,-0.078,0.016328573
-0.194258324,0.127366735,0.232289866,-1.362822938,1591164171.63225,,,0,0,0.01762104
0.018825623,-0.173105573,0.174126229,-1.464611662,1591164171.65436,,,0,0,0.003323078
-0.031452611,-0.065366498,0.072539961,-1.496587185,1591164171.67319,,,0,-0.93,0.012173414
0.039176338,-0.187470783,0.191520443,-1.483130759,1591164171.69246,,,0,0,0.020308971
-0.431284289,-0.068957801,0.436762311,-1.479800076,1591164171.71274,,,0,0,0.002937078
-0.178696014,0.157294256,0.238062488,-1.504447775,1591164171.73315,,,-0.013,-1.226,0.010486364
0.163674824,-0.109659229,0.197014199,-1.501250249,1591164171.75246,,,0,0,0.020109892
-0.523461053,-0.290421454,0.598628512,-1.432236398,1591164171.7736,,,0,0,0.016786098
-0.08651925,0.022021862,0.089277897,-1.345369638,1591164171.79189,,,-0.032,-1.497,0.014342785
-0.054197527,0.187221777,0.194908608,-1.317657571,1591164171.81253,,,0,0,0.023440361
-0.070956939,-0.036636078,0.07985668,-1.267562557,1591164171.8331,,,0,0,0.018604279
-0.172710509,-0.121630237,0.211241177,-1.223729437,1591164171.85267,,,-0.179,-1.505,0.014760971
0,0.019627661,0.019627661,-1.146988287,1591164171.87361,,,0,0,0.018488407
-0.042226519,-0.280844648,0.2840014,-1.057590059,1591164171.89316,,,0,0,0.019121885
0.349225453,-0.041424482,0.351673719,-0.907704825,1591164171.9138,,,0,0,0.019081831
0.228318269,0.199192785,0.302996695,-0.7679452,1591164171.93324,,,-0.055,-1.318,0.01654768
0.400700788,0.424247741,0.583564279,-0.551177876,1591164171.95266,,,0,0,0.01914525
0.352816755,0.390728918,0.52644919,-0.332412081,1591164171.97164,,,0,0,0.018569946
0.565900703,0.302143456,0.641509371,-0.095127148,1591164171.99236,,,0,-1.147,0.013961315
0.25944289,0.129760937,0.290083633,0.021716702,1591164172.0118,,,0,0,0.018350363
0.22951537,0.152505853,0.275563677,0.090197585,1591164172.03155,,,0,0,0.018206358
0.173251631,0.041175475,0.178077363,0.170269594,1591164172.05117,,,0.228,-0.768,0.014871597
-0.08651925,-0.004314356,0.086626752,0.322286506,1591164172.07147,,,0,0,0.03563261
-0.013496099,-0.076140406,0.077327266,0.516271276,1591164172.0918,,,0,0,0.003540993
0,-0.090505616,0.090505616,0.727709346,1591164172.11267,,,0.565,-0.096,0.013538837
0.090651673,0.209966693,0.228700105,0.92009532,1591164172.13331,,,0,0,0.019239187
0.169660328,-0.086914313,0.190627188,0.996836537,1591164172.15242,,,0,0,0.016161442
0.051147346,0.122578332,0.132821303,1.136596228,1591164172.17457,,,0,0,0.002855778
0.755042634,-0.000723054,0.75504298,1.278620806,1591164172.19094,,,-0.087,0.322,0.019171953
0.203179151,0.063920391,0.212996676,1.347368075,1591164172.21237,,,0,0,0.001858234
0.300144319,0.04835808,0.304014993,1.419446295,1591164172.23287,,,0,0,0.01623106
0.161280622,-0.104870826,0.192378089,1.457017522,1591164172.25306,,,0,0,0.002506018
0.415065998,-0.0677607,0.420560692,1.49112464,1591164172.27211,,,0.09,0.92,0.004773617
0.286976209,-0.147966456,0.322876783,1.46541101,1591164172.29255,,,0,0,0.016782284
-0.196652526,-0.007905659,0.19681137,1.526830722,1591164172.31185,,,0,0,0.033734322
-0.066168535,0.080679803,0.104343211,1.540287015,1591164172.33181,,,0,0,0.003120899
0.075089362,-0.092899817,0.119452034,1.48419669,1591164172.35175,,,0.203,1.347,0.014840364
-0.352275634,-0.021073768,0.352905406,1.396397291,1591164172.373,,,0,0,0.018885851
-0.094898955,0.039978375,0.102976124,1.321387995,1591164172.39206,,,0,0,0.018952847
-0.209820635,0.020824761,0.210851535,0.974453724,1591164172.41413,,,0.415,1.491,0.002505302
-0.572542187,-0.009102759,0.572614544,0.659361684,1591164172.43424,,,0,0,0.02162075
-0.697040673,0.049555181,0.698799983,0.298304863,1591164172.45116,,,0,0,0.014945984
-0.913715923,0.212360894,0.938069261,-0.004529864,1591164172.47403,,,-0.067,1.54,0.0018363
-0.446846599,0.347633288,0.566145552,-0.064350717,1591164172.4915,,,0,0,0.00439167
0.142127009,0.049555181,0.150518446,-0.024514558,1591164172.51155,,,0,0,0.003281116
0.198390748,-0.025862171,0.20006934,-0.000133231,1591164172.53271,,,-0.095,1.321,0.015277386
-0.106869964,-0.016285364,0.108103664,-0.002131701,1591164172.55218,,,0,0,0.018823862
0,0.055540685,0.055540685,0,1591164172.57268,,,0,0,0.016868353
0.049950245,0.067511694,0.083981282,0.000133231,1591164172.59266,,,-0.698,0.298,0.016310453
-0.062577233,-0.017482465,0.064973431,0.000666156,1591164172.61133,,,0,0,0.019097328
0.067906757,-0.02466507,0.072247446,-0.001332313,1591164172.63307,,,0,0,0.017850637
-0.076942443,0.038781274,0.086163372,-0.000399694,1591164172.65316,,,0.142,-0.025,0.018937349
0.024811128,0.028007366,0.037416636,-0.000799388,1591164172.67261,,,0,0,0.017234325
0.022416926,-0.055789692,0.060124939,0.000932619,1591164172.69206,,,0,0,0.003522635
-0.045817821,-0.097688221,0.107899311,-0.000799388,1591164172.71264,,,0,0,0.015171528
0.046358943,0.000474047,0.046361366,-0.000932619,1591164172.73245,,,0,0,0.024217844
-0.018284502,0.074694299,0.076899683,-0.001465544,1591164172.75341,,,0,0,0.015262127
0.016431422,-0.028256373,0.032686606,0.000666156,1591164172.77266,,,0.067,-0.002,0.004956961
0.011643018,0.001671148,0.011762339,-0.001598776,1591164172.79178,,,0,0,0.004590988
-0.024270006,-0.01029986,0.026365135,-0.00106585,1591164172.81323,,,0,0,0.030290604
0,0.01843056,0.01843056,-0.000399694,1591164172.83155,,,0,0,0.003092527
0.016431422,0.014839257,0.022140352,-0.001865238,1591164172.85246,,,-0.046,-0.001,0.009997129
0.027205329,0.011247955,0.029438859,-0.001865238,1591164172.87198,,,0,0,0.020860195
0.040373438,0.011247955,0.041910989,0,1591164172.89197,,,0,0,0.018675804
-0.033846813,-0.037833179,0.050763729,-0.000266463,1591164172.91123,,,0.016,0,0.017173052
0.017628523,-0.000723054,0.017643345,-0.000799388,1591164172.93285,,,0,0,0.020556211
-0.031452611,0.007656652,0.032371146,0.000133231,1591164172.95154,,,0,0,0.003018618
0.024811128,0.007656652,0.025965677,0.000399694,1591164172.97126,,,0,0,0.006127834
0.008051716,-0.007905659,0.01128404,-0.003464014,1591164172.99105,,,0.016,-0.002,0.011318207
-0.00032799,-0.007905659,0.007912459,0.000399694,1591164173.01231,,,0,0,0.019813061
0.009248817,0.019627661,0.021697596,-0.001865238,1591164173.03099,,,0,0,0.021450758
0.012840119,0.025613165,0.028651403,-0.001465544,1591164173.05247,,,0,0,0.002571821
0.031993733,-0.028256373,0.042685144,-0.00306432,1591164173.07341,,,0.017,-0.001,0.012419462
-0.045817821,0.010050854,0.046907275,-0.000799388,1591164173.09137,,,0,0,0.002625704
-0.037438116,0.037584173,0.05304887,-0.000399694,1591164173.11301,,,0,0,0.016495466
-0.0146932,0.005262451,0.015607162,0.000133231,1591164173.13273,,,0,0,0.004821062
0.047556043,-0.004314356,0.047751345,0.002398163,1591164173.15251,,,-0.001,0,0.005010605
-0.035043914,-0.005511457,0.035474668,-0.001199082,1591164173.1719,,,0,0,0.0199368
0.096637177,0.010050854,0.097158446,-0.001598776,1591164173.19232,,,0,0,0.020570517
0.012840119,0.073497198,0.074610366,-0.000666156,1591164173.2126,,,0.031,-0.004,0.010675907
0.016431422,-0.017482465,0.023992253,-0.00106585,1591164173.23286,,,0,0,0.021647453
0.012840119,0.006459551,0.014373394,-0.001865238,1591164173.25127,,,0,0,0.005824327
-0.351078533,-0.170711371,0.390382516,-0.025047484,1591164173.27453,,,-0.015,0,0.012829781
0,0.467343371,0.467343371,0,1591164173.29055,,,0,0,0.018217325
-0.012298998,0.151308752,0.151807786,-0.774340318,1591164173.31467,,,0,0,0.020250559
-0.18827282,0.202784088,0.276709308,-0.952070844,1591164173.33219,,,0.096,-0.002,0.01109314
-0.220594543,0.136943542,0.259644923,-1.123672701,1591164173.35473,,,0,0,0.03698802
-0.238551055,-0.006708558,0.238645366,-1.470740264,1591164173.37164,,,0,0,0.002006531
-0.487548028,-0.299998261,0.57245265,-1.763982389,1591164173.39105,,,0,0,0.002595663
-0.109264165,-0.091702717,0.142646578,-1.785432563,1591164173.41449,,,-0.352,-0.026,0.016164303
-0.04342362,-0.095294019,0.104721349,-1.812345282,1591164173.43149,,,0,0,0.01748991
-0.037438116,-0.101279523,0.107977564,-1.778238163,1591164173.45614,,,0,0,0.021356583
0.194799445,-0.2114128,0.287475557,-1.603305422,1591164173.47162,,,0,0,0.018963099
-0.076942443,-0.068957801,0.10332143,-1.323253274,1591164173.49304,,,-0.221,-1.124,0.014939308
0.030796632,-0.034241877,0.04605365,-1.087300629,1591164173.51252,,,0,0,0.019604683
0.294158814,-0.018679566,0.294751309,-0.696666462,1591164173.53201,,,0,0,0.003730774
0.439008015,0.175250768,0.472695324,-0.347866911,1591164173.55364,,,-0.11,-1.786,0.012911081
0.667654273,0.473328875,0.818414597,-0.063151637,1591164173.5724,,,0,0,0.019767523
0,0.323691271,0.323691271,0.018785613,1591164173.59215,,,0,0,0.018718243
-0.049409124,-0.001920154,0.049446421,0.042634015,1591164173.6141,,,0,0,0.018349409
-0.290026391,-0.325137379,0.435694414,0.025713641,1591164173.63296,,,-0.077,-1.324,0.014515638
-0.244536559,-0.143178052,0.283369165,-0.000666156,1591164173.65267,,,0,0,0.020060778
0.136141505,0.103424719,0.170971289,-0.004396633,1591164173.67299,,,0,0,0.018895626
0.139732807,0.063920391,0.153658953,-0.000532925,1591164173.69194,,,0.439,-0.348,0.00293684
-0.096096056,0.023218963,0.098861379,0.001732007,1591164173.7126,,,0,0,0.019698858
0.012840119,-0.100082422,0.100902725,-0.002531395,1591164173.73324,,,0,0,0.017921448
0.036782136,0.029204467,0.046966226,-0.001998469,1591164173.75431,,,-0.05,0.042,0.004649639
0.010445918,0.128563836,0.128987508,0.000932619,1591164173.77264,,,0,0,0.022952557
0.006854615,-0.029453473,0.030240583,0.000799388,1591164173.79268,,,0,0,0.017729282
-0.058985931,-0.037833179,0.070076312,0.001332313,1591164173.81174,,,0,0,0.020462513
0.043964741,0.04716098,0.064475239,0,1591164173.83282,,,0.139,-0.001,0.012536764
0.004460413,-0.005511457,0.007090236,0,1591164173.85235,,,0,0,0.021184683
-0.023072906,-0.031847675,0.03932726,-0.000399694,1591164173.87258,,,0,0,0.016320467
-0.050606225,0.03279577,0.060303835,-0.001465544,1591164173.89224,,,0.036,-0.002,0.013883591
0.046358943,0.038781274,0.060441201,0.000266463,1591164173.91337,,,0,0,0.02008009
-0.024270006,-0.022270869,0.032939715,0.000799388,1591164173.93235,,,0,0,0.01824522
0.02840243,-0.001920154,0.028467262,0.001865238,1591164173.95305,,,0,0,0.005833626
0.041570539,-0.018679566,0.04557451,-0.001998469,1591164173.97173,,,0.043,0,0.016065121
0.002066212,0.001671148,0.002657436,0.000133231,1591164173.99274,,,0,0,0.019951344
0.018825623,-0.031847675,0.036995655,-0.000399694,1591164174.01164,,,0,0,0.003720045
0.005657514,-0.031847675,0.032346281,0.000266463,1591164174.03204,,,0,0,0.008927822
0.030796632,0.056737786,0.064557021,0.000399694,1591164174.05446,,,-0.051,-0.002,0.014627457
0.036782136,-0.019876667,0.041809178,-0.000133231,1591164174.07347,,,0,0,0.019714117
-0.013496099,-0.02466507,0.028116016,0.000666156,1591164174.09204,,,0,0,0.002839804
-0.018284502,-0.025862171,0.031672937,-0.001732007,1591164174.11327,,,0.028,0.001,0.020957232
0.018825623,0.025613165,0.031787392,-0.000133231,1591164174.13311,,,0,0,0.018901348
0.039176338,-0.01029986,0.040507685,0.000266463,1591164174.15195,,,0,0,0.018980265
-0.012298998,-0.004314356,0.013033765,0.002531395,1591164174.17319,,,0,0,0.013151646
-0.006313494,-0.141980952,0.142121254,0.095660072,1591164174.19178,,,0.005,0,0.01449275
0.053541548,0.162082659,0.170697058,0.148286438,1591164174.21226,,,0,0,0.004955053
0.18761684,0.27820144,0.335553453,0.527196233,1591164174.233,,,0,0,0.003408909
0.376758772,-0.001920154,0.376763665,1.147920926,1591164174.25291,,,-0.014,0,0.014989376
0.434219611,-0.169514271,0.466134915,1.718550572,1591164174.27354,,,0,0,0.018053532
0.604207929,0.086665307,0.610391757,2.086668568,1591164174.29318,,,0,0,0.018277407
0.526396375,0.036387072,0.527652502,2.185925956,1591164174.31117,,,0.039,0,0.014611483
0.139732807,-0.24134032,0.278873462,2.063619565,1591164174.33363,,,0,0,0.018728733
-0.361852441,0.116592828,0.38017243,1.949440346,1591164174.35387,,,0,0,0.019501448
0.28817331,-0.103673725,0.306254956,1.97155671,1591164174.37277,,,0.053,0.148,0.015244246
0.160083521,0.065117492,0.172820779,2.028979415,1591164174.39388,,,0,0,0.019616127
0.02840243,0.329676776,0.330897982,2.000601157,1591164174.41351,,,0,0,0.018082142
0.167266126,0.067511694,0.180376788,1.914800195,1591164174.43266,,,0.434,1.718,0.002658844
0.267822596,0.262639129,0.37511099,1.726810902,1591164174.45299,,,0,0,0.022018194
0.197193647,-0.036636078,0.200568035,1.487527374,1591164174.47334,,,0,0,0.003348589
-0.18827282,0.042372576,0.192982098,1.14205864,1591164174.49457,,,0.139,2.063,0.011448145
-0.255310467,0.013642156,0.255674682,0.749159587,1591164174.51268,,,0,0,0.017346382
-0.942446343,0.219543499,0.967679936,0.187323203,1591164174.53246,,,0,0,0.020190954
-1.286014208,0.288975347,1.318081672,-0.285114986,1591164174.5528,,,0.16,2.028,0.012480259
-0.896956512,-0.013891163,0.897064071,-0.302301803,1591164174.57342,,,0,0,0.022764921
0.163674824,0.06272329,0.175281657,-0.08566772,1591164174.59199,,,0,0,0.02019763
0.112199488,0.089059509,0.143249158,-0.00413017,1591164174.61326,,,0.267,1.726,0.014997244
0.006854615,0.166871063,0.167011788,0.000266463,1591164174.63396,,,0,0,0.015784979
0,-0.095294019,0.095294019,-0.000266463,1591164174.65789,,,0,0,0.022790194
0.049950245,-0.01029986,0.051001119,-0.001332313,1591164174.67448,,,-0.256,0.749,0.016014576
0.009248817,0.084271105,0.084777118,-0.004263402,1591164174.6939,,,0,0,0.016398191
0.047556043,0.036387072,0.059879849,0.002531395,1591164174.71071,,,0,0,0.019027948
-0.098490258,-0.05339549,0.112033072,0.002664626,1591164174.73195,,,-0.897,-0.303,0.005344152
-0.030255511,-0.040227381,0.050335257,-0.000799388,1591164174.75051,,,0,0,0.020279408
0.045161842,0.038781274,0.059527969,-0.001199082,1591164174.7712,,,0,0,0.017639399
0.05713285,0.022021862,0.061230099,-0.000666156,1591164174.79084,,,0.006,0,0.019652367
0.046358943,0.043569677,0.063619716,0.001598776,1591164174.81228,,,0,0,0.014955282
0.049950245,0.006459551,0.050366187,-0.001732007,1591164174.83285,,,0,0,0.017978668
-0.039832317,0.038781274,0.055593171,-0.000932619,1591164174.85281,,,0.009,-0.005,0.014452219
0.045161842,0.013642156,0.047177329,-0.001998469,1591164174.87193,,,0,0,0.02109623
-0.069759838,-0.025862171,0.074399509,-0.001998469,1591164174.89428,,,0,0,0.019924879
-0.003919292,0.019627661,0.020015142,-0.000399694,1591164174.91209,,,0,0,0.002836943
0.01403722,0.030401568,0.033485801,-0.00106585,1591164174.93167,,,0.045,-0.002,0.002429485
0.020022724,0.026810266,0.033461916,0.001465544,1591164174.95255,,,0,0,0.021318674
0.035585035,0.049555181,0.061008284,-0.001332313,1591164174.97313,,,0,0,0.005166531
-0.005116393,0.002868249,0.005865521,0.000133231,1591164174.99328,,,0,0,0.011320829
0.009248817,-0.011496961,0.014755363,0.002131701,1591164175.01231,,,0.049,-0.002,0.01612258
0.022416926,0.00406535,0.022782573,-0.003330782,1591164175.03272,,,0,0,0.019747734
0.009248817,0.026810266,0.028360729,-0.001732007,1591164175.05397,,,0,0,0.002550364
0.04276764,0.036387072,0.056152382,0,1591164175.07339,,,-0.07,-0.002,0.002503395
0.047556043,0.036387072,0.059879849,-0.00106585,1591164175.09145,,,0,0,0.018866062
0.023614027,0.045963879,0.05167495,-0.000532925,1591164175.11604,,,0,0,0.01834178
-0.005116393,0.028007366,0.028470863,-0.001199082,1591164175.13276,,,0,0,0.001903772
0.030796632,0.001671148,0.03084194,0.000666156,1591164175.15197,,,0.035,-0.002,0.016220093
-0.003919292,-0.006708558,0.00776953,0,1591164175.17253,,,0,0,0.002460241
0.016431422,0.03279577,0.036681796,-0.000799388,1591164175.19192,,,0,0,0.003483534
-0.017087401,0.005262451,0.017879392,-0.001332313,1591164175.21222,,,0.022,-0.004,0.015323877
0.05713285,0.031598669,0.065288884,-0.000799388,1591164175.23365,,,0,0,0.03315115
0.066709657,0.014839257,0.068340192,-0.00106585,1591164175.25242,,,0,0,0.018847466
0.017628523,0.071102996,0.073255723,-0.003863708,1591164175.27333,,,0,0,0.00549674
0.018825623,0.036387072,0.040968563,-0.000399694,1591164175.29324,,,0,0,0.012229919
0.000869111,0.005262451,0.005333736,0.001865238,1591164175.31296,,,0.023,-0.001,0.033888817
0.012840119,0.025613165,0.028651403,-0.000932619,1591164175.33626,,,0,0,0.021490335
-0.042226519,0.03399287,0.054208801,-0.000666156,1591164175.35323,,,0,0,0.010430574
0.018825623,0.008853753,0.020803679,0.001865238,1591164175.37265,,,0,0,0.019948721
0.016431422,0.008853753,0.018664956,0.001332313,1591164175.39381,,,0.016,-0.001,0.014552116
-0.056591729,0.011247955,0.057698702,-0.000932619,1591164175.41436,,,0,0,0.003546953
0.102622682,0.036387072,0.108882661,-0.00413017,1591164175.43377,,,0,0,0.004138231
0.041570539,0.020824761,0.04649495,0.002398163,1591164175.45365,,,0.066,-0.002,0.016344309
0.034387934,0.026810266,0.043604132,0.000532925,1591164175.47161,,,0,0,0.018174648
-0.003919292,0.013642156,0.014193988,-0.000399694,1591164175.49228,,,0,0,0.014934301
0.083469068,0.04716098,0.095870972,-0.000666156,1591164175.51266,,,0,0.001,0.005009174
0.026008228,0.026810266,0.037352621,-0.000266463,1591164175.53298,,,0,0,0.012396812
-0.049409124,0.038781274,0.062811215,-0.000399694,1591164175.55491,,,0,0,0.020392418
0.011643018,0.03399287,0.035931534,0.000266463,1591164175.57408,,,0.018,0.001,0.013006449
0.017628523,0.036387072,0.04043246,0.000532925,1591164175.59115,,,0,0,0.018300772
0.035585035,0.022021862,0.041848024,0.000266463,1591164175.61501,,,0,0,0.018170834
0.05713285,0.066314593,0.087531639,0.000932619,1591164175.63462,,,0.102,-0.005,0.014740705
-0.033846813,0.005262451,0.034253469,-0.001199082,1591164175.65286,,,0,0,0.019371033
0.066709657,0.036387072,0.075988139,0.000399694,1591164175.67463,,,0,0,0.001439571
0.016431422,0.00406535,0.016926863,-0.002931089,1591164175.6918,,,0,0,0.017669678
0,0.020824761,0.020824761,0.000399694,1591164175.71288,,,0.083,-0.001,0.01695466
0.015234321,0.017233459,0.023001666,-0.00106585,1591164175.73299,,,0,0,0.018519163
0.035585035,0.020824761,0.041230637,0.000532925,1591164175.7538,,,0,0,0.016247749
0.031993733,0.010050854,0.033535333,-0.002531395,1591164175.77277,,,0.011,0,0.00381422
-0.0146932,0.024416064,0.028496215,-0.00106585,1591164175.79272,,,0,0,0.002468586
0.015234321,0.045963879,0.04842275,0.000532925,1591164175.81218,,,0,0,0.018122673
-0.015890301,0.006459551,0.01715306,0.000133231,1591164175.83414,,,0.057,0,0.015859842
0.023614027,0.013642156,0.027271426,-0.001332313,1591164175.85421,,,0,0,0.020547867
0.048753144,0.068708795,0.084248249,-0.000666156,1591164175.87245,,,0,0,0.017308712
-0.012298998,-0.01029986,0.016042209,0.001732007,1591164175.89296,,,0,0,0.004678249
0.119382093,0.035189971,0.124460509,0.00106585,1591164175.91313,,,0,0,0.003603935
0.039176338,0.03399287,0.051868108,-0.00106585,1591164175.93191,,,0,0,0.024872541
-0.033846813,-0.051001288,0.061210605,-0.000799388,1591164175.95358,,,0,0,0.005779505
-0.024270006,-0.027059272,0.036348829,-0.000532925,1591164175.97377,,,0.031,-0.003,0.016664505
-0.031452611,-0.023467969,0.039242991,-0.001598776,1591164175.9926,,,0,0,0.017628193
0.029599531,0.024416064,0.038370254,0.000266463,1591164176.01385,,,0,0,0.005065918
-0.017087401,0.031598669,0.035922906,-0.000266463,1591164176.03219,,,0,0,0.013701677
0.024811128,0.045963879,0.052232846,0.000399694,1591164176.05494,,,-0.016,0,0.017884254
-0.021875805,0.042372576,0.04768633,0.000133231,1591164176.07277,,,0,0,0.01583004
0.070300959,0.041175475,0.081471741,0.000666156,1591164176.09218,,,0,0,0.001916409
0.039176338,0.050752282,0.064113802,-0.001199082,1591164176.11345,,,0,0,0.004710913
0.026008228,-0.003117255,0.026194374,-0.000399694,1591164176.13384,,,0.119,0.001,0.01363945
0.024811128,0.030401568,0.039240889,0.00106585,1591164176.15364,,,0,0,0.0195961
-0.031452611,0.014839257,0.03477744,-0.001865238,1591164176.17385,,,0,0,0.01900959
-0.011101897,0.011247955,0.015804069,0.000799388,1591164176.19186,,,-0.025,-0.001,0.012066364
-0.07215404,0.036387072,0.080809804,-0.003330782,1591164176.21228,,,0,0,0.022424936
-0.041029418,-0.007905659,0.041784119,-0.000532925,1591164176.23303,,,0,0,0.017518282
-0.015890301,0.051949383,0.054325317,-0.00106585,1591164176.25263,,,0,0,0.004366398
-0.076942443,0.014839257,0.078360341,-0.001465544,1591164176.27266,,,0.024,0,0.015129328
0.018825623,0.038781274,0.043109063,-0.002264932,1591164176.29295,,,0,0,0.002224922
0.063118354,-0.003117255,0.063195284,-0.000799388,1591164176.31334,,,0,0,0.016937017
0.041570539,-0.018679566,0.04557451,-0.001465544,1591164176.33321,,,0,0,0.003550529
-0.00032799,0.011247955,0.011252736,-0.000266463,1591164176.35404,,,0.026,-0.001,0.011861324
0.030796632,0.020824761,0.037176649,-0.001199082,1591164176.37316,,,0,0,0.016043901
-0.025467107,0.025613165,0.036119354,-0.002797857,1591164176.39337,,,0,0,0.019673109
-0.002722192,-0.018679566,0.018876878,0.001199082,1591164176.41237,,,0,0,0.004006624
-0.027861309,0.038781274,0.047751856,-0.001598776,1591164176.43471,,,-0.073,-0.004,0.016026735
-0.049409124,0.049555181,0.069978407,-0.000133231,1591164176.45165,,,0,0,0.019104719
-0.008707696,-0.030650574,0.031863485,0,1591164176.4741,,,0,0,0.003607988
-0.00032799,0.049555181,0.049556267,0.000799388,1591164176.49174,,,0,0,0.015206814
0.039176338,0.072300097,0.082231925,-0.001199082,1591164176.51233,,,-0.077,-0.002,0.019247532
-0.0146932,0.012445056,0.019255377,-0.002931089,1591164176.53205,,,0,0,0.005096436
0.10022848,-0.022270869,0.102672975,0.000399694,1591164176.55263,,,0,0,0.01559639
0.035585035,0.016036358,0.039031519,-0.000399694,1591164176.57263,,,0.041,-0.002,0.017199039
0.004460413,0.016036358,0.016645121,0.00106585,1591164176.59561,,,0,0,0.016154766
0,0.085468206,0.085468206,-0.000799388,1591164176.61283,,,0,0,0.003102541
-0.041029418,-0.019876667,0.045590515,-0.000532925,1591164176.63386,,,-0.026,-0.003,0.015123606
0.010445918,0.008853753,0.013693288,-0.000532925,1591164176.65303,,,0,0,0.003944159
0.02840243,0.060329089,0.066680559,-0.001998469,1591164176.67176,,,0,0,0.017334223
0.034387934,0.039978375,0.052733296,-0.002797857,1591164176.69365,,,0,0,0.019067049
0.091848774,0.045963879,0.102707719,-0.000532925,1591164176.71463,,,-0.009,0,0.012622356
-0.027861309,-0.007905659,0.028961215,-0.001865238,1591164176.73224,,,0,0,0.021203995
0.043964741,0.071102996,0.083597455,-0.000666156,1591164176.75248,,,0,0,0.020308495
0.008051716,0.008853753,0.011967417,0.000532925,1591164176.77252,,,0,0,0.002847672
0.054738648,0.038781274,0.067084326,-0.001732007,1591164176.79187,,,0.1,0,0.015476942
-0.009904796,-0.005511457,0.011334953,-0.001732007,1591164176.81363,,,0,0,0.002622366
0,0.044766778,0.044766778,0,1591164176.83295,,,0,0,0.019733191
0.061921253,0.00406535,0.062054562,0.000399694,1591164176.85285,,,0,-0.001,0.017423153
0.033190833,-0.009102759,0.034416444,-0.000932619,1591164176.87177,,,0,0,0.018488407
-0.011101897,0.06272329,0.06369822,-0.000266463,1591164176.89203,,,0,0,0.019514322
0.030796632,0.053146484,0.061424598,0.001998469,1591164176.9135,,,0,0,0.003738165
0.034387934,-0.041424482,0.053837884,0.000399694,1591164176.93236,,,0.034,-0.003,0.011006355
-0.002722192,-0.007905659,0.008361206,-0.000532925,1591164176.95427,,,0,0,0.018071413
0.035585035,0.073497198,0.081658636,-0.000399694,1591164176.97311,,,0,0,0.018312216
-0.017087401,-0.011496961,0.020595131,0.000133231,1591164176.99285,,,0,0,0.003029823
0.015234321,-0.017482465,0.023188815,-0.001998469,1591164177.01403,,,0.008,0,0.013586998
0.049950245,0.010050854,0.050951415,-0.000133231,1591164177.03339,,,0,0,0.021376133
-0.002722192,0.081876904,0.081922144,-0.000532925,1591164177.0528,,,0,0,0.018074512
-0.035043914,0.03279577,0.047996233,0.001465544,1591164177.07354,,,0,0,0.001670122
0.010445918,0.000474047,0.010456668,0.000399694,1591164177.09281,,,0,0,0.021140575
0.005657514,0.029204467,0.029747409,-0.001332313,1591164177.11527,,,0,0,0.003340483
-0.070956939,0.014839257,0.072492005,0,1591164177.13172,,,-0.012,-0.001,0.016868353
0.076286463,0.024416064,0.080098493,0.000932619,1591164177.15488,,,0,0,0.017687559
0.026008228,-0.005511457,0.026585788,0.000799388,1591164177.17219,,,0,0,0.018195629
-0.032649712,0.073497198,0.080422894,-0.001465544,1591164177.19244,,,-0.003,-0.001,0.018207073
0.000869111,0.057934887,0.057941406,0.000266463,1591164177.21238,,,0,0,0.018960953
0.006854615,-0.005511457,0.008795562,0.001465544,1591164177.23361,,,0,0,0.016565561
-0.007510595,-0.004314356,0.008661565,-0.000133231,1591164177.2533,,,0.015,-0.002,0.019042492
-0.026664208,0.067511694,0.072586561,0.000932619,1591164177.2722,,,0,0,0.004994631
0.030796632,0.03279577,0.044988832,-0.000532925,1591164177.29245,,,0,0,0.005325556
-0.012298998,0.019627661,0.023162694,-0.000799388,1591164177.31226,,,-0.036,0.001,0.012796879
0.006854615,0.028007366,0.028833979,-0.000399694,1591164177.334,,,0,0,0.018220425
0.045161842,0.023218963,0.050781022,0.000399694,1591164177.35284,,,0,0,0.01877737
,,,,,,,0,0,0.004736185
,,,,,,,0.076,0,0.014819622
,,,,,,,0,0,0.00418663
,,,,,,,0,0,0.01774478
,,,,,,,0,0,0.016208172
,,,,,,,0.006,0.001,0.018071651
,,,,,,,0,0,0.01949954
,,,,,,,0,0,0.015660286
,,,,,,,0,0,0.002553225
,,,,,,,-0.013,-0.001,0.015021801
,,,,,,,0,0,0.017361403
,,,,,,,0,0,0.016000986
