0.048520703,-0.000532925,-0.567749023,1582212249.217949629
-0.025724903,-0.001332313,-0.570037842,1582212249.284736633
-0.008959766,-0.000799388,-0.571411133,1582212249.350696325
0.044928173,-0.002664626,-0.575988770,1582212249.417610407
-0.010157276,-0.000532925,-0.576904297,1582212249.484745979
0.000620312,-0.000266463,-0.577362061,1582212249.550404072
-0.036502491,0.000532925,-0.576446533,1582212249.617370367
0.003015331,0.000799388,-0.575012207,1582212249.684364080
-0.020934864,-0.001065850,-0.578308105,1582212249.750344515
0.025768017,0.001332313,-0.573272705,1582212249.817247629
-0.007762256,0.000532925,-0.571228027,1582212249.884273052
-0.035304981,0.000532925,-0.569213867,1582212249.950195312
-0.043687549,-0.000799388,-0.572296143,1582212250.016988993
0.022175488,-0.001598776,-0.578430176,1582212250.083998680
-0.002972217,-0.001598776,-0.584472656,1582212250.151037216
0.001817822,-0.000532925,-0.586517334,1582212250.216747999
0.049718212,0.000000000,-0.586517334,1582212250.283734798
-0.006564747,0.001865238,-0.579345703,1582212250.350744724
-0.007762256,0.000799388,-0.576324463,1582212250.416512489
0.056903271,0.000532925,-0.574279785,1582212250.483538866
0.000620312,0.000799388,-0.571197510,1582212250.550564528
-0.019737354,0.000532925,-0.569183350,1582212250.617486238
-0.008959766,-0.001598776,-0.575317383,1582212250.683270454
0.022175488,-0.000532925,-0.577331543,1582212250.750289917
0.034150585,0.001065850,-0.573242188,1582212250.817267656
-0.020934864,0.001065850,-0.569213867,1582212250.883025885
-0.040095020,0.001332313,-0.564086914,1582212250.950153351
-0.002972217,0.000532925,-0.562072754,1582212251.017122746
0.012595410,0.001065850,-0.557983398,1582212251.084126949
-0.062847706,-0.001065850,-0.562072754,1582212251.150056839
-0.019737354,0.000000000,-0.562072754,1582212251.216975927
-0.014947315,-0.000532925,-0.564117432,1582212251.282760859
0.005410351,-0.000532925,-0.566131592,1582212251.349877119
0.005410351,0.000266463,-0.565093994,1582212251.416909695
-0.023329883,0.000000000,-0.565093994,1582212251.483877182
0.016187939,-0.000532925,-0.567138672,1582212251.549728155
0.011397900,0.000266463,-0.566101074,1582212251.616626978
0.004212841,0.000000000,-0.566101074,1582212251.683655500
0.025768017,-0.002398163,-0.575317383,1582212251.751457453
0.011397900,-0.000532925,-0.577331543,1582212251.818388700
0.025768017,0.000532925,-0.575256348,1582212251.883832693
-0.005367237,0.001065850,-0.571228027,1582212251.952173233
-0.022132374,-0.001332313,-0.576354980,1582212252.019929647
-0.020934864,0.001065850,-0.572326660,1582212252.084882975
0.010200390,0.000532925,-0.570281982,1582212252.152128458
0.003015331,0.001332313,-0.565155029,1582212252.217316628
-0.007762256,-0.001865238,-0.572204590,1582212252.286181688
0.023372997,-0.000266463,-0.573242188,1582212252.350641251
0.025768017,-0.001598776,-0.579284668,1582212252.417491913
-0.006564747,0.000000000,-0.579284668,1582212252.484550238
-0.018539844,-0.002398163,-0.588348389,1582212252.552156210
-0.019737354,0.000266463,-0.587310791,1582212252.617363930
0.026965527,-0.001065850,-0.591339111,1582212252.684527874
0.019780468,-0.001598776,-0.597564697,1582212252.751725674
-0.028119922,-0.001332313,-0.602691650,1582212252.817263603
-0.030514942,-0.001332313,-0.607727051,1582212252.883866072
0.038940624,-0.002131701,-0.615905762,1582212252.950921297
0.052113232,-0.000799388,-0.618927002,1582212253.017873049
-0.011354786,-0.001065850,-0.623016357,1582212253.083613157
-0.018539844,0.000000000,-0.623016357,1582212253.150704384
-0.030514942,-0.000266463,-0.624053955,1582212253.219633341
0.058100781,-0.000532925,-0.626098633,1582212253.284687996
-0.011354786,0.001332313,-0.621063232,1582212253.352232695
0.001817822,0.001065850,-0.616973877,1582212253.420418501
-0.008959766,-0.000532925,-0.618988037,1582212253.483062267
0.013792919,0.000266463,-0.617950439,1582212253.552859783
-0.019737354,-0.000266463,-0.618988037,1582212253.619177580
-0.043687549,-0.001598776,-0.625122070,1582212253.684713364
0.004212841,0.001332313,-0.619995117,1582212253.750406265
0.035348095,0.000000000,-0.619995117,1582212253.817295313
0.025768017,0.001598776,-0.613861084,1582212253.884307384
0.025768017,0.000532925,-0.611846924,1582212253.950040102
-0.004169727,-0.001065850,-0.615936279,1582212254.017237663
0.024570507,-0.001065850,-0.619964600,1582212254.083842993
0.012595410,0.000532925,-0.617919922,1582212254.151374578
0.001817822,-0.001865238,-0.624969482,1582212254.216729879
-0.017342335,-0.000532925,-0.627014160,1582212254.283750057
0.018582958,-0.001598776,-0.633148193,1582212254.350862265
-0.043687549,-0.002398163,-0.642211914,1582212254.416718483
-0.012552295,-0.000799388,-0.645324707,1582212254.483788490
-0.000577198,0.000532925,-0.643310547,1582212254.550564528
0.013792919,-0.001065850,-0.647399902,1582212254.617429018
0.028163037,0.001598776,-0.641265869,1582212254.682809114
0.011397900,0.000000000,-0.641265869,1582212254.751862288
-0.005367237,-0.000799388,-0.644287109,1582212254.818682671
0.010200390,-0.001065850,-0.648376465,1582212254.881461859
0.003015331,-0.002131701,-0.656555176,1582212254.952051401
-0.002972217,0.001332313,-0.651519775,1582212255.018272638
0.011397900,0.001332313,-0.646392822,1582212255.084431171
0.047323193,-0.000266463,-0.647399902,1582212255.151889563
0.014990429,0.000266463,-0.646362305,1582212255.218517542
0.023372997,-0.000799388,-0.649383545,1582212255.285415888
-0.030514942,0.001865238,-0.642211914,1582212255.352326632
0.010200390,0.001332313,-0.637084961,1582212255.418264389
-0.004169727,-0.001065850,-0.641113281,1582212255.483863831
-0.005367237,-0.001065850,-0.645202637,1582212255.553299665
-0.000577198,-0.001332313,-0.650238037,1582212255.617990732
-0.014947315,-0.001332313,-0.655364990,1582212255.683604240
0.032953076,-0.002664626,-0.665435791,1582212255.750758171
-0.024527393,-0.001865238,-0.672607422,1582212255.818109512
-0.019737354,0.000799388,-0.669586182,1582212255.885539770
-0.014947315,-0.001065850,-0.673675537,1582212255.952634335
-0.020934864,0.000532925,-0.671630859,1582212256.017976761
0.004212841,0.000532925,-0.669616699,1582212256.084516525
0.029360546,-0.000532925,-0.671691895,1582212256.150595427
0.023372997,-0.001332313,-0.676727295,1582212256.215564013
0.006607861,0.000000000,-0.676727295,1582212256.282572508
0.012595410,-0.000799388,-0.679748535,1582212256.350126743
0.004212841,0.000532925,-0.677703857,1582212256.417167664
-0.019737354,-0.000799388,-0.680786133,1582212256.482273340
0.032953076,-0.000532925,-0.682800293,1582212256.549750328
0.005410351,-0.000266463,-0.683837891,1582212256.616418600
-0.022132374,0.000266463,-0.682830811,1582212256.682476044
-0.013749805,0.000799388,-0.679748535,1582212256.749651670
-0.006564747,0.002131701,-0.671691895,1582212256.816163301
0.016187939,-0.002664626,-0.681915283,1582212256.885121107
-0.001774708,0.000532925,-0.679901123,1582212256.949122667
0.035348095,-0.001065850,-0.684051514,1582212257.016283751
0.000620312,-0.001332313,-0.689178467,1582212257.081816673
-0.002972217,0.000532925,-0.687164307,1582212257.148762465
-0.029317432,-0.001332313,-0.692291260,1582212257.215649366
0.023372997,0.000532925,-0.690277100,1582212257.282799244
-0.023329883,0.000532925,-0.688232422,1582212257.350272655
-0.002972217,0.000266463,-0.687225342,1582212257.417333603
-0.038897510,-0.001598776,-0.693359375,1582212257.484165192
0.003015331,-0.001065850,-0.697448730,1582212257.548129797
0.000620312,0.000532925,-0.695434570,1582212257.615146875
-0.026922413,-0.000266463,-0.696472168,1582212257.684442043
-0.000577198,-0.000532925,-0.698486328,1582212257.751471043
0.000620312,-0.002131701,-0.706665039,1582212257.814665318
0.016187939,-0.000532925,-0.708679199,1582212257.880894899
0.024570507,-0.002131701,-0.716857910,1582212257.949076414
-0.004169727,0.001065850,-0.712829590,1582212258.016044140
-0.034107471,-0.001332313,-0.717956543,1582212258.081551313
0.005410351,-0.000532925,-0.720001221,1582212258.148347855
0.018582958,-0.001065850,-0.724029541,1582212258.215523720
0.055705761,-0.001065850,-0.728118896,1582212258.280429840
0.055705761,0.000799388,-0.725097656,1582212258.348095179
-0.000577198,0.000799388,-0.722015381,1582212258.415217161
-0.038897510,-0.001332313,-0.727050781,1582212258.481395721
0.013792919,-0.000266463,-0.728088379,1582212258.547942638
0.028163037,-0.000799388,-0.731170654,1582212258.614937305
0.017385449,-0.003464014,-0.744262695,1582212258.681861162
-0.004169727,0.001332313,-0.739135742,1582212258.747654676
-0.001774708,-0.000799388,-0.742156982,1582212258.813885450
-0.007762256,-0.001332313,-0.747283936,1582212258.880877495
-0.011354786,-0.001598776,-0.753326416,1582212258.947485209
0.010200390,-0.000799388,-0.756408691,1582212259.014554024
-0.028119922,0.000000000,-0.756408691,1582212259.081594229
-0.019737354,0.000532925,-0.754364014,1582212259.147207975
0.014990429,-0.000266463,-0.755401611,1582212259.213345289
-0.014947315,-0.001598776,-0.761444092,1582212259.281351089
-0.052070118,-0.001065850,-0.765533447,1582212259.347580910
0.010200390,0.001065850,-0.761505127,1582212259.415439129
-0.006564747,0.000532925,-0.759460449,1582212259.481050491
-0.002972217,-0.002398163,-0.768524170,1582212259.548267841
-0.001774708,0.001598776,-0.762390137,1582212259.613091707
0.005410351,0.000266463,-0.761352539,1582212259.681428909
0.017385449,-0.000532925,-0.763366699,1582212259.747923136
-0.002972217,-0.000532925,-0.765411377,1582212259.813668251
-0.038897510,0.001332313,-0.760375977,1582212259.880042315
-0.023329883,-0.001065850,-0.764465332,1582212259.947594881
0.031755566,-0.000532925,-0.766479492,1582212260.014612198
0.004212841,-0.000266463,-0.767517090,1582212260.080528736
-0.028119922,-0.001065850,-0.771545410,1582212260.147394896
0.006607861,-0.000266463,-0.772583008,1582212260.214212656
-0.000577198,0.001065850,-0.768493652,1582212260.279591322
0.006607861,-0.000266463,-0.769500732,1582212260.346281528
0.003015331,-0.001065850,-0.773651123,1582212260.413291216
0.018582958,-0.000799388,-0.776672363,1582212260.480329514
-0.022132374,0.000266463,-0.775634766,1582212260.546043873
0.044928173,-0.000799388,-0.778656006,1582212260.613003969
0.016187939,-0.000266463,-0.779693604,1582212260.680161715
0.061693310,-0.000799388,-0.782714844,1582212260.745815516
0.003015331,-0.001065850,-0.786804199,1582212260.812945604
-0.035304981,-0.002131701,-0.794982910,1582212260.880272388
-0.002972217,0.000000000,-0.794982910,1582212260.945653915
-0.016144825,0.000532925,-0.792938232,1582212261.012703657
0.020977978,-0.000799388,-0.795959473,1582212261.079767227
-0.001774708,0.001598776,-0.789825439,1582212261.147519827
-0.067637745,0.001065850,-0.785797119,1582212261.212471247
-0.025724903,-0.000532925,-0.787872314,1582212261.289955139
0.004212841,0.001332313,-0.782745361,1582212261.346087933
0.003015331,-0.002398163,-0.791809082,1582212261.411887169
-0.007762256,-0.000799388,-0.794891357,1582212261.478801250
0.011397900,0.001065850,-0.790863037,1582212261.545782566
0.017385449,0.000266463,-0.789825439,1582212261.612895966
-0.025724903,0.000000000,-0.789825439,1582212261.678502560
-0.018539844,-0.001332313,-0.794952393,1582212261.745571852
-0.034107471,0.000532925,-0.792938232,1582212261.812519312
-0.032909962,-0.000532925,-0.794982910,1582212261.879599094
-0.008959766,0.001865238,-0.787811279,1582212261.945309639
-0.006564747,0.000532925,-0.785797119,1582212262.012283087
-0.018539844,0.003197551,-0.773529053,1582212262.079359770
0.046125683,-0.000532925,-0.775543213,1582212262.145099640
-0.023329883,-0.000799388,-0.778625488,1582212262.212119102
0.028163037,-0.000266463,-0.779632568,1582212262.279162169
0.014990429,0.001865238,-0.772460938,1582212262.346036673
0.016187939,0.000000000,-0.772460938,1582212262.411798477
-0.002972217,0.000266463,-0.771453857,1582212262.479036331
0.006607861,0.000532925,-0.769409180,1582212262.550379992
0.006607861,-0.000266463,-0.770416260,1582212262.611590862
0.022175488,-0.000532925,-0.772460938,1582212262.678580999
-0.037700001,0.000000000,-0.772460938,1582212262.745586872
0.013792919,-0.000266463,-0.773498535,1582212262.811424017
0.000620312,-0.001332313,-0.778533936,1582212262.878354073
0.016187939,0.000266463,0.000000000,1582212262.945452690
-0.005367237,0.000799388,-0.774414062,1582212263.012387514
-0.000577198,-0.001065850,-0.778442383,1582212263.078110218
0.018582958,0.000000000,-0.778442383,1582212263.145040512
0.000620312,-0.001865238,-0.785491943,1582212263.212199211
0.011397900,-0.000266463,-0.786529541,1582212263.277844906
0.016187939,-0.001332313,-0.791564941,1582212263.344833136
0.020977978,-0.000266463,-0.792602539,1582212263.411817551
0.001817822,0.000532925,-0.790557861,1582212263.478843927
-0.053267628,-0.001598776,-0.796600342,1582212263.544561863
0.016187939,-0.000266463,-0.797637939,1582212263.611649513
0.001817822,-0.001065850,-0.801666260,1582212263.678550482
-0.016144825,0.001332313,-0.796539307,1582212263.744320869
-0.024527393,-0.002931089,-0.807800293,1582212263.811341524
-0.025724903,-0.000799388,-0.810882568,1582212263.878328323
0.023372997,0.000532925,-0.808868408,1582212263.944099665
0.025768017,-0.000799388,-0.811950684,1582212264.011098385
-0.008959766,0.000000000,-0.811950684,1582212264.078065872
-0.040095020,0.000266463,-0.810943604,1582212264.145082951
0.055705761,0.000000000,-0.810943604,1582212264.210814238
0.042533154,0.000266463,-0.809936523,1582212264.277824402
-0.014947315,0.000532925,-0.807891846,1582212264.344856739
-0.024527393,0.000000000,-0.807891846,1582212264.410775661
-0.028119922,0.000532925,-0.805847168,1582212264.477901936
-0.008959766,0.001332313,-0.800720215,1582212264.544716597
-0.032909962,-0.000532925,-0.802734375,1582212264.611720562
-0.044885059,0.000000000,-0.802734375,1582212264.677414894
0.020977978,0.001598776,-0.796691895,1582212264.744560242
-0.028119922,0.001598776,-0.790557861,1582212264.810461521
0.017385449,-0.001332313,-0.795593262,1582212264.877311707
0.017385449,0.000532925,-0.793548584,1582212264.944372416
-0.023329883,-0.000266463,-0.794555664,1582212265.011333704
-0.024527393,0.001332313,-0.789428711,1582212265.077105761
-0.029317432,0.000266463,-0.788391113,1582212265.144093037
0.042533154,0.000799388,-0.785369873,1582212265.211095572
-0.016144825,-0.000532925,-0.787414551,1582212265.276888371
-0.002972217,0.002131701,-0.779357910,1582212265.343846798
-0.002972217,-0.000799388,-0.782440186,1582212265.410965204
-0.016144825,-0.001865238,-0.789489746,1582212265.478081942
0.014990429,0.000266463,-0.788452148,1582212265.543825150
-0.024527393,-0.000266463,-0.789489746,1582212265.610725880
0.019780468,-0.000266463,-0.790496826,1582212265.677687407
-0.022132374,-0.002398163,-0.799713135,1582212265.743456841
0.010200390,0.001065850,-0.795684814,1582212265.810474157
0.014990429,-0.001065850,-0.799835205,1582212265.877480268
-0.024527393,0.001598776,-0.793884277,1582212265.944536686
0.018582958,-0.000532925,-0.795928955,1582212266.010278940
0.040138134,-0.000532925,-0.797943115,1582212266.077223063
0.009002880,-0.002131701,-0.806121826,1582212266.144231558
-0.004169727,0.000532925,-0.804077148,1582212266.209979296
0.001817822,0.000532925,-0.802062988,1582212266.277074337
-0.025724903,-0.001865238,-0.809234619,1582212266.343973637
0.000620312,0.001332313,-0.804199219,1582212266.409801960
0.012595410,-0.001332313,-0.809326172,1582212266.476754189
0.003015331,0.002398163,-0.800262451,1582212266.543701649
-0.025724903,-0.001598776,-0.806396484,1582212266.610680103
0.013792919,-0.000799388,-0.809478760,1582212266.676446199
-0.044885059,0.001065850,-0.805450439,1582212266.743453979
0.013792919,0.001332313,-0.800323486,1582212266.810463190
0.009002880,0.000532925,-0.798309326,1582212266.876219034
0.007805371,-0.001332313,-0.803436279,1582212266.946728230
0.004212841,0.000000000,-0.803436279,1582212267.012877941
-0.037700001,0.001332313,-0.798309326,1582212267.080035210
-0.019737354,-0.001865238,-0.805358887,1582212267.147244215
-1.405256221,0.975253072,2.994335890,1582212267.213136673
-0.248461715,1.809547497,9.837175369,1582212267.279940128
-1.029238082,1.591581117,15.855771065,1582212267.345775127
-0.362225142,1.304600885,20.863893509,1582212267.411628246
-0.376595260,0.837758400,24.031892776,1582212267.479770184
0.547882279,0.929421515,27.599769592,1582212267.545632362
-0.287979537,0.919828871,31.078121185,1582212267.612578869
-2.054306514,0.980582326,34.842395782,1582212267.678223133
0.243714799,1.081038736,38.930366516,1582212267.743980408
-0.727465621,1.092496659,43.124259949,1582212267.809740782
0.080853471,0.000000000,0.000000000,1582212267.847170353
-0.134698287,1.001366443,50.982089996,1582212267.943954945
-0.047280079,1.069314364,55.086990356,1582212268.010691166
0.568239945,1.036539492,59.006683350,1582212268.076780319
0.723916215,0.968591504,62.724925995,1582212268.143831015
0.226949662,0.995770739,66.490455627,1582212268.210352182
0.231739701,0.932352591,70.069587708,1582212268.276027441
0.218567094,0.921427634,73.606781006,1582212268.343330145
-1.481896846,0.980049427,77.312858582,1582212268.410425663
0.658053178,0.000000000,0.000000000,1582212268.447697639
-0.928647262,1.014156612,84.817054749,1582212268.543323994
0.004212841,0.959798275,88.501541138,1582212268.609684229
0.252097367,0.965127529,92.151191711,1582212268.675406218
-0.667590133,1.038404704,96.137435913,1582212268.743040323
0.834087113,1.005896282,99.941253662,1582212268.810176134
0.012595410,0.899844168,103.395591736,1582212268.877034903
0.146716508,1.008028010,107.322982788,1582212268.942818165
0.387415971,1.062919312,111.342430115,1582212269.009820461
-0.444853316,1.009626773,115.218200684,1582212269.076551199
0.129951371,1.029345026,119.110687256,1582212269.142685890
0.565844926,1.000300579,122.950653076,1582212269.209362984
0.291615190,1.137528868,127.252243042,1582212269.276244640
0.362268266,0.948340353,130.892745972,1582212269.343332291
-0.426890670,1.007761561,134.761352539,1582212269.409402847
0.225752152,1.027479747,0.000000000,1582212269.476440907
0.396996049,0.984312817,142.425384521,1582212269.543389797
0.407773637,0.933152006,145.954116821,1582212269.610465288
-0.182598678,0.972854961,149.688720703,1582212269.675846338
-0.626874801,0.992040248,153.440139771,1582212269.742431164
0.083248490,1.004563968,157.354034424,1582212269.809649467
-0.022132374,0.960331174,160.985549927,1582212269.876083851
0.316762895,1.017887103,164.893035889,1582212269.943496227
-0.012552295,1.016021891,168.793350220,1582212270.009241343
0.720323686,0.964328115,172.439971924,1582212270.076219559
0.218567094,1.003498104,176.292221069,1582212270.141964436
-0.194573775,1.030410823,-179.811264038,1582212270.209092855
-0.546641646,0.968058606,-176.095062256,1582212270.277245760
-0.322707320,0.893715566,-172.715454102,1582212270.342977285
0.470044145,0.931819692,-169.138366699,1582212270.410095453
-0.316719771,1.026680399,-165.197128296,1582212270.476967335
0.014990429,1.021617594,-161.333862305,1582212270.541836023
0.617337846,0.935283734,-157.743484497,1582212270.611525536
-0.716688033,0.981115291,-153.977157593,1582212270.678151369
0.856839799,0.994971325,-150.157653809,1582212270.743729353
-0.259239303,1.005896282,-146.353836060,1582212270.809545755
0.383823441,0.986977444,-142.565017700,1582212270.877780199
-0.737045699,0.991507350,0.000000000,1582212270.943713903
-1.966888302,0.980848842,-135.050308228,1582212271.009552002
0.359873246,0.931286793,-131.475265503,1582212271.078576326
-0.566999312,0.899311270,-128.074508667,1582212271.143130302
0.036545605,1.014423128,-124.180328369,1582212271.210330486
-0.333484908,0.959798275,-120.550842285,1582212271.277643681
-0.550234176,0.903308210,-117.083206177,1582212271.344850302
1.962141239,0.978983563,-113.381164551,1582212271.408694983
-0.274806930,0.962995801,-109.684402466,1582212271.474546909
-0.038897510,0.981914639,-105.915008545,1582212271.541545630
0.333528031,0.960864139,-102.281494141,1582212271.609226704
0.218567094,1.029345026,-98.330017090,1582212271.674497843
0.307182816,1.083703363,-94.231964111,1582212271.741893530
-0.355040084,0.948340353,-90.591461182,1582212271.808550835
-0.012552295,0.910502676,-87.148376465,1582212271.875912189
0.248504838,1.010159672,-83.270568848,1582212271.941269159
-0.247264205,1.055991296,-79.277313232,1582212272.008440733
0.830494584,0.962462902,-75.582580566,1582212272.075095654
0.357478227,0.901176482,-72.123138428,1582212272.140857935
0.733496293,0.978717113,-68.422119141,1582212272.208313942
0.152704057,0.997902401,-64.591369629,1582212272.275128365
-0.042490040,0.935283734,-61.000976562,1582212272.342348337
-0.744230758,1.004563968,-57.144653320,1582212272.407771587
0.100013627,1.000034129,-53.363006592,1582212272.475861788
-0.477186080,0.972055546,-49.631469727,1582212272.540521383
0.000000000,0.000000000,0.000000000,1582212272.566327095
-0.123920699,1.027479747,-41.954132080,1582212272.675130606
-0.834043990,1.007228595,-38.087554932,1582212272.741963863
0.157494096,1.036273043,-34.168884277,1582212272.807242155
0.265269975,1.047198000,-30.148895264,1582212272.874820471
-0.659207564,1.046665101,-26.190917969,1582212272.941269636
0.043730663,1.003764620,-22.337646484,1582212273.008265257
0.219764604,1.025880984,-18.458251953,1582212273.074036360
0.371848344,1.045066272,-14.446441650,1582212273.140816450
-0.054465137,1.061320550,-10.311431885,1582212273.207897902
0.528722123,1.042934610,-6.367553711,1582212273.273575068
-0.066440235,0.956067784,-2.697387695,1582212273.340574026
-0.237684127,1.053593118,1.286795616,1582212273.407570601
-0.287979537,0.978450664,5.042887688,1582212273.475106239
0.574227494,0.992839663,8.797330856,1582212273.540417671
0.813729447,1.006695697,12.661849976,1582212273.607388973
-0.291572066,0.990974384,16.409238815,1582212273.674530745
-0.384977828,1.075443033,20.537666321,1582212273.740263939
-0.452038375,0.931286793,24.112705231,1582212273.807343721
-0.414915572,0.784199411,27.078170776,1582212273.874315023
1.024491166,0.000000000,0.000000000,1582212273.912301779
-0.186191207,0.681611339,32.788841248,1582212274.007221460
0.559857377,0.701596042,35.522338867,1582212274.074457407
0.000000000,0.000000000,0.000000000,1582212274.098223686
0.363465775,0.966726292,42.819587708,1582212274.206909895
0.223357133,1.022150493,46.743434906,1582212274.274315834
8430056750939961344.000000000,-56933636.399744004,0.000000000,1582212274.341437340
0.665238236,1.021884044,54.610137939,1582212274.406540394
0.179049272,1.081838151,58.701129913,1582212274.475044250
0.133543900,0.994171977,62.517574310,1582212274.542047262
0.480821733,1.021084696,66.378829956,1582212274.609696150
0.177851762,1.070646677,70.488845825,1582212274.676865578
-0.061650196,0.944876378,74.061912537,1582212274.743643522
0.682003373,0.932619107,77.642066956,1582212274.808731318
-0.539456588,1.062386347,81.720375061,1582212274.876613855
-0.020934864,0.986977444,85.509201050,1582212274.942681074
-0.072427784,1.032809001,89.473960876,1582212275.011575937
0.260479936,1.022417009,93.340248108,1582212275.074264288
-0.253251754,1.042668161,97.342857361,1582212275.141239882
-1.272332637,1.058922372,101.347190857,1582212275.210180998
0.188629350,0.987243893,105.137039185,1582212275.274022102
-1.641165645,0.993372562,108.950416565,1582212275.341502666
-0.023329883,1.040003534,112.883209229,1582212275.408411503
-0.168228560,1.105553277,117.127227783,1582212275.475989103
-0.208943892,0.988842723,120.866554260,1582212275.542239428
0.108396195,1.020551730,124.784263611,1582212275.607861042
0.097618608,0.976052487,128.475219727,1582212275.674914837
0.204196977,1.008028010,132.344848633,1582212275.739508390
-0.577776900,1.022949908,136.213150024,1582212275.806342840
-0.517901412,1.064518075,140.299636841,1582212275.874382257
0.382625932,1.014689578,144.194839478,1582212275.940321684
0.553869828,0.984579266,147.918045044,1582212276.006030798
-1.053188277,0.975253072,151.661865234,1582212276.073065996
-0.024527393,1.054925432,155.651092529,1582212276.140000105
-0.467606002,1.053060153,159.693603516,1582212276.205801964
0.026965527,0.976851901,163.387588501,1582212276.281524897
-0.159845992,1.044000474,167.395309448,1582212276.341600895
1.213697709,1.079439973,171.539077759,1582212276.407337666
-0.460420943,0.976851901,175.233062744,1582212276.474616051
-0.061650196,0.943277615,178.854125977,1582212276.541567802
-0.473593551,0.987510409,-177.355010986,1582212276.607059956
0.328737992,0.958732411,-173.674621582,1582212276.673769951
-0.229301559,0.966992741,-170.017913818,1582212276.739946127
0.874802445,0.999767680,-166.179992676,1582212276.806287766
-0.483173629,1.016021891,-162.337890625,1582212276.872051477
-0.778958541,1.051461390,-158.301528931,1582212276.939275026
-0.213733932,0.992306698,-154.492248535,1582212277.006043434
-0.862784225,0.983513469,-150.773071289,1582212277.073024511
-0.020934864,1.080772287,-146.624191284,1582212277.138794184
-0.157450973,0.993106112,-142.868743896,1582212277.205793858
0.939467973,0.998701816,-139.034912109,1582212277.272785187
-0.487963668,0.971256131,-135.362091064,1582212277.338493824
0.159889115,1.019752382,-131.447448730,1582212277.405547380
0.576622514,0.000000000,0.000000000,1582212277.442758799
0.200604447,0.850815085,-124.506164551,1582212277.539573908
-0.416113082,1.002432307,-120.658020020,1582212277.605412960
-0.157450973,0.915831930,-117.194793701,1582212277.672482729
-0.541851607,0.996303638,-113.370178223,1582212277.738183498
-1.627993038,0.951804394,-109.770904541,1582212277.805158854
-0.235289107,0.966193393,-106.061859131,1582212277.872178316
-0.838834029,0.937415395,-102.516998291,1582212277.939306021
0.167074174,0.889718626,-99.101531982,1582212278.004998922
-0.299954635,0.835893188,-95.892700195,1582212278.072085381
0.838877152,1.000034129,-92.111053467,1582212278.139533281
-0.404137984,0.944076963,-88.486907959,1582212278.205365181
0.411366166,0.923026463,-84.996459961,1582212278.272346497
-0.613702193,1.009893222,-81.061798096,1582212278.339348555
0.665238236,0.968591504,-77.399047852,1582212278.406623363
-0.283189498,0.955534885,-73.730926514,1582212278.475461483
-0.032909962,0.963795216,-70.031097412,1582212278.543286324
0.495191850,1.011491985,-66.206115723,1582212278.608223677
0.305985307,1.040536433,-62.211700439,1582212278.675268412
1.487927372,1.010959087,-58.388732910,1582212278.738209963
0.047323193,0.973121410,-54.653106689,1582212278.806059837
-0.066440235,0.978184215,-50.954071045,1582212278.872402430
-0.298757125,1.053060153,-46.911560059,1582212278.937943935
-0.544246627,1.040269983,-42.977752686,1582212279.005107403
-0.399347945,0.924891675,-39.427276611,1582212279.072109938
-0.156253463,0.951271496,-35.775512695,1582212279.137975931
0.545487260,1.002698756,-31.983795166,1582212279.205028534
0.193419389,0.931020277,-28.409790039,1582212279.272120714
-0.511913863,0.976318936,-24.717834473,1582212279.337712049
0.362268266,1.003498104,-20.865600586,1582212279.404770613
0.280837602,0.950205632,-17.272369385,1582212279.471698761
-0.120328170,1.004297519,-13.417053223,1582212279.539305925
0.180246781,1.057856508,-9.356140137,1582212279.604351521
0.426933793,1.051727839,-5.378997803,1582212279.671433210
-0.077217818,0.932086141,-1.800903320,1582212279.738745689
-1.523809688,0.975253072,1.887035370,1582212279.806240082
-0.381385299,1.003764620,5.740303040,1582212279.871642351
-0.246066695,1.057856508,9.740608215,1582212279.938636065
-0.019737354,0.984046367,13.518180847,1582212280.005304813
0.042533154,0.952070844,17.118455887,1582212280.071079493
-0.290374557,1.004297519,20.973768234,1582212280.138724327
-0.926252242,0.943277615,24.594837189,1582212280.205436230
-0.509518844,0.895847228,27.982501984,1582212280.271030426
0.254492387,0.974986622,31.725296021,1582212280.337790012
0.264072465,0.991507350,0.000000000,1582212280.396730661
-0.093982955,0.967525707,39.188854218,1582212280.471817732
0.580215043,0.918763007,42.663173676,1582212280.539414167
-0.171821090,0.861207077,45.969188690,1582212280.605587244
1.310695927,0.984845782,49.693401337,1582212280.673055410
-0.048477588,0.970989682,53.420852661,1582212280.738562584
-0.392162887,0.983513469,57.196380615,1582212280.805581570
0.076063427,0.957666547,60.872684479,1582212280.872643471
0.036545605,1.004830418,64.730041504,1582212280.939860106
-0.537061568,0.984845782,68.454254150,1582212281.005110025
0.781396684,0.974720173,72.196022034,1582212281.072639227
-1.022053023,1.011491985,0.000000000,1582212281.139642954
0.935875443,0.952070844,79.675819397,1582212281.204681635
1.054428910,0.897978956,83.122993469,1582212281.271669865
-0.180203658,1.006429247,86.928825378,1582212281.339076281
0.355083207,1.020818180,90.847557068,1582212281.406044006
-0.043687549,0.998701816,94.624168396,1582212281.471954107
0.995750932,0.985112232,98.405830383,1582212281.539191961
0.237727250,0.978717113,102.106864929,1582212281.604975700
-0.059255176,0.997635952,105.936607361,1582212281.672061920
0.799359330,0.971789097,109.667129517,1582212281.738670349
-0.188586226,1.020285281,113.583816528,1582212281.804471970
0.391008500,1.022683459,117.509712219,1582212281.871352434
-0.116735641,1.028812061,121.400184631,1582212281.938400984
0.450883988,0.933684904,124.984428406,1582212282.005793810
0.018582958,0.997369502,128.755996704,1582212282.071574926
-0.562209273,0.944609928,132.382186890,1582212282.138587713
-0.363422652,1.053859567,136.367370605,1582212282.204333782
0.101211137,0.982714054,140.139831543,1582212282.270437956
0.161086625,1.010426188,144.018676758,1582212282.336962700
1.008923539,0.989908520,147.762039185,1582212282.404383898
0.000000000,0.000000000,0.000000000,1582212282.428006411
-1.140606490,0.969390919,155.163436890,1582212282.536713362
0.162284135,1.022683459,159.147918701,1582212282.603837252
-1.150186568,1.057590059,163.147216797,1582212282.671029806
-0.054465137,1.024548671,167.080276489,1582212282.736583471
0.377835893,0.954202572,170.688613892,1582212282.803601503
-0.174216109,0.977917699,174.442657471,1582212282.870843410
0.162284135,0.972321995,178.175216675,1582212282.936590433
0.395798539,0.888386312,-178.465332031,1582212283.003438711
-0.431680709,0.973654309,-174.727645874,1582212283.070651054
-0.527481490,0.921960599,-171.241226196,1582212283.137729645
-0.587356978,0.949672666,-167.595611572,1582212283.203005075
0.373045854,0.935550183,-164.057815552,1582212283.270095587
0.034150585,0.983513469,-160.282287598,1582212283.337082863
0.486809281,0.957666547,-156.605987549,1582212283.402827263
0.670028275,0.956600750,-152.988586426,1582212283.470299721
-0.683157760,0.957133648,-149.314331055,1582212283.536715269
-0.024527393,1.004031070,-145.517562866,1582212283.604295731
-0.016144825,0.994171977,0.000000000,1582212283.662127018
-0.423298141,256334909807922149064704.000000000,0.000000000,1582212283.736433268
0.191024369,0.899577719,-134.532669067,1582212283.803611279
0.715533647,1.001099993,-130.746994019,1582212283.870584965
-0.556221725,1.001099993,-126.903961182,1582212283.936349392
0.471241654,0.895047880,-123.468048096,1582212284.003557682
-0.169426070,0.979782978,-119.762969971,1582212284.069438219
0.202999467,1.001099993,-115.919921875,1582212284.136002779
-0.964572555,0.972854961,-112.241058350,1582212284.203230143
-0.146673385,0.933152006,-108.658859253,1582212284.270032883
0.794569291,0.960864139,-105.025329590,1582212284.335677624
0.865222367,0.960864139,-101.336730957,1582212284.402631760
-0.058057667,0.953136708,-97.677825928,1582212284.469773769
0.816124467,0.919029523,-94.202514648,1582212284.535486460
-0.025724903,0.993106112,-90.390167236,1582212284.602469921
-0.766983443,0.936349531,-86.849334717,1582212284.669459105
0.746668900,1.019219417,-82.936737061,1582212284.736356258
0.492796830,0.964861080,-79.288085938,1582212284.802176714
-0.016144825,1.017087755,-75.383666992,1582212284.869333267
0.151506547,0.000000000,0.000000000,1582212284.906383038
0.101211137,0.968858020,-68.050018311,1582212285.003181934
-0.117933150,1.003764620,-64.196746826,1582212285.069278479
0.061693310,0.994171977,-60.380310059,1582212285.135844946
0.110791215,1.018420069,-56.470794678,1582212285.201643705
0.418551225,1.022150493,-52.605499268,1582212285.268616676
0.406576127,1.042135195,-48.604919434,1582212285.335639000
-0.913079635,1.098092362,-44.452453613,1582212285.402628660
-0.026922413,1.067982050,-40.352661133,1582212285.468396664
-1.210062057,0.925691023,-36.799102783,1582212285.535452843
-0.208943892,1.029078577,-32.907623291,1582212285.602456808
-0.279596969,1.089032617,-28.727020264,1582212285.669499159
0.357478227,0.999234715,-24.948394775,1582212285.735178232
-0.274806930,0.981115291,-21.182067871,1582212285.802227497
0.701163529,1.038404704,0.000000000,1582212285.869318962
-0.082007857,0.948873318,-13.612762451,1582212285.934967756
-0.032909962,0.954469021,-9.948730469,1582212286.001964331
0.164679154,1.026147434,-6.009552002,1582212286.069030285
-0.061650196,0.959265377,-2.327117920,1582212286.135967016
0.539499711,1.021617594,1.536149263,1582212286.201821089
0.376638383,1.005629833,5.396576881,1582212286.268769741
-0.582566939,1.021084696,9.257828712,1582212286.335780859
-1.172939254,1.025348085,13.193950653,1582212286.401530266
-0.055662647,1.036539492,17.113645554,1582212286.468595028
-0.208943892,1.058655923,21.177631378,1582212286.535618305
-0.265226851,1.076242447,25.247463226,1582212286.601492405
-0.283189498,1.098092362,29.462837219,1582212286.668386459
0.377835893,1.021617594,33.384639740,1582212286.735415936
0.206591996,1.081038736,37.472610474,1582212286.801208258
-0.158648482,0.919295972,41.054290771,1582212286.868319273
-0.355040084,0.911834990,44.502410889,1582212286.935369015
0.896357621,0.986710994,48.290214539,1582212287.002367735
0.305985307,1.053593118,52.274398804,1582212287.068115473
1.619653447,1.112214845,56.543987274,1582212287.135457993
-0.230499068,1.019752382,60.458629608,1582212287.202015638
0.834087113,1.022683459,64.325927734,1582212287.268242359
0.163481645,1.046665101,68.343879700,1582212287.334668159
-0.456828414,1.065583939,72.373405457,1582212287.401598454
-0.996905318,0.945942242,76.004699707,1582212287.468603611
0.759841508,1.012824299,79.834716797,1582212287.534475327
-0.760995894,0.943011099,83.454765320,1582212287.601390123
-0.296362105,1.071179643,87.505455017,1582212287.668377399
-0.236486617,1.040802882,91.441268921,1582212287.734334230
0.725113725,1.074110719,95.564582825,1582212287.801343679
0.467649125,1.067982050,99.603179932,1582212287.868320227
-0.220918990,0.917430693,103.125030518,1582212287.934239626
-0.465210982,0.966726292,106.780723572,1582212288.001301289
-0.169426070,1.042135195,110.781288147,1582212288.068218708
-0.343064986,1.099158226,114.937774658,1582212288.134076834
-0.387372848,1.053859567,118.983345032,1582212288.201249599
-0.082007857,0.992040248,122.791603088,1582212288.268212795
1.024491166,0.932619107,126.318321228,1582212288.333956957
-0.031712452,0.932352591,129.897445679,1582212288.400965929
0.162284135,0.924092261,133.391921997,1582212288.467988729
-2.837477755,1.032809001,137.356689453,1582212288.534866333
0.521537065,0.993106112,0.000000000,1582212288.592841625
-0.228104049,0.944076963,144.736267090,1582212288.667620659
-1.908210323,0.962196453,148.374832153,1582212288.734611034
0.064088330,0.987510409,152.165695190,1582212288.800409794
-0.848414107,1.025880984,156.103866577,1582212288.867529869
-0.076020313,0.984312817,159.826065063,1582212288.934552908
0.128753861,1.088766167,164.005630493,1582212289.000272274
0.310775346,1.001899341,167.794326782,1582212289.067291498
-0.018539844,0.998968265,171.629180908,1582212289.134264946
-0.350250045,0.948073903,175.214340210,1582212289.201272726
0.109593705,0.960597623,178.901901245,1582212289.267009735
-0.025724903,0.955268436,-177.430999756,1582212289.333995581
-0.010157276,0.960597623,-173.743438721,1582212289.401085615
0.337120561,0.979782978,-169.982238770,1582212289.466750145
-0.059255176,0.983246953,-166.264068604,1582212289.533962011
0.109593705,0.927556302,-162.703353882,1582212289.601240396
-0.043687549,0.954735471,-159.093002319,1582212289.668379784
-1.250777462,0.964061665,-155.392150879,1582212289.734119892
0.308380326,0.000000000,0.000000000,1582212289.771062136
0.055705761,1.017887103,-147.738281250,1582212289.868335962
0.103606156,0.930753828,-144.165283203,1582212289.934067011
0.127556352,0.907305151,-140.734283447,1582212290.000375986
0.095223588,1.026147434,-136.795089722,1582212290.067697287
0.031755566,0.959798275,-133.165588379,1582212290.133114576
0.046125683,0.907038701,-129.683639526,1582212290.200455189
0.513154496,0.963262250,-126.041046143,1582212290.267451048
-0.205351363,0.936083082,-122.447601318,1582212290.334096193
-0.474791060,0.914766066,-118.935974121,1582212290.400233746
0.426933793,0.955268436,-115.323608398,1582212290.467217684
-0.593344527,0.904107558,-111.852905273,1582212290.533903837
0.489204301,0.954735471,-108.242553711,1582212290.600658894
0.096421098,0.941145887,-104.629669189,1582212290.666596889
-0.850809127,0.969124470,-100.964904785,1582212290.733493090
-0.349052535,0.984845782,-97.184265137,1582212290.800414801
-0.407730514,1.047198000,-93.224273682,1582212290.866152763
-0.540654098,0.910769126,-89.727996826,1582212290.933148623
-0.018539844,0.869200958,-86.391296387,1582212291.000283241
0.674818315,0.979782978,-82.686218262,1582212291.067193270
-0.250856734,0.973654309,-78.892761230,1582212291.132939577
0.464056596,0.896646643,-75.502075195,1582212291.199976921
-0.382582809,0.955268436,-71.834960938,1582212291.266936779
0.040138134,0.878260703,-68.513793945,1582212291.332644224
-0.190981246,0.892116737,-65.089111328,1582212291.399830580
0.626917924,0.947008039,-61.453735352,1582212291.466627359
-0.123920699,0.973654309,-57.771850586,1582212291.532513857
0.738286332,1.054925432,-53.722198486,1582212291.599512815
0.076063427,0.968058606,-50.061462402,1582212291.666581154
0.741878861,0.983779918,-46.284912109,1582212291.733571053
-0.358632613,1.031743137,-42.383361816,1582212291.799237251
-0.129908248,1.065583939,-38.292785645,1582212291.866116524
-0.311929732,0.948073903,0.000000000,1582212291.933167219
0.590992631,1.004830418,-30.792724609,1582212291.998980284
1.250820439,1.051461390,0.000000000,1582212292.054316998
0.127556352,1.013623713,-22.923309326,1582212292.132998705
0.319157914,0.964594564,-19.220397949,1582212292.199975729
0.452081498,1.050928491,-15.246276855,1582212292.265675068
0.128753861,1.022150493,-11.322418213,1582212292.332652330
0.191024369,0.964861080,-7.673767090,1582212292.399979353
0.453279008,0.951804394,-4.019958496,1582212292.465423346
-0.307139693,1.004563968,-0.163635254,1582212292.532465458
0.131148881,1.020285281,3.694593668,1582212292.599644184
0.000620312,0.996037189,7.518197060,1582212292.666665077
0.003015331,1.056257745,11.512456894,1582212292.732216120
0.767026566,0.942744649,15.131479263,1582212292.799321651
0.101211137,1.022150493,18.996761322,1582212292.866197348
0.264072465,0.959531826,22.680227280,1582212292.931933403
0.320355424,0.968591504,26.342975616,1582212292.999016523
-0.111945601,0.964861080,0.000000000,1582212293.049204350
-0.703515426,1.031743137,34.007572174,1582212293.131692410
-0.866376754,0.937415395,37.552425385,1582212293.198653698
0.041335644,0.782600648,40.556686401,1582212293.265737057
0.151506547,0.672818044,43.100959778,1582212293.332811832
0.080853471,0.873997313,46.456073761,1582212293.398586273
0.284430131,1.017620654,50.304225922,1582212293.465549469
0.082050981,1.014156612,54.197387695,1582212293.532546282
0.396996049,0.976851901,57.891372681,1582212293.598409176
0.325145463,0.971522647,61.676532745,1582212293.665287971
-0.720280562,0.914499617,65.187126160,1582212293.732273102
-0.373002730,0.991507350,68.936531067,1582212293.798120499
-0.356237594,0.962462902,72.631248474,1582212293.865093470
0.095223588,0.917963659,76.102546692,1582212293.932075024
0.074865917,0.935550183,79.693954468,1582212293.999145269
-1.048398238,0.954202572,83.302291870,1582212294.066091299
0.934677934,0.993106112,87.114639282,1582212294.131819487
0.497586869,0.986710994,0.000000000,1582212294.182100058
-0.246066695,1.018420069,94.753616333,1582212294.264596224
0.146716508,0.962196453,98.447311401,1582212294.331567764
0.175456742,0.945942242,102.024414062,1582212294.398697853
0.219764604,1.022150493,105.948265076,1582212294.465537071
0.173061723,1.006162731,109.810737610,1582212294.531282902
0.771816606,1.114346573,114.088508606,1582212294.598370314
0.000000000,0.000000000,0.000000000,1582212294.623768330
-0.612504684,0.994704875,121.738021851,1582212294.731060743
0.011397900,1.029611475,125.690513611,1582212294.798023701
-1.008880416,1.028812061,129.580993652,1582212294.865067244
-0.805303756,1.013090815,133.470062256,1582212294.932056904
-0.958585006,0.996303638,137.237609863,1582212294.997793674
1.116699418,0.970190334,140.961990356,1582212295.064802647
0.301195268,0.925957539,144.463516235,1582212295.132019043
0.404181108,0.971522647,148.193008423,1582212295.198816061
-0.025724903,1.065583939,152.283584595,1582212295.264545202
-0.038897510,0.977917699,155.981597900,1582212295.331567049
-0.422100631,1.013623713,159.930786133,1582212295.397282362
-1.084323531,0.982714054,163.646942139,1582212295.464265108
0.590992631,1.031743137,167.607620239,1582212295.531293154
0.448488969,1.045332788,171.560562134,1582212295.598306179
0.437711381,0.945142827,175.188796997,1582212295.665405273
0.237727250,0.948340353,178.774963379,1582212295.731055498
0.345503129,1.002698756,-177.375854492,1582212295.798048973
0.214974565,0.925424574,-173.823318481,1582212295.865067482
-0.235289107,0.923825811,-170.329849243,1582212295.930929661
0.404181108,1.026946848,-166.387588501,1582212295.997792959
0.722718705,1.054658982,-162.399368286,1582212296.065896988
0.024570507,1.012557849,-158.512344360,1582212296.132054567
0.197011918,0.990441485,-154.766967773,1582212296.199178934
-0.162241012,0.986977444,-150.978149414,1582212296.265776634
0.812531938,1.007228595,-147.111587524,1582212296.332741499
0.247307328,0.979782978,-143.406524658,1582212296.398528814
-0.972955123,0.994171977,-139.590087891,1582212296.466196060
0.650868119,1.014423128,-135.754028320,1582212296.532835484
0.448488969,1.044533373,-131.744262695,1582212296.598097563
0.459266557,0.987243893,-128.010986328,1582212296.665813208
0.195814408,0.881724745,-124.626205444,1582212296.732157469
-0.246066695,0.954735471,-121.015853882,1582212296.798289776
0.333528031,0.920628285,-117.481735229,1582212296.864819527
-0.514308883,0.884655821,-114.085693359,1582212296.931981325
0.546684770,0.968591504,-110.422943115,1582212296.999645233
-0.493951217,0.927822752,-106.861206055,1582212297.064773560
-0.253251754,0.919828871,-103.382873535,1582212297.131968737
0.368255815,0.967792156,-99.667694092,1582212297.199497700
0.268862504,0.940879437,-96.109741211,1582212297.263303518
0.952640580,0.984046367,-92.332153320,1582212297.330310106
0.853247270,0.934484319,-88.744842529,1582212297.397286415
-0.703515426,0.952870259,-85.141540527,1582212297.464461088
-0.527481490,1.005629833,-81.281127930,1582212297.530140162
-0.658010055,1.026680399,-77.398712158,1582212297.597100496
0.000000000,0.000000000,0.000000000,1582212297.622571707
-0.032909962,0.947274555,-70.076843262,1582212297.729925871
-1.024448043,1.000300579,-66.236877441,1582212297.796846151
0.631707963,0.959265377,-62.609405518,1582212297.864035368
0.228147172,0.950738530,-58.905212402,1582212297.933037281
-0.260436812,0.993905461,-55.089782715,1582212297.997001171
0.264072465,1.020551730,-51.230529785,1582212298.064280510
-0.126315719,0.994171977,-47.414093018,1582212298.131058216
0.447291459,1.000034129,-43.632446289,1582212298.198069096
-0.479581100,1.010692637,-39.752593994,1582212298.263426542
-1.481896846,1.094095421,-35.615234375,1582212298.330500841
0.901147660,1.085568642,-31.447937012,1582212298.396247387
-0.443655807,0.981381740,-27.680603027,1582212298.463303566
-0.029317432,1.073311304,-23.621856689,1582212298.530222178
-0.693935348,1.051994355,-19.583435059,1582212298.597198248
0.010200390,1.056257745,-15.589172363,1582212298.662924290
0.961023149,0.999234715,0.000000000,1582212298.716945887
-1.493871944,0.996836537,-7.926635742,1582212298.797214985
0.690385941,1.022683459,-4.000732422,1582212298.864085436
0.474834184,0.998968265,-0.223114014,1582212298.929951429
-0.550234176,1.015222476,3.674137831,1582212298.996867180
-0.550234176,0.961130589,7.363740921,1582212299.063792706
-0.388570357,0.991773799,11.114152908,1582212299.129583359
-0.065242725,0.991240834,14.919343948,1582212299.196513653
-0.071230274,1.034141315,18.829969406,1582212299.263550282
0.298800248,0.000000000,0.000000000,1582212299.329447031
0.569437455,0.987243893,26.468687057,1582212299.396297932
-0.393360396,0.961397038,30.159313202,1582212299.463695288
-0.179006148,1.010959087,33.982276917,1582212299.531010389
-0.722675582,1.012024951,37.867256165,1582212299.596536636
-0.341867476,0.883057059,41.307746887,1582212299.663487434
1.143044633,0.913700269,0.000000000,1582212299.717119694
-1.103483687,1.009626773,48.638694763,1582212299.797154188
0.303590287,1.063718661,52.661167145,1582212299.864301920
-0.182598678,0.961929937,56.353839874,1582212299.931453466
0.109593705,0.988842723,60.093170166,1582212299.996958733
0.408971147,0.972854961,63.827781677,1582212300.063959599
0.123963822,0.962995801,67.524543762,1582212300.131173611
-1.884260128,0.916897794,70.991813660,1582212300.198009491
-0.012552295,1.018420069,74.901336670,1582212300.263768911
-0.289177047,1.052793703,78.882499695,1582212300.330448389
0.379033402,-910684540.428697705,0.000000000,1582212300.397294283
0.282035111,0.961397038,86.289482117,1582212300.464472055
1.280758183,1.028812061,90.238899231,1582212300.530254602
-0.278399459,1.018153553,94.147399902,1582212300.597119808
0.470044145,0.895580779,97.534057617,1582212300.663233995
-0.477186080,0.998701816,101.367889404,1582212300.730357647
-0.188586226,0.960331174,104.999397278,1582212300.797402143
0.030558056,0.943011099,108.619445801,1582212300.864284039
0.745471391,0.962462902,112.259017944,1582212300.930448532
0.883185014,1.033075450,116.224807739,1582212300.997188807
0.664040727,1.102622201,120.394393921,1582212301.063707590
0.164679154,0.996037189,124.217994690,1582212301.130225658
0.412563676,0.954735471,127.883049011,1582212301.195281506
-0.244869185,1.072511956,131.938781738,1582212301.262904167
0.132346391,1.020818180,135.857513428,1582212301.330154181
-1.317838009,0.973654309,139.539413452,1582212301.395225525
0.479624223,1.032542552,143.503158569,1582212301.462624311
-0.329892379,0.959265377,147.130645752,1582212301.529509068
-0.271214400,1.051727839,151.168029785,1582212301.596387148
0.353885697,1.002965206,154.960769653,1582212301.662136555
-0.159845992,1.046132136,158.976684570,1582212301.729196310
-0.046082569,0.982980503,162.750167847,1582212301.796385288
0.219764604,0.992839663,166.504608154,1582212301.862300873
-1.722596309,1.001632892,170.349685669,1582212301.929087877
-0.198166305,1.000034129,174.131332397,1582212301.996125221
0.009002880,1.076508897,178.263854980,1582212302.062630177
-0.008959766,0.924358777,-178.240661621,1582212302.128865480
0.259282426,0.933684904,-174.602920532,1582212302.195816755
-0.074822803,0.970456783,-170.877517700,1582212302.261475086
0.511956986,1.053060153,-166.895355225,1582212302.328315735
0.640090531,0.930220929,-163.324401855,1582212302.395439148
-0.361027633,1.026946848,-159.440979004,1582212302.462196827
-0.386175338,0.927023337,-155.882308960,1582212302.527890444
-0.426890670,0.942478200,-152.318313599,1582212302.594884634
0.393403520,0.976318936,-148.570404053,1582212302.661901712
0.280837602,0.997902401,-144.796813965,1582212302.727720022
-0.014947315,1.061853448,-140.720550537,1582212302.794678211
0.637695512,0.995504223,-136.898986816,1582212302.861708403
-0.313127242,0.932086141,-133.374282837,1582212302.928728342
0.264072465,0.978450664,-129.618194580,1582212302.994481325
-0.443655807,1.067715601,-125.519439697,1582212303.061854362
0.098816117,0.962729352,-121.823699951,1582212303.129399061
-0.149068404,0.919562421,-118.346359253,1582212303.194814444
0.990960893,0.940080022,-114.737564087,1582212303.262076616
0.128753861,1.036539492,-110.758483887,1582212303.328100681
0.363465775,0.903841109,-107.340591431,1582212303.394659281
-0.564604293,0.978184215,-103.585510254,1582212303.461721182
0.110791215,0.913700269,-100.130340576,1582212303.529204845
-0.080810348,0.957666547,-96.454040527,1582212303.594747066
0.022175488,0.937415395,-92.909179688,1582212303.661817074
-0.007762256,0.956600750,-89.236968994,1582212303.728761911
-0.246066695,0.951271496,-85.639709473,1582212303.795578241
0.835284623,0.986178096,-81.853942871,1582212303.861440182
0.327540483,0.966459843,-78.143890381,1582212303.928485870
0.001817822,0.949406217,-74.553710938,1582212303.995488644
-0.586159469,1.005096934,-70.695312500,1582212304.061098099
0.495191850,0.947008039,-67.114196777,1582212304.128019333
0.377835893,0.939280674,-63.508483887,1582212304.195286512
0.788581742,0.989109172,-59.768157959,1582212304.262282133
0.174259233,1.058655923,-55.704162598,1582212304.327987432
0.271257524,0.898245406,-52.255950928,1582212304.395011425
-0.126315719,0.958998861,-48.629486084,1582212304.462019682
-0.375397750,0.939547124,-45.022735596,1582212304.527771473
0.109593705,0.991240834,-41.274353027,1582212304.594771147
0.322750443,0.956334234,-37.603149414,1582212304.661536932
-0.571789351,0.972588445,-33.925292969,1582212304.727277994
-0.980140182,1.030677339,-29.909667969,1582212304.795291424
0.410168656,0.974720173,-26.223754883,1582212304.862793446
-0.201758834,0.992040248,-22.415496826,1582212304.928812265
0.256887406,0.991773799,-18.608245850,1582212304.994404554
-0.020934864,1.085835091,-14.502136230,1582212305.061086893
0.540697221,0.977118351,-10.751159668,1582212305.127950430
0.205394486,0.962462902,-7.111572266,1582212305.193749905
0.117976274,0.978450664,-3.355468750,1582212305.260714293
1.624443486,1.195084730,1.163767815,1582212305.327700615
0.246109818,1.096760048,5.374027252,1582212305.394469023
0.592190141,1.041868746,9.373569489,1582212305.460190058
0.434118852,1.009626773,13.191493034,1582212305.527157784
0.234134721,1.042934610,17.195125580,1582212305.593040466
0.763434037,0.997103053,20.965690613,1582212305.660094023
0.232937211,1.010426188,24.844530106,1582212305.727159023
-0.085600387,1.008028010,28.656408310,1582212305.794319630
-0.352645064,1.020285281,32.573097229,1582212305.860631943
0.498784379,1.041335847,36.510929108,1582212305.927309752
-0.151463424,0.955001920,40.177005768,1582212305.994626284
-0.704712935,0.864937568,43.497341156,1582212306.059853315
0.243714799,0.836426087,46.660301208,1582212306.126855612
0.168271684,0.942478200,50.278301239,1582212306.193986654
0.117976274,0.955534885,53.891674042,1582212306.260272026
-0.866376754,1.005629833,57.752101898,1582212306.327367783
-0.438865767,0.949139767,61.341293335,1582212306.394589424
0.508364457,1.044533373,65.351066589,1582212306.461324215
-0.467606002,0.960064725,69.036575317,1582212306.526820183
0.078458451,0.963528766,72.680175781,1582212306.593736887
0.686793412,0.968858020,76.399444580,1582212306.659538031
0.392206010,0.950472081,79.993675232,1582212306.726607800
0.571832475,1.056257745,84.048454285,1582212306.793757915
0.461661576,1.118343447,88.277488708,1582212306.860432625
-0.966967574,0.994704875,92.095977783,1582212306.926214218
-0.407730514,0.914766066,95.555183411,1582212306.993221045
-0.418508101,1.028812061,99.504600525,1582212307.060688257
-0.956189986,0.911035642,103.001899719,1582212307.127194643
0.557462358,0.912900854,106.454055786,1582212307.193145990
-0.122723189,1.014423128,110.348236084,1582212307.260098219
0.552672318,1.019219417,114.260833740,1582212307.326954126
0.096421098,0.882524093,117.648681641,1582212307.392879725
-0.041292530,1.011225536,121.472648621,1582212307.459628820
0.000000000,0.000000000,0.000000000,1582212307.483694315
0.370650834,0.975786037,128.980072021,1582212307.593676567
1.024491166,1.012824299,132.868118286,1582212307.659371614
-0.941819869,0.944076963,136.492248535,1582212307.726903200
-2.259080684,1.004563968,140.291030884,1582212307.793598890
-0.292769576,0.932619107,143.871185303,1582212307.859421492
-0.487963668,0.942744649,147.436187744,1582212307.926258087
0.038940624,0.978717113,151.193298340,1582212307.993406773
0.208987016,1.055991296,155.186553955,1582212308.059261799
0.320355424,0.998435366,159.019363403,1582212308.125955820
0.625720414,0.963795216,162.774414062,1582212308.193290710
-0.398150435,0.989908520,166.517776489,1582212308.259775639
0.608955277,1.020018832,170.433441162,1582212308.325582981
0.317960404,0.927822752,173.942016602,1582212308.393214941
-0.113143111,0.957933063,177.619338989,1582212308.460047960
-0.010157276,0.963795216,-178.736053467,1582212308.525714159
-0.274806930,0.994971325,-174.916534424,1582212308.592485666
0.260479936,1.014156612,-171.081481934,1582212308.659592867
-0.485568648,0.939813573,-167.473709106,1582212308.725344896
-1.735768917,1.052527254,-163.433258057,1582212308.793055058
-0.188586226,0.969124470,-159.768493652,1582212308.859682322
-0.474791060,0.951004980,-156.117767334,1582212308.926903248
-0.183796187,1.005363383,-152.315963745,1582212308.992766142
0.152704057,1.071446092,-148.202880859,1582212309.059374094
0.817321977,0.940346472,-144.646942139,1582212309.125585794
-0.012552295,0.946475140,0.000000000,1582212309.184713364
0.574227494,1.002165791,-137.166473389,1582212309.259582281
0.019780468,0.990441485,-133.421096802,1582212309.326430321
-0.147870894,0.938214810,-129.819458008,1582212309.392052889
-0.237684127,1.001366443,-126.032775879,1582212309.459134579
-0.284387008,0.976585385,-122.283843994,1582212309.526089191
0.570634965,0.920095320,-118.804489136,1582212309.591808796
0.426933793,0.968058606,-115.088287354,1582212309.658839226
0.812531938,0.931553243,-111.565597534,1582212309.725693226
-0.029317432,1.124738632,-107.247924805,1582212309.794112682
0.541894731,1.016821239,-103.344543457,1582212309.859748125
-0.346657516,0.984579266,-99.621337891,1582212309.926786661
-0.267621871,1.011758501,-95.737365723,1582212309.992776394
-0.382582809,1.033874865,-91.827758789,1582212310.059927940
-0.400545455,0.897978956,-88.380584717,1582212310.126411915
0.173061723,0.964594564,-84.732940674,1582212310.193797112
-0.438865767,1.008827358,-80.860229492,1582212310.259636641
0.216172074,1.022949908,-76.933319092,1582212310.326810837
0.012595410,0.909703328,-73.493255615,1582212310.392528057
-0.071230274,0.924625226,-69.943786621,1582212310.459067106
0.146716508,1.002965206,-66.151062012,1582212310.524691820
-0.187388717,0.890784423,-62.731506348,1582212310.591641426
-0.731058150,0.986710994,-59.000244141,1582212310.658639669
-0.729860641,0.980848842,-55.234954834,1582212310.724349499
-1.029238082,1.094894836,-51.094604492,1582212310.791405916
-0.035304981,0.974986622,-47.351806641,1582212310.858460665
-0.414915572,0.997902401,-43.521057129,1582212310.925426006
-0.175413619,1.011225536,-39.697082520,1582212310.991284609
0.334725541,1.032809001,-35.732330322,1582212311.058135748
0.592190141,0.935816633,-32.193511963,1582212311.125135422
0.868814897,1.040802882,-28.198059082,1582212311.190861940
-0.186191207,0.000000000,0.000000000,1582212311.258055925
0.230542191,1.064251626,-20.001434326,1582212311.325000048
0.406576127,1.065050974,-15.912902832,1582212311.390672922
-0.613702193,1.023749323,-12.041564941,1582212311.457642555
0.077260941,1.049329728,-8.013366699,1582212311.524635553
0.038940624,1.026946848,-4.071105957,1582212311.591754198
-1.503452022,1.066916253,0.024589062,1582212311.657385349
0.030558056,1.001899341,3.813291311,1582212311.724361658
-0.533469039,1.037871806,0.000000000,1582212311.791491985
0.598177690,0.983779918,11.517673492,1582212311.857110500
-0.020934864,0.977384800,15.269673347,1582212311.924239635
-0.167031051,1.099691125,19.491184235,1582212311.991195202
0.145518998,1.011758501,23.317169189,1582212312.058163643
0.146716508,0.956067784,26.987337112,1582212312.124133587
-0.569394332,0.928888616,30.499948502,1582212312.191251278
0.437711381,1.001899341,34.346054077,1582212312.258166552
-0.341867476,1.057323609,38.344345093,1582212312.323918819
-0.408928023,1.087433854,42.518802643,1582212312.390912294
0.406576127,1.047198000,46.598804474,1582212312.457866192
-1.527402218,1.075176583,50.664604187,1582212312.523709297
0.497586869,1.057856508,54.725521088,1582212312.590664387
-0.716688033,1.004031070,58.522285461,1582212312.657646894
-0.400545455,1.079972872,62.668102264,1582212312.724799395
-0.095180465,1.077308245,66.741966248,1582212312.790272713
-0.426890670,0.980049427,70.504196167,1582212312.857270479
0.520339555,1.034674280,74.416839600,1582212312.924298286
0.032953076,1.070646677,0.000000000,1582212312.978336096
0.619732865,1.013623713,82.417968750,1582212313.057168722
0.722718705,1.063718661,86.440444946,1582212313.124160528
0.628115434,1.062119898,90.517730713,1582212313.191045523
0.747866410,1.070113779,94.564384460,1582212313.256898642
0.041335644,0.974720173,98.361999512,1582212313.324336529
-0.456828414,1.005629833,102.164810181,1582212313.391143084
0.022175488,1.046931551,106.183784485,1582212313.456942558
-0.060452686,1.082637499,110.339828491,1582212313.523809671
-0.956189986,1.028279162,114.228286743,1582212313.590835094
0.590992631,1.096760048,118.438545227,1582212313.656517029
0.086841020,1.070380228,122.486206055,1582212313.723565817
-0.028119922,1.084769227,126.650436401,1582212313.790534973
0.367058305,0.000000000,0.000000000,1582212313.827781439
-0.305942184,1.086900955,134.965225220,1582212313.923598051
0.377835893,1.151384901,139.319213867,1582212313.990272999
-0.149068404,1.069847329,143.426162720,1582212314.057265997
-0.141883346,1.098625261,147.706527710,1582212314.123018980
0.373045854,1.134331209,151.996017456,1582212314.190041780
-0.475988570,1.099158226,156.215484619,1582212314.257064342
0.189826859,0.988309757,159.952804565,1582212314.322805882
-0.259239303,1.037338907,163.934951782,1582212314.389888048
0.224554643,1.063452211,167.956420898,1582212314.456793785
0.223357133,1.104487480,172.196350098,1582212314.523822069
1.105921830,1.082371049,176.289352417,1582212314.589754581
0.265269975,1.044266924,-179.701904297,1582212314.656577587
0.450883988,1.094361871,-175.500854492,1582212314.723616838
-0.252054244,1.077574761,0.000000000,1582212314.772515774
0.157494096,1.096760048,-167.215713501,1582212314.856291771
0.529919633,1.135130690,-162.923187256,1582212314.923493385
-0.253251754,1.086101540,-158.753845215,1582212314.990738392
0.686793412,1.058389407,-154.751525879,1582212315.056263208
-0.811291305,1.067982050,-150.651733398,1582212315.123352289
-0.002972217,1.099424675,-146.431243896,1582212315.190365791
0.205394486,1.138861115,-142.124618530,1582212315.256025314
0.726311234,1.117810548,-137.833557129,1582212315.323075771
0.425736283,1.110616082,-133.633743286,1582212315.390420198
-0.652022506,1.100490539,-129.409164429,1582212315.455689669
0.408971147,1.042934610,-125.465286255,1582212315.522691011
0.515549516,1.088499718,-121.286743164,1582212315.589761496
-0.954992476,1.102089302,-117.119171143,1582212315.656780720
0.665238236,1.132998962,-112.769805908,1582212315.722502470
-0.489161178,1.024282221,-108.837768555,1582212315.789558172
-0.431680709,1.098891777,-104.682281494,1582212315.856450558
0.796964311,1.110616082,-100.418823242,1582212315.922182083
0.337120561,1.066916253,-96.384277344,1582212315.989280224
-0.769378463,1.075709482,-92.254821777,1582212316.056215286
-0.242474166,1.089832032,-88.133605957,1582212316.123199940
-0.236486617,1.100490539,-83.909027100,1582212316.189085960
-1.208864547,1.146588546,-79.507476807,1582212316.255925417
0.073668408,1.118343447,-75.278442383,1582212316.323047161
0.553869828,1.108750870,-71.022155762,1582212316.388710260
0.018582958,1.092230209,-66.891876221,1582212316.455948353
0.576622514,1.083703363,-62.731750488,1582212316.522737503
0.468846635,1.146588546,-58.395904541,1582212316.588446856
0.030558056,1.202812162,-53.778533936,1582212316.655811071
0.176654252,1.136462937,-49.415863037,1582212316.722826958
-0.435273238,1.119675827,-45.117645264,1582212316.788433790
0.343108109,1.104220964,-40.878753662,1582212316.855434418
-0.056860157,1.129268537,-36.608398438,1582212316.922432423
-0.022132374,1.218000576,-31.932708740,1582212316.989532232
-0.042490040,1.096760048,-27.785278320,1582212317.055163622
0.179049272,1.074110719,-23.661956787,1582212317.122289658
0.435316361,1.042934610,-19.718078613,1582212317.189316273
-0.842426559,1.102355752,-15.486328125,1582212317.254993916
0.303590287,1.133531861,-11.134918213,1582212317.322051525
-0.727465621,1.132732512,-6.851470947,1582212317.389093399
-0.371805221,1.070380228,-2.742492676,1582212317.454692602
0.323947953,1.089032617,1.375705719,1582212317.521791220
-1.005287887,1.066916253,5.471400738,1582212317.589132547
0.522734574,1.168704910,0.000000000,1582212317.639086246
0.374243363,1.169770841,14.381416321,1582212317.721582651
-0.326299850,0.000000000,0.000000000,1582212317.758765936
0.013792919,1.136995836,23.202898026,1582212317.855551958
0.668830766,1.152717148,27.627967834,1582212317.921350718
0.000000000,0.000000000,0.000000000,1582212317.946772814
0.636498002,1.151917800,36.567188263,1582212318.055274725
-0.588554488,1.197482908,41.095493317,1582212318.122330427
0.437711381,1.129268537,45.430545807,1582212318.188073635
-0.636454879,1.083703363,49.528591156,1582212318.255080462
-1.137013961,1.014956027,53.424819946,1582212318.322097778
1.047243852,1.104220964,57.663719177,1582212318.387796402
0.026965527,1.058922372,61.668056488,1582212318.454786539
0.291615190,1.041602297,65.666572571,1582212318.521856546
0.110791215,1.002698756,69.458297729,1582212318.588986158
-0.425693160,1.030943789,73.415901184,1582212318.654599428
-1.256765011,1.101289888,77.580451965,1582212318.721621990
0.448488969,1.099424675,81.800941467,1582212318.788547516
-0.452038375,1.084769227,85.903015137,1582212318.854310751
0.491599320,1.018153553,89.811515808,1582212318.921464205
0.043730663,1.054126017,93.858108521,1582212318.988468647
0.697571000,1.063185762,97.878570557,1582212319.054356337
0.122766313,1.075176583,102.005973816,1582212319.121297121
0.037743115,0.982980503,105.723136902,1582212319.188427687
-0.644837447,1.063185762,109.804512024,1582212319.255192041
-0.032909962,1.099158226,113.960998535,1582212319.320966959
0.098816117,1.118876479,118.256156921,1582212319.387909651
0.480821733,1.055191881,122.306846619,1582212319.454949856
-0.024527393,1.060254685,126.316223145,1582212319.520669460
0.089236039,1.134064759,130.669692993,1582212319.587688923
0.428131303,1.076775346,134.741546631,1582212319.654940128
-0.310732223,1.092496659,0.000000000,1582212319.721867800
0.262874955,1.040802882,142.871261597,1582212319.787444830
-0.219721480,1.081305185,147.022186279,1582212319.854439497
0.614942826,1.011225536,150.846160889,1582212319.921445608
0.664040727,1.103155166,155.080963135,1582212319.987218857
0.824507035,1.111681946,159.348510742,1582212320.054324389
-0.037700001,1.016554790,163.250869751,1582212320.121338129
0.850852250,1.064784525,167.338378906,1582212320.187284470
-0.067637745,1.094628320,171.477737427,1582212320.254551411
0.055705761,1.152450699,175.901779175,1582212320.321421623
0.813729447,1.068781465,179.943389893,1582212320.387044907
-0.260436812,1.016288340,-176.155273438,1582212320.454133749
0.831692094,1.108750870,-171.962509155,1582212320.521067619
-0.546641646,1.053593118,-167.917953491,1582212320.586816549
0.488006791,1.054658982,-163.869308472,1582212320.653820276
0.035348095,1.109550218,-159.673522949,1582212320.720883608
0.078458451,1.121541106,-155.368133545,1582212320.787816763
0.649670609,1.135663589,-151.073593140,1582212320.853616238
-0.119130660,1.124205733,-146.757980347,1582212320.920601130
0.256887406,1.133798310,-142.405532837,1582212320.987583399
-0.401742965,4103336658021205598535680.000000000,0.000000000,1582212321.054557562
0.132346391,0.999501164,-134.395202637,1582212321.120414019
-0.175413619,1.010692637,-130.573242188,1582212321.187316179
0.568239945,1.034674280,-126.601318359,1582212321.253093481
0.355083207,1.125005081,-122.347091675,1582212321.320173979
0.432921342,0.976052487,-118.600204468,1582212321.387054205
-0.659207564,0.994971325,-114.837707520,1582212321.454089642
1.265190556,1.069047915,-110.733825684,1582212321.519827127
-0.515506392,1.084769227,-106.631744385,1582212321.587602615
0.501179399,1.062652863,-102.552429199,1582212321.654690266
-0.310732223,1.051461390,-98.516052246,1582212321.720476389
0.277245072,1.068781465,-94.474426270,1582212321.786904573
-0.247264205,1.032276102,-90.511718750,1582212321.853921175
0.389810990,1.021084696,-86.650451660,1582212321.920922756
-0.035304981,1.079439973,-82.506683350,1582212321.988619089
-0.163438521,1.089832032,-78.385467529,1582212322.055632353
0.828099565,1.106086243,-74.139404297,1582212322.122639894
0.004212841,1.089032617,-69.958801270,1582212322.188344479
0.325145463,1.163375656,-65.559478760,1582212322.254332066
0.946653031,1.086367990,-61.389099121,1582212322.321354866
1.572950566,0.147353815,-60.831878662,1582212322.387085438
0.648473100,0.018385919,-60.761291504,1582212322.455111980
-0.223314010,0.112180749,-60.337066650,1582212322.521139860
-0.134698287,0.037038299,-60.194885254,1582212322.589474678
-0.062847706,0.031709049,-60.074981689,1582212322.655157328
0.000000000,0.000000000,0.000000000,1582212322.680699348
0.050915722,0.004796327,-60.006469727,1582212322.789185047
0.061693310,-0.003197551,-60.018554688,1582212322.854813337
-0.028119922,-0.009326191,-60.054351807,1582212322.920541048
-0.010157276,-0.006661565,-60.079528809,1582212322.987692833
-0.038897510,0.000000000,-60.079528809,1582212323.054748774
-0.014947315,-0.000266463,-60.080535889,1582212323.120370150
0.024570507,0.002931089,-60.069274902,1582212323.187453747
0.009002880,0.001065850,-60.065185547,1582212323.254257917
0.014990429,-0.000799388,-60.068206787,1582212323.320420504
0.049718212,-0.002131701,-60.076385498,1582212323.387025118
0.001817822,0.000532925,-60.074371338,1582212323.454076767
-0.004169727,-0.001598776,-60.080505371,1582212323.519914627
-0.026922413,0.000532925,-60.078491211,1582212323.586770058
-0.012552295,-0.000266463,-60.079528809,1582212323.653977156
0.016187939,0.002398163,-60.070465088,1582212323.720781803
0.017385449,-0.001332313,-60.075592041,1582212323.786582232
0.059298290,0.000799388,-60.072509766,1582212323.853531599
0.005410351,0.000799388,-60.069488525,1582212323.920853138
-0.032909962,-0.000799388,-60.072570801,1582212323.986432314
-0.037700001,0.001332313,-60.067535400,1582212324.053249121
0.013792919,0.000532925,-60.065490723,1582212324.120534182
-0.036502491,-0.000799388,-60.068511963,1582212324.187339067
-0.011354786,-0.000799388,-60.071594238,1582212324.253221512
-0.026922413,0.001332313,-60.066467285,1582212324.320403099
-0.013749805,0.000532925,-60.064422607,1582212324.387213469
-0.020934864,-0.001065850,-60.068511963,1582212324.452802181
0.026965527,0.000532925,-60.066497803,1582212324.520169020
-0.008959766,0.002398163,-60.057281494,1582212324.586670399
0.023372997,-0.001332313,-60.062316895,1582212324.654087782
-0.017342335,0.001332313,-60.057189941,1582212324.719999313
0.030558056,0.001598776,-60.051147461,1582212324.786548138
0.004212841,0.000532925,-60.049102783,1582212324.853754282
-0.004169727,-0.002131701,-60.057281494,1582212324.919564009
