,,,,,,,,,,,
604,15978,-106,-0.01,1,-1.03,-237,-73,138,-0.14,-0.06,0.24
534,15974,-88,-0.02,0.99,-1.03,-219,-66,114,0.14,0.05,-0.12
586,16002,-58,-0.01,1,-1.03,-218,-68,120,0.15,0.02,-0.03
548,15996,-74,-0.02,1,-1.03,-226,-62,117,0.03,0.11,-0.08
662,16002,-102,-0.01,1,-1.03,-225,-79,111,0.05,-0.15,-0.17
610,16010,-112,-0.01,1,-1.03,-216,-67,122,0.18,0.03,0
634,15998,-114,-0.01,1,-1.03,-224,-64,128,0.06,0.08,0.09
628,15932,-152,-0.01,0.99,-1.03,-229,-69,122,-0.02,0,0
590,16034,22,-0.01,1,-1.02,-239,-64,138,-0.17,0.08,0.24
590,15962,-108,-0.01,0.99,-1.03,-233,-64,120,-0.08,0.08,-0.03
606,15986,-128,-0.01,1,-1.03,-230,-66,126,-0.03,0.05,0.06
644,15986,-34,-0.01,1,-1.03,-237,-63,124,-0.14,0.09,0.03
596,15990,-12,-0.01,1,-1.03,-234,-67,133,-0.09,0.03,0.17
500,16026,-88,-0.02,1,-1.03,-236,-69,132,-0.12,0,0.15
618,15932,-120,-0.01,0.99,-1.03,-238,-67,121,-0.15,0.03,-0.02
618,15898,-78,-0.01,0.99,-1.03,-226,-71,126,0.03,-0.03,0.06
622,15908,-16,-0.01,0.99,-1.03,-219,-62,122,0.14,0.11,0
622,16016,-102,-0.01,1,-1.03,-223,-71,119,0.08,-0.03,-0.05
558,16010,58,-0.02,1,-1.02,-224,-71,122,0.06,-0.03,0
638,15988,-56,-0.01,1,-1.03,-233,-84,119,-0.08,-0.23,-0.05
682,15952,-44,-0.01,0.99,-1.03,-226,-70,132,0.03,-0.02,0.15
622,15958,-4,-0.01,0.99,-1.03,-223,-61,123,0.08,0.12,0.02
558,15960,-14,-0.02,0.99,-1.03,-229,-74,127,-0.02,-0.08,0.08
588,16064,12,-0.01,1,-1.02,-230,-72,125,-0.03,-0.05,0.05
596,16020,2,-0.01,1,-1.02,-225,-79,133,0.05,-0.15,0.17
626,16044,8,-0.01,1,-1.02,-232,-67,118,-0.06,0.03,-0.06
596,15960,-10,-0.01,0.99,-1.03,-222,-61,119,0.09,0.12,-0.05
662,15876,-56,-0.01,0.99,-1.03,-235,-67,120,-0.11,0.03,-0.03
622,16022,-86,-0.01,1,-1.03,-226,-62,121,0.03,0.11,-0.02
614,16016,-74,-0.01,1,-1.03,-228,-65,129,0,0.06,0.11
536,15924,-56,-0.02,0.99,-1.03,-228,-72,126,0,-0.05,0.06
600,16012,-92,-0.01,1,-1.03,-228,-72,121,0,-0.05,-0.02
522,16046,-42,-0.02,1,-1.03,-217,-62,121,0.17,0.11,-0.02
638,15954,74,-0.01,0.99,-1.02,-228,-78,111,0,-0.14,-0.17
536,16008,-48,-0.02,1,-1.03,-220,-68,123,0.12,0.02,0.02
552,16030,36,-0.02,1,-1.02,-230,-63,131,-0.03,0.09,0.14
590,15902,-56,-0.01,0.99,-1.03,-231,-73,134,-0.05,-0.06,0.18
614,16014,-2,-0.01,1,-1.03,-226,-70,133,0.03,-0.02,0.17
590,15938,-22,-0.01,0.99,-1.03,-236,-64,127,-0.12,0.08,0.08
560,15978,52,-0.02,1,-1.02,-230,-67,124,-0.03,0.03,0.03
562,16010,-106,-0.02,1,-1.03,-222,-56,121,0.09,0.2,-0.02
590,16074,22,-0.01,1,-1.02,-224,-66,117,0.06,0.05,-0.08
510,15974,-50,-0.02,0.99,-1.03,-228,-61,120,0,0.12,-0.03
722,15990,-48,-0.01,1,-1.03,-234,-66,126,-0.09,0.05,0.06
604,15978,-88,-0.01,1,-1.03,-224,-74,125,0.06,-0.08,0.05
630,16052,-28,-0.01,1,-1.03,-229,-74,122,-0.02,-0.08,0
576,16030,-40,-0.01,1,-1.03,-227,-68,134,0.02,0.02,0.18
592,16026,-66,-0.01,1,-1.03,-238,-67,133,-0.15,0.03,0.17
572,15966,-66,-0.01,0.99,-1.03,-235,-71,130,-0.11,-0.03,0.12
558,15996,-2,-0.02,1,-1.03,-227,-71,122,0.02,-0.03,0
568,16032,-16,-0.02,1,-1.03,-213,-67,124,0.23,0.03,0.03
638,15956,-140,-0.01,0.99,-1.03,-224,-71,121,0.06,-0.03,-0.02
612,16080,-66,-0.01,1,-1.03,-225,-66,123,0.05,0.05,0.02
606,15944,0,-0.01,0.99,-1.03,-232,-65,115,-0.06,0.06,-0.11
618,15946,-100,-0.01,0.99,-1.03,-229,-71,129,-0.02,-0.03,0.11
478,15900,-40,-0.02,0.99,-1.03,-242,-65,122,-0.21,0.06,0
540,16068,-104,-0.02,1,-1.03,-238,-72,117,-0.15,-0.05,-0.08
584,16038,-4,-0.01,1,-1.03,-223,-66,126,0.08,0.05,0.06
596,15946,-108,-0.01,0.99,-1.03,-220,-70,126,0.12,-0.02,0.06
664,15940,-94,-0.01,0.99,-1.03,-230,-70,128,-0.03,-0.02,0.09
596,15922,-166,-0.01,0.99,-1.04,-235,-72,136,-0.11,-0.05,0.21
524,16008,-42,-0.02,1,-1.03,-240,-68,129,-0.18,0.02,0.11
596,15980,-108,-0.01,1,-1.03,-225,-72,126,0.05,-0.05,0.06
596,15958,-42,-0.01,0.99,-1.03,-237,-67,123,-0.14,0.03,0.02
560,16002,-30,-0.02,1,-1.03,-223,-73,135,0.08,-0.06,0.2
606,15994,-152,-0.01,1,-1.03,-225,-65,111,0.05,0.06,-0.17
568,15956,12,-0.02,0.99,-1.02,-225,-75,120,0.05,-0.09,-0.03
574,16002,-64,-0.01,1,-1.03,-231,-79,115,-0.05,-0.15,-0.11
636,15984,-92,-0.01,1,-1.03,-227,-65,130,0.02,0.06,0.12
440,15936,-46,-0.02,0.99,-1.03,-228,-60,122,0,0.14,0
604,15942,-90,-0.01,0.99,-1.03,-218,-74,126,0.15,-0.08,0.06
576,15908,-64,-0.01,0.99,-1.03,-235,-64,115,-0.11,0.08,-0.11
552,16028,-62,-0.02,1,-1.03,-227,-72,108,0.02,-0.05,-0.21
602,16028,-136,-0.01,1,-1.03,-208,-67,125,0.31,0.03,0.05
610,16010,-64,-0.01,1,-1.03,-237,-73,111,-0.14,-0.06,-0.17
542,15966,-72,-0.02,0.99,-1.03,-233,-68,133,-0.08,0.02,0.17
614,15946,-52,-0.01,0.99,-1.03,-236,-68,147,-0.12,0.02,0.38
552,16044,-82,-0.02,1,-1.03,-236,-75,131,-0.12,-0.09,0.14
502,15994,-140,-0.02,1,-1.03,-234,-74,141,-0.09,-0.08,0.29
600,15964,-28,-0.01,0.99,-1.03,-236,-70,128,-0.12,-0.02,0.09
580,16066,-116,-0.01,1,-1.03,-229,-71,129,-0.02,-0.03,0.11
564,15930,-18,-0.02,0.99,-1.03,-220,-67,116,0.12,0.03,-0.09
592,15952,-32,-0.01,0.99,-1.03,-220,-66,119,0.12,0.05,-0.05
600,15992,-26,-0.01,1,-1.03,-221,-80,120,0.11,-0.17,-0.03
554,15926,-78,-0.02,0.99,-1.03,-222,-62,126,0.09,0.11,0.06
630,15972,6,-0.01,0.99,-1.02,-235,-62,130,-0.11,0.11,0.12
588,15980,-70,-0.01,1,-1.03,-226,-64,130,0.03,0.08,0.12
664,15994,-118,-0.01,1,-1.03,-231,-73,134,-0.05,-0.06,0.18
618,15950,-32,-0.01,0.99,-1.03,-241,-62,136,-0.2,0.11,0.21
530,15974,-10,-0.02,0.99,-1.03,-233,-65,130,-0.08,0.06,0.12
638,15986,-116,-0.01,1,-1.03,-230,-70,128,-0.03,-0.02,0.09
556,15912,22,-0.02,0.99,-1.02,-224,-61,124,0.06,0.12,0.03
598,16038,-192,-0.01,1,-1.04,-233,-70,112,-0.08,-0.02,-0.15
606,16030,-6,-0.01,1,-1.03,-222,-82,117,0.09,-0.2,-0.08
680,16018,-138,-0.01,1,-1.03,-229,-67,122,-0.02,0.03,0
656,16030,-40,-0.01,1,-1.03,-226,-68,127,0.03,0.02,0.08
574,16068,-84,-0.01,1,-1.03,-231,-68,116,-0.05,0.02,-0.09
480,16048,-102,-0.02,1,-1.03,-222,-70,128,0.09,-0.02,0.09
676,16002,-70,-0.01,1,-1.03,-230,-68,121,-0.03,0.02,-0.02
574,15986,14,-0.01,1,-1.02,-232,-69,129,-0.06,0,0.11
612,15972,-64,-0.01,0.99,-1.03,-233,-75,132,-0.08,-0.09,0.15
586,15998,4,-0.01,1,-1.02,-229,-65,125,-0.02,0.06,0.05
618,15922,-46,-0.01,0.99,-1.03,-229,-75,118,-0.02,-0.09,-0.06
564,15870,-136,-0.02,0.99,-1.03,-220,-64,119,0.12,0.08,-0.05
598,16044,30,-0.01,1,-1.02,-225,-68,118,0.05,0.02,-0.06
620,16036,-210,-0.01,1,-1.04,-225,-76,116,0.05,-0.11,-0.09
612,16022,-160,-0.01,1,-1.03,-223,-60,130,0.08,0.14,0.12
658,15998,-12,-0.01,1,-1.03,-236,-77,131,-0.12,-0.12,0.14
610,16024,38,-0.01,1,-1.02,-232,-71,128,-0.06,-0.03,0.09
626,16018,-106,-0.01,1,-1.03,-236,-77,128,-0.12,-0.12,0.09
654,15960,-158,-0.01,0.99,-1.03,-232,-71,136,-0.06,-0.03,0.21
578,15992,-62,-0.01,1,-1.03,-226,-67,135,0.03,0.03,0.2
546,15980,48,-0.02,1,-1.02,-230,-68,129,-0.03,0.02,0.11
568,15942,-80,-0.02,0.99,-1.03,-230,-63,126,-0.03,0.09,0.06
612,16028,-6,-0.01,1,-1.03,-221,-69,125,0.11,0,0.05
630,15948,42,-0.01,0.99,-1.02,-229,-65,124,-0.02,0.06,0.03
576,16060,-38,-0.01,1,-1.03,-227,-66,125,0.02,0.05,0.05
644,16036,-44,-0.01,1,-1.03,-222,-72,123,0.09,-0.05,0.02
566,16012,30,-0.02,1,-1.02,-231,-63,121,-0.05,0.09,-0.02
532,16000,-78,-0.02,1,-1.03,-228,-70,127,0,-0.02,0.08
594,15990,26,-0.01,1,-1.02,-224,-68,127,0.06,0.02,0.08
554,15996,34,-0.02,1,-1.02,-231,-72,127,-0.05,-0.05,0.08
522,16000,-128,-0.02,1,-1.03,-222,-75,123,0.09,-0.09,0.02
602,15972,8,-0.01,0.99,-1.02,-223,-68,118,0.08,0.02,-0.06
604,16020,-44,-0.01,1,-1.03,-228,-70,129,0,-0.02,0.11
528,15992,-176,-0.02,1,-1.04,-231,-69,123,-0.05,0,0.02
636,15950,-56,-0.01,0.99,-1.03,-232,-74,125,-0.06,-0.08,0.05
628,15918,-146,-0.01,0.99,-1.03,-228,-75,122,0,-0.09,0
582,15962,-48,-0.01,0.99,-1.03,-234,-76,121,-0.09,-0.11,-0.02
652,15954,-108,-0.01,0.99,-1.03,-229,-62,125,-0.02,0.11,0.05
596,15930,-58,-0.01,0.99,-1.03,-227,-68,128,0.02,0.02,0.09
596,16048,-150,-0.01,1,-1.03,-238,-75,124,-0.15,-0.09,0.03
626,16032,-104,-0.01,1,-1.03,-236,-67,119,-0.12,0.03,-0.05
658,16024,-56,-0.01,1,-1.03,-235,-72,122,-0.11,-0.05,0
554,15958,8,-0.02,0.99,-1.02,-225,-71,130,0.05,-0.03,0.12
634,15976,-44,-0.01,1,-1.03,-229,-67,119,-0.02,0.03,-0.05
638,15894,-18,-0.01,0.99,-1.03,-229,-72,127,-0.02,-0.05,0.08
632,15940,-26,-0.01,0.99,-1.03,-226,-71,122,0.03,-0.03,0
624,15980,-44,-0.01,1,-1.03,-233,-66,132,-0.08,0.05,0.15
526,15992,-50,-0.02,1,-1.03,-232,-64,119,-0.06,0.08,-0.05
604,15972,-34,-0.01,0.99,-1.03,-237,-63,130,-0.14,0.09,0.12
548,15960,-44,-0.02,0.99,-1.03,-228,-63,125,0,0.09,0.05
660,15970,-80,-0.01,0.99,-1.03,-225,-69,116,0.05,0,-0.09
608,15970,-84,-0.01,0.99,-1.03,-230,-62,128,-0.03,0.11,0.09
620,16064,-36,-0.01,1,-1.03,-232,-64,134,-0.06,0.08,0.18
582,16030,-34,-0.01,1,-1.03,-229,-70,120,-0.02,-0.02,-0.03
578,15948,-124,-0.01,0.99,-1.03,-236,-62,128,-0.12,0.11,0.09
532,16002,-176,-0.02,1,-1.04,-225,-70,117,0.05,-0.02,-0.08
670,15962,0,-0.01,0.99,-1.03,-219,-65,119,0.14,0.06,-0.05
540,15960,-62,-0.02,0.99,-1.03,-226,-74,131,0.03,-0.08,0.14
658,15982,-90,-0.01,1,-1.03,-230,-73,123,-0.03,-0.06,0.02
584,16028,-140,-0.01,1,-1.03,-239,-72,128,-0.17,-0.05,0.09
664,16022,-112,-0.01,1,-1.03,-228,-68,116,0,0.02,-0.09
620,15940,-72,-0.01,0.99,-1.03,-222,-69,124,0.09,0,0.03
650,15992,-50,-0.01,1,-1.03,-237,-69,126,-0.14,0,0.06
602,16026,-264,-0.01,1,-1.04,-226,-68,122,0.03,0.02,0
598,15976,-52,-0.01,1,-1.03,-236,-76,119,-0.12,-0.11,-0.05
550,15924,-56,-0.02,0.99,-1.03,-231,-71,124,-0.05,-0.03,0.03
612,15998,-4,-0.01,1,-1.03,-229,-62,128,-0.02,0.11,0.09
642,15948,-40,-0.01,0.99,-1.03,-229,-72,128,-0.02,-0.05,0.09
574,15996,-72,-0.01,1,-1.03,-230,-68,128,-0.03,0.02,0.09
630,16024,-142,-0.01,1,-1.03,-220,-58,121,0.12,0.17,-0.02
608,16028,-112,-0.01,1,-1.03,-231,-60,129,-0.05,0.14,0.11
578,15944,-136,-0.01,0.99,-1.03,-234,-62,119,-0.09,0.11,-0.05
612,15988,-48,-0.01,1,-1.03,-223,-69,122,0.08,0,0
598,16088,-54,-0.01,1,-1.03,-221,-65,117,0.11,0.06,-0.08
608,15970,-90,-0.01,0.99,-1.03,-222,-66,117,0.09,0.05,-0.08
520,16030,-44,-0.02,1,-1.03,-235,-74,134,-0.11,-0.08,0.18
656,15990,-112,-0.01,1,-1.03,-235,-68,125,-0.11,0.02,0.05
586,15988,-12,-0.01,1,-1.03,-222,-79,123,0.09,-0.15,0.02
528,15942,-10,-0.02,0.99,-1.03,-226,-69,124,0.03,0,0.03
666,16070,-122,-0.01,1,-1.03,-226,-70,115,0.03,-0.02,-0.11
664,15992,-46,-0.01,1,-1.03,-232,-63,127,-0.06,0.09,0.08
540,16014,28,-0.02,1,-1.02,-228,-74,121,0,-0.08,-0.02
526,16008,32,-0.02,1,-1.02,-238,-70,131,-0.15,-0.02,0.14
514,15976,-32,-0.02,1,-1.03,-237,-62,128,-0.14,0.11,0.09
536,15902,6,-0.02,0.99,-1.02,-229,-68,134,-0.02,0.02,0.18
560,15964,-146,-0.02,0.99,-1.03,-230,-65,124,-0.03,0.06,0.03
510,16002,-40,-0.02,1,-1.03,-220,-57,124,0.12,0.18,0.03
492,16012,-8,-0.02,1,-1.03,-213,-61,121,0.23,0.12,-0.02
620,16016,-70,-0.01,1,-1.03,-225,-58,122,0.05,0.17,0
688,15954,-134,-0.01,0.99,-1.03,-236,-78,126,-0.12,-0.14,0.06
678,15958,-32,-0.01,0.99,-1.03,-231,-60,116,-0.05,0.14,-0.09
546,15948,-14,-0.02,0.99,-1.03,-230,-67,133,-0.03,0.03,0.17
514,16016,-78,-0.02,1,-1.03,-242,-69,129,-0.21,0,0.11
636,16016,-48,-0.01,1,-1.03,-234,-65,134,-0.09,0.06,0.18
496,15972,4,-0.02,0.99,-1.02,-239,-64,131,-0.17,0.08,0.14
596,15984,-92,-0.01,1,-1.03,-229,-69,125,-0.02,0,0.05
586,16010,-26,-0.01,1,-1.03,-232,-69,128,-0.06,0,0.09
590,16088,-104,-0.01,1,-1.03,-219,-65,112,0.14,0.06,-0.15
620,15944,80,-0.01,0.99,-1.02,-215,-80,119,0.2,-0.17,-0.05
552,16070,-116,-0.02,1,-1.03,-222,-67,113,0.09,0.03,-0.14
672,15914,-10,-0.01,0.99,-1.03,-216,-73,113,0.18,-0.06,-0.14
554,16062,-44,-0.02,1,-1.03,-216,-66,119,0.18,0.05,-0.05
622,15986,48,-0.01,1,-1.02,-228,-80,115,0,-0.17,-0.11
610,15970,-64,-0.01,0.99,-1.03,-249,-70,135,-0.32,-0.02,0.2
510,15946,50,-0.02,0.99,-1.02,-238,-69,140,-0.15,0,0.27
662,15984,-104,-0.01,1,-1.03,-238,-84,129,-0.15,-0.23,0.11
580,16068,-114,-0.01,1,-1.03,-236,-73,128,-0.12,-0.06,0.09
558,16044,-70,-0.02,1,-1.03,-235,-72,119,-0.11,-0.05,-0.05
582,16024,-60,-0.01,1,-1.03,-224,-64,118,0.06,0.08,-0.06
614,15976,-38,-0.01,1,-1.03,-221,-68,131,0.11,0.02,0.14
606,16004,-142,-0.01,1,-1.03,-233,-61,130,-0.08,0.12,0.12
564,16010,-74,-0.02,1,-1.03,-226,-58,117,0.03,0.17,-0.08
594,16018,-62,-0.01,1,-1.03,-219,-71,123,0.14,-0.03,0.02
558,15984,-58,-0.02,1,-1.03,-240,-70,122,-0.18,-0.02,0
622,15996,30,-0.01,1,-1.02,-227,-72,135,0.02,-0.05,0.2
556,15970,-48,-0.02,0.99,-1.03,-234,-69,121,-0.09,0,-0.02
658,15998,-132,-0.01,1,-1.03,-224,-69,126,0.06,0,0.06
650,16028,-158,-0.01,1,-1.03,-217,-73,118,0.17,-0.06,-0.06
632,15958,-70,-0.01,0.99,-1.03,-233,-69,119,-0.08,0,-0.05
626,16020,-92,-0.01,1,-1.03,-220,-77,121,0.12,-0.12,-0.02
604,16034,-78,-0.01,1,-1.03,-230,-78,109,-0.03,-0.14,-0.2
566,15964,-66,-0.02,0.99,-1.03,-211,-74,116,0.26,-0.08,-0.09
616,16056,-50,-0.01,1,-1.03,-236,-66,114,-0.12,0.05,-0.12
580,15936,-138,-0.01,0.99,-1.03,-226,-62,115,0.03,0.11,-0.11
578,15992,10,-0.01,1,-1.02,-234,-62,141,-0.09,0.11,0.29
674,15962,36,-0.01,0.99,-1.02,-233,-71,126,-0.08,-0.03,0.06
602,15950,-138,-0.01,0.99,-1.03,-239,-69,136,-0.17,0,0.21
700,15910,-230,-0.01,0.99,-1.04,-239,-63,134,-0.17,0.09,0.18
580,16014,-88,-0.01,1,-1.03,-230,-72,122,-0.03,-0.05,0
648,16030,-80,-0.01,1,-1.03,-224,-69,118,0.06,0,-0.06
590,16018,-44,-0.01,1,-1.03,-230,-64,114,-0.03,0.08,-0.12
556,16036,-28,-0.02,1,-1.03,-231,-72,122,-0.05,-0.05,0
570,16010,30,-0.02,1,-1.02,-238,-64,131,-0.15,0.08,0.14
602,15914,-124,-0.01,0.99,-1.03,-226,-65,118,0.03,0.06,-0.06
586,15984,-34,-0.01,1,-1.03,-231,-70,127,-0.05,-0.02,0.08
564,15970,-98,-0.02,0.99,-1.03,-230,-74,129,-0.03,-0.08,0.11
638,15964,-58,-0.01,0.99,-1.03,-236,-72,116,-0.12,-0.05,-0.09
622,15934,34,-0.01,0.99,-1.02,-235,-61,117,-0.11,0.12,-0.08
582,15932,-110,-0.01,0.99,-1.03,-226,-73,120,0.03,-0.06,-0.03
610,15970,-20,-0.01,0.99,-1.03,-228,-63,118,0,0.09,-0.06
646,16018,-60,-0.01,1,-1.03,-228,-76,124,0,-0.11,0.03
582,15976,-52,-0.01,1,-1.03,-232,-70,131,-0.06,-0.02,0.14
678,15984,-156,-0.01,1,-1.03,-239,-67,127,-0.17,0.03,0.08
634,15958,-88,-0.01,0.99,-1.03,-230,-68,122,-0.03,0.02,0
572,15974,-136,-0.01,0.99,-1.03,-228,-74,127,0,-0.08,0.08
616,15988,40,-0.01,1,-1.02,-236,-72,120,-0.12,-0.05,-0.03
590,16052,10,-0.01,1,-1.02,-222,-72,119,0.09,-0.05,-0.05
704,16042,-50,-0.01,1,-1.03,-227,-69,119,0.02,0,-0.05
608,16058,-56,-0.01,1,-1.03,-226,-73,126,0.03,-0.06,0.06
594,15938,-56,-0.01,0.99,-1.03,-230,-67,121,-0.03,0.03,-0.02
596,15872,16,-0.01,0.99,-1.02,-230,-66,136,-0.03,0.05,0.21
640,15946,-46,-0.01,0.99,-1.03,-234,-69,136,-0.09,0,0.21
516,15952,-62,-0.02,0.99,-1.03,-234,-65,141,-0.09,0.06,0.29
560,16062,-60,-0.02,1,-1.03,-228,-73,128,0,-0.06,0.09
610,15966,-52,-0.01,0.99,-1.03,-217,-71,122,0.17,-0.03,0
568,15988,36,-0.02,1,-1.02,-226,-70,121,0.03,-0.02,-0.02
604,15964,-64,-0.01,0.99,-1.03,-228,-61,115,0,0.12,-0.11
636,15980,22,-0.01,1,-1.02,-226,-65,124,0.03,0.06,0.03
690,15986,-18,-0.01,1,-1.03,-232,-66,129,-0.06,0.05,0.11
570,16046,-144,-0.02,1,-1.03,-228,-68,125,0,0.02,0.05
618,15946,-14,-0.01,0.99,-1.03,-219,-67,121,0.14,0.03,-0.02
604,15960,-6,-0.01,0.99,-1.03,-231,-57,127,-0.05,0.18,0.08
636,15992,-54,-0.01,1,-1.03,-229,-66,128,-0.02,0.05,0.09
568,15968,34,-0.02,0.99,-1.02,-233,-60,122,-0.08,0.14,0
654,16016,-94,-0.01,1,-1.03,-226,-70,128,0.03,-0.02,0.09
540,15942,-134,-0.02,0.99,-1.03,-229,-74,115,-0.02,-0.08,-0.11
586,16036,-42,-0.01,1,-1.03,-228,-70,117,0,-0.02,-0.08
634,16010,-194,-0.01,1,-1.04,-220,-70,121,0.12,-0.02,-0.02
520,15934,-4,-0.02,0.99,-1.03,-227,-75,117,0.02,-0.09,-0.08
566,15960,-62,-0.02,0.99,-1.03,-222,-71,114,0.09,-0.03,-0.12
584,15984,28,-0.01,1,-1.02,-234,-58,121,-0.09,0.17,-0.02
594,16042,-154,-0.01,1,-1.03,-230,-69,123,-0.03,0,0.02
624,15906,-90,-0.01,0.99,-1.03,-232,-73,136,-0.06,-0.06,0.21
506,16066,-74,-0.02,1,-1.03,-240,-72,130,-0.18,-0.05,0.12
528,16026,-112,-0.02,1,-1.03,-236,-75,129,-0.12,-0.09,0.11
564,15938,-48,-0.02,0.99,-1.03,-227,-60,126,0.02,0.14,0.06
654,15970,8,-0.01,0.99,-1.02,-229,-62,134,-0.02,0.11,0.18
608,16026,-60,-0.01,1,-1.03,-218,-70,118,0.15,-0.02,-0.06
630,16032,-74,-0.01,1,-1.03,-229,-65,122,-0.02,0.06,0
568,15972,-108,-0.02,0.99,-1.03,-239,-63,119,-0.17,0.09,-0.05
590,15936,-58,-0.01,0.99,-1.03,-231,-72,122,-0.05,-0.05,0
586,16006,42,-0.01,1,-1.02,-229,-82,127,-0.02,-0.2,0.08
618,15974,-80,-0.01,0.99,-1.03,-226,-79,129,0.03,-0.15,0.11
566,15948,-150,-0.02,0.99,-1.03,-234,-71,127,-0.09,-0.03,0.08
544,16004,-28,-0.02,1,-1.03,-218,-77,118,0.15,-0.12,-0.06
590,16004,-84,-0.01,1,-1.03,-233,-68,126,-0.08,0.02,0.06
572,15940,-152,-0.01,0.99,-1.03,-212,-72,124,0.24,-0.05,0.03
588,15898,-70,-0.01,0.99,-1.03,-228,-63,126,0,0.09,0.06
594,15964,-66,-0.01,0.99,-1.03,-230,-82,133,-0.03,-0.2,0.17
566,15992,-48,-0.02,1,-1.03,-242,-67,122,-0.21,0.03,0
584,15994,-64,-0.01,1,-1.03,-231,-72,123,-0.05,-0.05,0.02
626,15912,-76,-0.01,0.99,-1.03,-228,-71,122,0,-0.03,0
568,16040,-26,-0.02,1,-1.03,-235,-71,119,-0.11,-0.03,-0.05
536,16042,-74,-0.02,1,-1.03,-224,-73,116,0.06,-0.06,-0.09
572,15906,-106,-0.01,0.99,-1.03,-229,-72,119,-0.02,-0.05,-0.05
664,15998,-72,-0.01,1,-1.03,-224,-68,120,0.06,0.02,-0.03
588,16016,-216,-0.01,1,-1.04,-220,-69,120,0.12,0,-0.03
590,15962,-36,-0.01,0.99,-1.03,-221,-65,125,0.11,0.06,0.05
588,15898,-40,-0.01,0.99,-1.03,-229,-64,124,-0.02,0.08,0.03
558,15968,-166,-0.02,0.99,-1.04,-229,-69,128,-0.02,0,0.09
674,16026,-20,-0.01,1,-1.03,-235,-67,124,-0.11,0.03,0.03
594,15916,-76,-0.01,0.99,-1.03,-231,-75,122,-0.05,-0.09,0
572,16010,-30,-0.01,1,-1.03,-231,-68,130,-0.05,0.02,0.12
558,15958,-56,-0.02,0.99,-1.03,-234,-69,127,-0.09,0,0.08
568,16088,-98,-0.02,1,-1.03,-224,-86,128,0.06,-0.26,0.09
614,15984,-10,-0.01,1,-1.03,-225,-74,122,0.05,-0.08,0
664,16026,-40,-0.01,1,-1.03,-230,-75,130,-0.03,-0.09,0.12
636,15944,54,-0.01,0.99,-1.02,-230,-72,126,-0.03,-0.05,0.06
630,16030,-94,-0.01,1,-1.03,-220,-69,117,0.12,0,-0.08
636,15934,-182,-0.01,0.99,-1.04,-227,-67,119,0.02,0.03,-0.05
606,16032,52,-0.01,1,-1.02,-236,-77,129,-0.12,-0.12,0.11
620,16022,-36,-0.01,1,-1.03,-224,-70,126,0.06,-0.02,0.06
668,15934,50,-0.01,0.99,-1.02,-221,-60,122,0.11,0.14,0
612,16042,16,-0.01,1,-1.02,-235,-76,126,-0.11,-0.11,0.06
686,16030,-48,-0.01,1,-1.03,-230,-61,126,-0.03,0.12,0.06
572,15960,-74,-0.01,0.99,-1.03,-233,-73,120,-0.08,-0.06,-0.03
676,16006,-84,-0.01,1,-1.03,-234,-69,122,-0.09,0,0
556,15980,-104,-0.02,1,-1.03,-230,-70,109,-0.03,-0.02,-0.2
674,15956,-98,-0.01,0.99,-1.03,-219,-72,132,0.14,-0.05,0.15
642,15954,-156,-0.01,0.99,-1.03,-223,-75,125,0.08,-0.09,0.05
612,15916,-98,-0.01,0.99,-1.03,-224,-77,123,0.06,-0.12,0.02
598,16034,-184,-0.01,1,-1.04,-228,-69,123,0,0,0.02
546,16008,-36,-0.02,1,-1.03,-224,-69,121,0.06,0,-0.02
622,15964,34,-0.01,0.99,-1.02,-225,-72,129,0.05,-0.05,0.11
650,16018,-90,-0.01,1,-1.03,-240,-70,134,-0.18,-0.02,0.18
646,16002,-98,-0.01,1,-1.03,-233,-65,125,-0.08,0.06,0.05
556,15936,-8,-0.02,0.99,-1.03,-233,-75,125,-0.08,-0.09,0.05
536,16012,-232,-0.02,1,-1.04,-225,-64,108,0.05,0.08,-0.21
656,15936,-136,-0.01,0.99,-1.03,-216,-79,121,0.18,-0.15,-0.02
558,15928,-138,-0.02,0.99,-1.03,-217,-69,127,0.17,0,0.08
590,15914,-8,-0.01,0.99,-1.03,-223,-69,121,0.08,0,-0.02
622,16026,-100,-0.01,1,-1.03,-230,-75,136,-0.03,-0.09,0.21
640,15958,-116,-0.01,0.99,-1.03,-233,-68,133,-0.08,0.02,0.17
618,15956,-158,-0.01,0.99,-1.03,-243,-70,133,-0.23,-0.02,0.17
568,16004,80,-0.02,1,-1.02,-225,-67,121,0.05,0.03,-0.02
648,15984,-32,-0.01,1,-1.03,-234,-77,128,-0.09,-0.12,0.09
600,15940,-52,-0.01,0.99,-1.03,-217,-73,120,0.17,-0.06,-0.03
550,16092,-124,-0.02,1,-1.03,-227,-75,129,0.02,-0.09,0.11
578,16002,-166,-0.01,1,-1.04,-227,-72,118,0.02,-0.05,-0.06
642,15902,-66,-0.01,0.99,-1.03,-222,-68,122,0.09,0.02,0
530,16022,-176,-0.02,1,-1.04,-224,-63,117,0.06,0.09,-0.08
560,15962,-102,-0.02,0.99,-1.03,-233,-71,123,-0.08,-0.03,0.02
572,16002,66,-0.01,1,-1.02,-227,-72,117,0.02,-0.05,-0.08
572,15966,-110,-0.01,0.99,-1.03,-224,-65,111,0.06,0.06,-0.17
672,16010,-80,-0.01,1,-1.03,-214,-62,113,0.21,0.11,-0.14
586,15996,-86,-0.01,1,-1.03,-235,-77,112,-0.11,-0.12,-0.15
640,16076,-78,-0.01,1,-1.03,-220,-68,126,0.12,0.02,0.06
554,15956,-38,-0.02,0.99,-1.03,-232,-70,136,-0.06,-0.02,0.21
560,15962,36,-0.02,0.99,-1.02,-239,-73,137,-0.17,-0.06,0.23
626,15982,-132,-0.01,1,-1.03,-233,-74,128,-0.08,-0.08,0.09
610,16018,-64,-0.01,1,-1.03,-219,-64,116,0.14,0.08,-0.09
616,15970,-136,-0.01,0.99,-1.03,-232,-68,121,-0.06,0.02,-0.02
568,15952,-80,-0.02,0.99,-1.03,-224,-78,117,0.06,-0.14,-0.08
668,15958,-72,-0.01,0.99,-1.03,-219,-60,123,0.14,0.14,0.02
620,16032,-70,-0.01,1,-1.03,-225,-69,128,0.05,0,0.09
532,16018,-132,-0.02,1,-1.03,-227,-71,129,0.02,-0.03,0.11
598,15928,-76,-0.01,0.99,-1.03,-238,-78,122,-0.15,-0.14,0
628,16034,-112,-0.01,1,-1.03,-245,-67,132,-0.26,0.03,0.15
598,16000,24,-0.01,1,-1.02,-229,-64,142,-0.02,0.08,0.31
554,15976,-116,-0.02,1,-1.03,-233,-59,136,-0.08,0.15,0.21
552,16084,-124,-0.02,1,-1.03,-228,-74,120,0,-0.08,-0.03
574,15910,-70,-0.01,0.99,-1.03,-234,-65,125,-0.09,0.06,0.05
490,16010,34,-0.02,1,-1.02,-221,-69,118,0.11,0,-0.06
634,16026,-40,-0.01,1,-1.03,-224,-77,121,0.06,-0.12,-0.02
634,15998,-96,-0.01,1,-1.03,-226,-68,116,0.03,0.02,-0.09
578,15954,-70,-0.01,0.99,-1.03,-233,-75,111,-0.08,-0.09,-0.17
638,15948,14,-0.01,0.99,-1.02,-220,-72,126,0.12,-0.05,0.06
656,15994,-64,-0.01,1,-1.03,-239,-66,132,-0.17,0.05,0.15
566,15950,-34,-0.02,0.99,-1.03,-239,-71,135,-0.17,-0.03,0.2
562,16018,-72,-0.02,1,-1.03,-227,-61,121,0.02,0.12,-0.02
578,15950,-16,-0.01,0.99,-1.03,-223,-62,116,0.08,0.11,-0.09
572,15966,-16,-0.01,0.99,-1.03,-220,-70,118,0.12,-0.02,-0.06
600,15934,-148,-0.01,0.99,-1.03,-227,-73,128,0.02,-0.06,0.09
682,16028,-56,-0.01,1,-1.03,-227,-69,124,0.02,0,0.03
622,16040,26,-0.01,1,-1.02,-235,-74,137,-0.11,-0.08,0.23
646,15952,-44,-0.01,0.99,-1.03,-232,-66,123,-0.06,0.05,0.02
636,15976,-92,-0.01,1,-1.03,-230,-73,134,-0.03,-0.06,0.18
568,15944,-124,-0.02,0.99,-1.03,-217,-70,136,0.17,-0.02,0.21
690,15960,-104,-0.01,0.99,-1.03,-229,-68,133,-0.02,0.02,0.17
678,16076,-84,-0.01,1,-1.03,-222,-63,111,0.09,0.09,-0.17
586,15934,-148,-0.01,0.99,-1.03,-213,-72,115,0.23,-0.05,-0.11
586,15962,-50,-0.01,0.99,-1.03,-215,-77,112,0.2,-0.12,-0.15
624,15966,-88,-0.01,0.99,-1.03,-214,-63,123,0.21,0.09,0.02
662,16020,-34,-0.01,1,-1.03,-231,-65,122,-0.05,0.06,0
540,16006,-150,-0.02,1,-1.03,-245,-70,135,-0.26,-0.02,0.2
568,15972,-22,-0.02,0.99,-1.03,-244,-66,137,-0.24,0.05,0.23
632,15962,-148,-0.01,0.99,-1.03,-227,-71,121,0.02,-0.03,-0.02
554,15972,-164,-0.02,0.99,-1.04,-225,-68,121,0.05,0.02,-0.02
614,15974,-86,-0.01,0.99,-1.03,-213,-66,115,0.23,0.05,-0.11
642,16016,-80,-0.01,1,-1.03,-211,-73,115,0.26,-0.06,-0.11
606,15998,-40,-0.01,1,-1.03,-221,-65,115,0.11,0.06,-0.11
568,16046,-26,-0.02,1,-1.03,-225,-71,121,0.05,-0.03,-0.02
638,16056,-56,-0.01,1,-1.03,-238,-66,122,-0.15,0.05,0
550,16012,-44,-0.02,1,-1.03,-230,-67,122,-0.03,0.03,0
622,15952,-40,-0.01,0.99,-1.03,-244,-71,129,-0.24,-0.03,0.11
580,16002,28,-0.01,1,-1.02,-229,-69,131,-0.02,0,0.14
658,15974,-140,-0.01,0.99,-1.03,-228,-78,130,0,-0.14,0.12
582,16004,-110,-0.01,1,-1.03,-230,-80,116,-0.03,-0.17,-0.09
552,16046,-100,-0.02,1,-1.03,-238,-61,127,-0.15,0.12,0.08
548,15970,14,-0.02,0.99,-1.02,-229,-68,126,-0.02,0.02,0.06
506,15946,-58,-0.02,0.99,-1.03,-230,-69,131,-0.03,0,0.14
576,16010,-170,-0.01,1,-1.04,-225,-71,120,0.05,-0.03,-0.03
604,16018,2,-0.01,1,-1.02,-223,-69,125,0.08,0,0.05
558,16046,-152,-0.02,1,-1.03,-221,-64,111,0.11,0.08,-0.17
632,15876,-98,-0.01,0.99,-1.03,-221,-53,125,0.11,0.24,0.05
594,15964,128,-0.01,0.99,-1.02,-226,-64,120,0.03,0.08,-0.03
626,15946,-94,-0.01,0.99,-1.03,-229,-72,130,-0.02,-0.05,0.12
606,15924,-88,-0.01,0.99,-1.03,-234,-79,134,-0.09,-0.15,0.18
648,16014,-82,-0.01,1,-1.03,-239,-62,126,-0.17,0.11,0.06
588,16022,20,-0.01,1,-1.02,-234,-75,122,-0.09,-0.09,0
668,16024,-70,-0.01,1,-1.03,-228,-76,123,0,-0.11,0.02
682,16004,-244,-0.01,1,-1.04,-227,-62,124,0.02,0.11,0.03
636,16004,-184,-0.01,1,-1.04,-233,-63,118,-0.08,0.09,-0.06
590,15994,-112,-0.01,1,-1.03,-231,-70,123,-0.05,-0.02,0.02
574,16028,-34,-0.01,1,-1.03,-229,-68,117,-0.02,0.02,-0.08
646,16066,-50,-0.01,1,-1.03,-212,-71,110,0.24,-0.03,-0.18
630,15984,-32,-0.01,1,-1.03,-225,-61,119,0.05,0.12,-0.05
606,16060,-76,-0.01,1,-1.03,-221,-67,125,0.11,0.03,0.05
642,15928,60,-0.01,0.99,-1.02,-228,-69,120,0,0,-0.03
632,15936,-124,-0.01,0.99,-1.03,-225,-62,126,0.05,0.11,0.06
630,16038,-18,-0.01,1,-1.03,-229,-63,126,-0.02,0.09,0.06
626,16016,-52,-0.01,1,-1.03,-234,-51,130,-0.09,0.27,0.12
600,16008,-86,-0.01,1,-1.03,-232,-69,121,-0.06,0,-0.02
546,16022,-154,-0.02,1,-1.03,-221,-63,132,0.11,0.09,0.15
554,16066,-172,-0.02,1,-1.04,-233,-69,124,-0.08,0,0.03
584,15972,-96,-0.01,0.99,-1.03,-229,-65,133,-0.02,0.06,0.17
624,15980,-186,-0.01,1,-1.04,-227,-74,130,0.02,-0.08,0.12
552,16048,24,-0.02,1,-1.02,-232,-65,117,-0.06,0.06,-0.08
602,16024,-96,-0.01,1,-1.03,-230,-74,127,-0.03,-0.08,0.08
572,16026,-58,-0.01,1,-1.03,-224,-81,131,0.06,-0.18,0.14
518,15974,-42,-0.02,0.99,-1.03,-228,-68,133,0,0.02,0.17
628,15978,-76,-0.01,1,-1.03,-223,-64,114,0.08,0.08,-0.12
602,16030,-26,-0.01,1,-1.03,-225,-70,121,0.05,-0.02,-0.02
606,15990,-108,-0.01,1,-1.03,-228,-70,124,0,-0.02,0.03
588,15920,-40,-0.01,0.99,-1.03,-224,-67,127,0.06,0.03,0.08
534,16024,14,-0.02,1,-1.02,-236,-76,123,-0.12,-0.11,0.02
590,15990,-10,-0.01,1,-1.03,-222,-61,122,0.09,0.12,0
652,15992,-118,-0.01,1,-1.03,-232,-64,129,-0.06,0.08,0.11
584,15962,-48,-0.01,0.99,-1.03,-228,-73,127,0,-0.06,0.08
562,16050,-150,-0.02,1,-1.03,-223,-65,134,0.08,0.06,0.18
618,15932,8,-0.01,0.99,-1.02,-235,-70,125,-0.11,-0.02,0.05
612,15956,-62,-0.01,0.99,-1.03,-237,-58,118,-0.14,0.17,-0.06
590,15954,-62,-0.01,0.99,-1.03,-226,-64,131,0.03,0.08,0.14
528,16030,-222,-0.02,1,-1.04,-220,-68,121,0.12,0.02,-0.02
652,16022,18,-0.01,1,-1.02,-230,-71,119,-0.03,-0.03,-0.05
636,16074,-66,-0.01,1,-1.03,-217,-83,121,0.17,-0.21,-0.02
662,16076,-50,-0.01,1,-1.03,-231,-66,125,-0.05,0.05,0.05
594,15920,28,-0.01,0.99,-1.02,-219,-61,128,0.14,0.12,0.09
642,16022,-100,-0.01,1,-1.03,-245,-68,127,-0.26,0.02,0.08
684,15962,-32,-0.01,0.99,-1.03,-233,-73,132,-0.08,-0.06,0.15
618,16008,-88,-0.01,1,-1.03,-236,-67,129,-0.12,0.03,0.11
562,15922,-38,-0.02,0.99,-1.03,-239,-68,128,-0.17,0.02,0.09
574,16008,-168,-0.01,1,-1.04,-226,-66,117,0.03,0.05,-0.08
676,16054,90,-0.01,1,-1.02,-228,-69,131,0,0,0.14
554,15958,-66,-0.02,0.99,-1.03,-225,-78,125,0.05,-0.14,0.05
640,15928,-76,-0.01,0.99,-1.03,-231,-68,121,-0.05,0.02,-0.02
604,16008,8,-0.01,1,-1.02,-237,-74,115,-0.14,-0.08,-0.11
594,16006,50,-0.01,1,-1.02,-226,-75,123,0.03,-0.09,0.02
552,15992,-62,-0.02,1,-1.03,-230,-69,120,-0.03,0,-0.03
638,16022,-88,-0.01,1,-1.03,-232,-71,121,-0.06,-0.03,-0.02
586,15986,-218,-0.01,1,-1.04,-229,-70,127,-0.02,-0.02,0.08
570,16084,80,-0.02,1,-1.02,-230,-68,123,-0.03,0.02,0.02
604,15964,-26,-0.01,0.99,-1.03,-223,-60,107,0.08,0.14,-0.23
672,16058,-58,-0.01,1,-1.03,-212,-75,110,0.24,-0.09,-0.18
606,15952,-8,-0.01,0.99,-1.03,-218,-69,121,0.15,0,-0.02
600,16052,38,-0.01,1,-1.02,-224,-75,129,0.06,-0.09,0.11
622,16002,-46,-0.01,1,-1.03,-229,-70,133,-0.02,-0.02,0.17
552,15920,-132,-0.02,0.99,-1.03,-239,-70,127,-0.17,-0.02,0.08
518,16044,16,-0.02,1,-1.02,-246,-67,135,-0.27,0.03,0.2
600,16032,-64,-0.01,1,-1.03,-235,-68,122,-0.11,0.02,0
600,16030,-138,-0.01,1,-1.03,-234,-72,131,-0.09,-0.05,0.14
558,16042,-194,-0.02,1,-1.04,-226,-73,114,0.03,-0.06,-0.12
596,15964,-62,-0.01,0.99,-1.03,-229,-69,113,-0.02,0,-0.14
664,16054,-66,-0.01,1,-1.03,-211,-78,118,0.26,-0.14,-0.06
614,16064,-14,-0.01,1,-1.03,-218,-72,115,0.15,-0.05,-0.11
594,15962,-12,-0.01,0.99,-1.03,-230,-73,121,-0.03,-0.06,-0.02
622,15944,28,-0.01,0.99,-1.02,-226,-74,124,0.03,-0.08,0.03
608,15998,-74,-0.01,1,-1.03,-228,-72,136,0,-0.05,0.21
568,16016,-90,-0.02,1,-1.03,-222,-70,120,0.09,-0.02,-0.03
684,16012,26,-0.01,1,-1.02,-231,-67,127,-0.05,0.03,0.08
598,15920,-58,-0.01,0.99,-1.03,-221,-72,131,0.11,-0.05,0.14
518,16044,-56,-0.02,1,-1.03,-242,-66,134,-0.21,0.05,0.18
528,16040,-56,-0.02,1,-1.03,-247,-72,133,-0.29,-0.05,0.17
630,16046,-72,-0.01,1,-1.03,-239,-71,131,-0.17,-0.03,0.14
532,15960,-210,-0.02,0.99,-1.04,-219,-68,127,0.14,0.02,0.08
630,15972,-38,-0.01,0.99,-1.03,-221,-70,114,0.11,-0.02,-0.12
634,16020,-120,-0.01,1,-1.03,-222,-74,116,0.09,-0.08,-0.09
622,15944,-64,-0.01,0.99,-1.03,-221,-65,117,0.11,0.06,-0.08
652,15968,32,-0.01,0.99,-1.02,-221,-76,124,0.11,-0.11,0.03
678,16016,-122,-0.01,1,-1.03,-232,-63,123,-0.06,0.09,0.02
622,15944,-94,-0.01,0.99,-1.03,-228,-73,119,0,-0.06,-0.05
614,15958,-146,-0.01,0.99,-1.03,-231,-63,121,-0.05,0.09,-0.02
574,15980,-182,-0.01,1,-1.04,-231,-79,123,-0.05,-0.15,0.02
574,16026,-132,-0.01,1,-1.03,-235,-68,133,-0.11,0.02,0.17
630,16000,-54,-0.01,1,-1.03,-235,-70,130,-0.11,-0.02,0.12
596,15994,-48,-0.01,1,-1.03,-235,-64,133,-0.11,0.08,0.17
590,16014,-144,-0.01,1,-1.03,-230,-67,135,-0.03,0.03,0.2
670,15958,-74,-0.01,0.99,-1.03,-236,-64,123,-0.12,0.08,0.02
464,15970,-142,-0.02,0.99,-1.03,-227,-74,119,0.02,-0.08,-0.05
674,15962,-126,-0.01,0.99,-1.03,-231,-71,123,-0.05,-0.03,0.02
590,16026,2,-0.01,1,-1.02,-234,-72,132,-0.09,-0.05,0.15
620,15952,-150,-0.01,0.99,-1.03,-227,-63,119,0.02,0.09,-0.05
624,16040,-108,-0.01,1,-1.03,-222,-65,133,0.09,0.06,0.17
588,15888,-114,-0.01,0.99,-1.03,-224,-64,123,0.06,0.08,0.02
710,15940,10,-0.01,0.99,-1.02,-234,-67,126,-0.09,0.03,0.06
620,16054,-68,-0.01,1,-1.03,-243,-69,145,-0.23,0,0.35
568,15988,-8,-0.02,1,-1.03,-249,-73,140,-0.32,-0.06,0.27
580,16020,-66,-0.01,1,-1.03,-249,-80,140,-0.32,-0.17,0.27
534,15952,-140,-0.02,0.99,-1.03,-225,-70,118,0.05,-0.02,-0.06
540,16048,-180,-0.02,1,-1.04,-223,-65,108,0.08,0.06,-0.21
550,16038,-98,-0.02,1,-1.03,-205,-69,112,0.35,0,-0.15
584,15986,-16,-0.01,1,-1.03,-216,-63,112,0.18,0.09,-0.15
638,16022,-66,-0.01,1,-1.03,-221,-61,123,0.11,0.12,0.02
656,15946,8,-0.01,0.99,-1.02,-234,-72,131,-0.09,-0.05,0.14
596,15962,-82,-0.01,0.99,-1.03,-234,-61,145,-0.09,0.12,0.35
600,15938,8,-0.01,0.99,-1.02,-239,-66,129,-0.17,0.05,0.11
582,15926,-84,-0.01,0.99,-1.03,-233,-67,122,-0.08,0.03,0
634,15984,-118,-0.01,1,-1.03,-220,-69,120,0.12,0,-0.03
648,15990,-104,-0.01,1,-1.03,-221,-74,117,0.11,-0.08,-0.08
548,16012,-74,-0.02,1,-1.03,-229,-67,125,-0.02,0.03,0.05
548,16000,-114,-0.02,1,-1.03,-230,-69,130,-0.03,0,0.12
636,16004,126,-0.01,1,-1.02,-221,-70,124,0.11,-0.02,0.03
600,16006,-26,-0.01,1,-1.03,-226,-71,119,0.03,-0.03,-0.05
632,15962,20,-0.01,0.99,-1.02,-233,-66,130,-0.08,0.05,0.12
604,15986,42,-0.01,1,-1.02,-229,-73,129,-0.02,-0.06,0.11
646,15996,-62,-0.01,1,-1.03,-228,-78,133,0,-0.14,0.17
612,15980,-198,-0.01,1,-1.04,-239,-67,126,-0.17,0.03,0.06
552,15966,-32,-0.02,0.99,-1.03,-236,-76,118,-0.12,-0.11,-0.06
600,15932,-146,-0.01,0.99,-1.03,-222,-71,129,0.09,-0.03,0.11
618,15980,-104,-0.01,1,-1.03,-228,-76,109,0,-0.11,-0.2
680,15992,-64,-0.01,1,-1.03,-229,-72,114,-0.02,-0.05,-0.12
562,16016,52,-0.02,1,-1.02,-237,-66,116,-0.14,0.05,-0.09
618,15970,-76,-0.01,0.99,-1.03,-234,-58,127,-0.09,0.17,0.08
590,15944,4,-0.01,0.99,-1.02,-237,-67,128,-0.14,0.03,0.09
596,15994,-78,-0.01,1,-1.03,-222,-65,131,0.09,0.06,0.14
512,15944,-134,-0.02,0.99,-1.03,-226,-65,127,0.03,0.06,0.08
592,16004,-70,-0.01,1,-1.03,-226,-62,138,0.03,0.11,0.24
614,16038,-80,-0.01,1,-1.03,-223,-81,130,0.08,-0.18,0.12
622,15954,-120,-0.01,0.99,-1.03,-234,-66,125,-0.09,0.05,0.05
628,15986,-26,-0.01,1,-1.03,-238,-66,116,-0.15,0.05,-0.09
558,15972,-236,-0.02,0.99,-1.04,-231,-66,126,-0.05,0.05,0.06
620,15964,-52,-0.01,0.99,-1.03,-229,-64,131,-0.02,0.08,0.14
566,15916,-110,-0.02,0.99,-1.03,-234,-70,117,-0.09,-0.02,-0.08
646,15996,-60,-0.01,1,-1.03,-225,-66,124,0.05,0.05,0.03
612,15992,-88,-0.01,1,-1.03,-230,-68,122,-0.03,0.02,0
568,16008,-104,-0.02,1,-1.03,-226,-70,130,0.03,-0.02,0.12
602,15960,52,-0.01,0.99,-1.02,-227,-65,124,0.02,0.06,0.03
526,15960,6,-0.02,0.99,-1.02,-230,-69,124,-0.03,0,0.03
624,16042,-74,-0.01,1,-1.03,-233,-75,115,-0.08,-0.09,-0.11
602,16006,-32,-0.01,1,-1.03,-223,-70,116,0.08,-0.02,-0.09
646,15976,-48,-0.01,1,-1.03,-237,-80,121,-0.14,-0.17,-0.02
656,16010,46,-0.01,1,-1.02,-223,-74,124,0.08,-0.08,0.03
626,15940,-44,-0.01,0.99,-1.03,-226,-73,126,0.03,-0.06,0.06
614,16048,-104,-0.01,1,-1.03,-232,-69,122,-0.06,0,0
596,15990,-154,-0.01,1,-1.03,-235,-70,127,-0.11,-0.02,0.08
638,16074,-26,-0.01,1,-1.03,-227,-65,126,0.02,0.06,0.06
660,16014,-32,-0.01,1,-1.03,-233,-75,144,-0.08,-0.09,0.34
634,15946,-84,-0.01,0.99,-1.03,-228,-74,146,0,-0.08,0.37
560,16036,-92,-0.02,1,-1.03,-232,-78,120,-0.06,-0.14,-0.03
582,16002,-68,-0.01,1,-1.03,-229,-77,123,-0.02,-0.12,0.02
632,16032,-106,-0.01,1,-1.03,-226,-66,130,0.03,0.05,0.12
556,16014,24,-0.02,1,-1.02,-224,-70,117,0.06,-0.02,-0.08
664,15966,-44,-0.01,0.99,-1.03,-222,-69,114,0.09,0,-0.12
630,15970,-94,-0.01,0.99,-1.03,-225,-58,125,0.05,0.17,0.05
622,15900,-40,-0.01,0.99,-1.03,-231,-71,117,-0.05,-0.03,-0.08
586,16032,64,-0.01,1,-1.02,-230,-70,133,-0.03,-0.02,0.17
558,15914,10,-0.02,0.99,-1.02,-230,-74,127,-0.03,-0.08,0.08
616,15958,-124,-0.01,0.99,-1.03,-242,-77,129,-0.21,-0.12,0.11
634,16044,-54,-0.01,1,-1.03,-233,-72,127,-0.08,-0.05,0.08
654,15968,-62,-0.01,0.99,-1.03,-236,-72,132,-0.12,-0.05,0.15
618,15912,-76,-0.01,0.99,-1.03,-243,-71,126,-0.23,-0.03,0.06
626,16030,-100,-0.01,1,-1.03,-232,-63,129,-0.06,0.09,0.11
572,15900,-232,-0.01,0.99,-1.04,-225,-59,119,0.05,0.15,-0.05
570,15990,-62,-0.02,1,-1.03,-216,-65,114,0.18,0.06,-0.12
574,15952,-48,-0.01,0.99,-1.03,-221,-67,124,0.11,0.03,0.03
644,16014,46,-0.01,1,-1.02,-222,-72,124,0.09,-0.05,0.03
622,16026,56,-0.01,1,-1.02,-242,-78,137,-0.21,-0.14,0.23
506,15982,-68,-0.02,1,-1.03,-230,-73,139,-0.03,-0.06,0.26
586,16004,-54,-0.01,1,-1.03,-235,-70,129,-0.11,-0.02,0.11
610,15924,-178,-0.01,0.99,-1.04,-221,-74,132,0.11,-0.08,0.15
588,16028,-66,-0.01,1,-1.03,-228,-72,124,0,-0.05,0.03
606,15986,-116,-0.01,1,-1.03,-225,-72,109,0.05,-0.05,-0.2
600,16040,66,-0.01,1,-1.02,-220,-79,119,0.12,-0.15,-0.05
606,15968,-38,-0.01,0.99,-1.03,-224,-77,122,0.06,-0.12,0
682,16008,-78,-0.01,1,-1.03,-229,-67,115,-0.02,0.03,-0.11
606,15968,-124,-0.01,0.99,-1.03,-233,-71,126,-0.08,-0.03,0.06
534,15982,-48,-0.02,1,-1.03,-231,-70,130,-0.05,-0.02,0.12
594,15924,-32,-0.01,0.99,-1.03,-242,-68,138,-0.21,0.02,0.24
546,15948,-66,-0.02,0.99,-1.03,-234,-72,129,-0.09,-0.05,0.11
600,15972,4,-0.01,0.99,-1.02,-230,-74,133,-0.03,-0.08,0.17
612,16028,-92,-0.01,1,-1.03,-227,-73,124,0.02,-0.06,0.03
584,16010,-106,-0.01,1,-1.03,-229,-73,114,-0.02,-0.06,-0.12
542,15952,44,-0.02,0.99,-1.02,-222,-75,123,0.09,-0.09,0.02
668,15912,-34,-0.01,0.99,-1.03,-234,-74,121,-0.09,-0.08,-0.02
596,15904,-108,-0.01,0.99,-1.03,-234,-65,117,-0.09,0.06,-0.08
588,15970,-162,-0.01,0.99,-1.03,-227,-74,118,0.02,-0.08,-0.06
604,16012,-10,-0.01,1,-1.03,-234,-62,125,-0.09,0.11,0.05
586,16014,-104,-0.01,1,-1.03,-228,-65,128,0,0.06,0.09
596,15946,-8,-0.01,0.99,-1.03,-228,-74,122,0,-0.08,0
606,16030,-156,-0.01,1,-1.03,-226,-67,122,0.03,0.03,0
608,16058,-156,-0.01,1,-1.03,-213,-64,106,0.23,0.08,-0.24
582,16042,-32,-0.01,1,-1.03,-230,-64,121,-0.03,0.08,-0.02
688,16078,-82,-0.01,1,-1.03,-225,-73,114,0.05,-0.06,-0.12
648,16028,-76,-0.01,1,-1.03,-229,-67,133,-0.02,0.03,0.17
574,15924,-26,-0.01,0.99,-1.03,-227,-63,130,0.02,0.09,0.12
552,16000,-8,-0.02,1,-1.03,-234,-58,126,-0.09,0.17,0.06
574,16060,30,-0.01,1,-1.02,-232,-68,124,-0.06,0.02,0.03
618,16096,-58,-0.01,1,-1.03,-222,-69,114,0.09,0,-0.12
628,15952,-22,-0.01,0.99,-1.03,-233,-63,125,-0.08,0.09,0.05
592,15994,-34,-0.01,1,-1.03,-218,-72,122,0.15,-0.05,0
714,15956,66,-0.01,0.99,-1.02,-241,-77,136,-0.2,-0.12,0.21
608,15974,10,-0.01,0.99,-1.02,-234,-69,136,-0.09,0,0.21
598,15946,-50,-0.01,0.99,-1.03,-239,-74,122,-0.17,-0.08,0
480,16012,-28,-0.02,1,-1.03,-226,-68,117,0.03,0.02,-0.08
524,16058,60,-0.02,1,-1.02,-214,-60,114,0.21,0.14,-0.12
602,15960,-124,-0.01,0.99,-1.03,-213,-70,118,0.23,-0.02,-0.06
616,15980,-76,-0.01,1,-1.03,-222,-67,117,0.09,0.03,-0.08
606,16078,-10,-0.01,1,-1.03,-227,-69,129,0.02,0,0.11
626,15998,-70,-0.01,1,-1.03,-235,-65,129,-0.11,0.06,0.11
618,16016,-38,-0.01,1,-1.03,-230,-74,128,-0.03,-0.08,0.09
660,16042,-138,-0.01,1,-1.03,-228,-69,125,0,0,0.05
590,15996,-122,-0.01,1,-1.03,-232,-74,132,-0.06,-0.08,0.15
672,15958,-200,-0.01,0.99,-1.04,-227,-69,113,0.02,0,-0.14
626,15980,-166,-0.01,1,-1.04,-226,-68,126,0.03,0.02,0.06
698,16042,28,-0.01,1,-1.02,-221,-77,129,0.11,-0.12,0.11
534,16022,-72,-0.02,1,-1.03,-235,-73,124,-0.11,-0.06,0.03
596,15984,-24,-0.01,1,-1.03,-224,-68,122,0.06,0.02,0
546,16014,-72,-0.02,1,-1.03,-228,-78,122,0,-0.14,0
552,16048,-2,-0.02,1,-1.03,-227,-69,131,0.02,0,0.14
618,15972,-102,-0.01,0.99,-1.03,-225,-68,124,0.05,0.02,0.03
662,15998,-18,-0.01,1,-1.03,-220,-62,135,0.12,0.11,0.2
672,15884,-76,-0.01,0.99,-1.03,-216,-71,118,0.18,-0.03,-0.06
596,15956,-62,-0.01,0.99,-1.03,-226,-68,121,0.03,0.02,-0.02
578,16006,-160,-0.01,1,-1.03,-236,-66,121,-0.12,0.05,-0.02
610,15936,22,-0.01,0.99,-1.02,-242,-58,132,-0.21,0.17,0.15
646,15986,70,-0.01,1,-1.02,-245,-69,134,-0.26,0,0.18
624,16030,-58,-0.01,1,-1.03,-230,-68,139,-0.03,0.02,0.26
664,16040,-136,-0.01,1,-1.03,-241,-76,121,-0.2,-0.11,-0.02
540,16034,-90,-0.02,1,-1.03,-238,-70,122,-0.15,-0.02,0
580,16030,-66,-0.01,1,-1.03,-230,-61,123,-0.03,0.12,0.02
586,16058,-56,-0.01,1,-1.03,-222,-73,107,0.09,-0.06,-0.23
640,15986,-62,-0.01,1,-1.03,-211,-75,116,0.26,-0.09,-0.09
662,15980,-114,-0.01,1,-1.03,-217,-63,118,0.17,0.09,-0.06
656,15978,-170,-0.01,1,-1.04,-218,-65,126,0.15,0.06,0.06
652,16024,-104,-0.01,1,-1.03,-228,-69,125,0,0,0.05
654,16014,-88,-0.01,1,-1.03,-228,-61,128,0,0.12,0.09
636,15978,-122,-0.01,1,-1.03,-233,-80,126,-0.08,-0.17,0.06
602,15954,-36,-0.01,0.99,-1.03,-230,-66,131,-0.03,0.05,0.14
630,15956,-14,-0.01,0.99,-1.03,-234,-80,116,-0.09,-0.17,-0.09
522,15960,2,-0.02,0.99,-1.02,-226,-77,127,0.03,-0.12,0.08
590,16004,-8,-0.01,1,-1.03,-229,-66,125,-0.02,0.05,0.05
570,16002,-138,-0.02,1,-1.03,-224,-70,122,0.06,-0.02,0
632,15988,-124,-0.01,1,-1.03,-220,-71,125,0.12,-0.03,0.05
648,15924,-18,-0.01,0.99,-1.03,-228,-74,121,0,-0.08,-0.02
678,15970,-98,-0.01,0.99,-1.03,-222,-66,128,0.09,0.05,0.09
592,15982,-86,-0.01,1,-1.03,-231,-69,117,-0.05,0,-0.08
528,16020,-12,-0.02,1,-1.03,-238,-77,130,-0.15,-0.12,0.12
642,16050,-78,-0.01,1,-1.03,-231,-69,126,-0.05,0,0.06
612,16044,-30,-0.01,1,-1.03,-229,-72,116,-0.02,-0.05,-0.09
648,15916,-112,-0.01,0.99,-1.03,-224,-66,120,0.06,0.05,-0.03
492,16018,-154,-0.02,1,-1.03,-230,-71,122,-0.03,-0.03,0
610,16032,-62,-0.01,1,-1.03,-227,-76,124,0.02,-0.11,0.03
560,15958,-30,-0.02,0.99,-1.03,-231,-75,126,-0.05,-0.09,0.06
600,16014,-252,-0.01,1,-1.04,-242,-65,125,-0.21,0.06,0.05
568,16034,-182,-0.02,1,-1.04,-234,-67,122,-0.09,0.03,0
636,15984,-86,-0.01,1,-1.03,-224,-67,124,0.06,0.03,0.03
624,16042,-162,-0.01,1,-1.03,-220,-74,115,0.12,-0.08,-0.11
618,16040,-142,-0.01,1,-1.03,-230,-69,121,-0.03,0,-0.02
614,15956,-12,-0.01,0.99,-1.03,-229,-71,115,-0.02,-0.03,-0.11
576,15934,-62,-0.01,0.99,-1.03,-232,-68,129,-0.06,0.02,0.11
562,15978,38,-0.02,1,-1.02,-239,-66,122,-0.17,0.05,0
558,16018,24,-0.02,1,-1.02,-233,-70,121,-0.08,-0.02,-0.02
650,15994,-86,-0.01,1,-1.03,-231,-77,127,-0.05,-0.12,0.08
608,16044,-12,-0.01,1,-1.03,-232,-70,128,-0.06,-0.02,0.09
636,16046,-22,-0.01,1,-1.03,-240,-63,131,-0.18,0.09,0.14
514,16024,-132,-0.02,1,-1.03,-234,-68,125,-0.09,0.02,0.05
618,16034,18,-0.01,1,-1.02,-225,-73,118,0.05,-0.06,-0.06
654,15990,-40,-0.01,1,-1.03,-220,-71,122,0.12,-0.03,0
626,15996,-34,-0.01,1,-1.03,-223,-75,127,0.08,-0.09,0.08
582,16014,-76,-0.01,1,-1.03,-230,-79,121,-0.03,-0.15,-0.02
640,15934,-178,-0.01,0.99,-1.04,-225,-67,123,0.05,0.03,0.02
546,16016,-104,-0.02,1,-1.03,-222,-70,125,0.09,-0.02,0.05
602,16028,-78,-0.01,1,-1.03,-226,-72,121,0.03,-0.05,-0.02
610,16060,-16,-0.01,1,-1.03,-217,-70,125,0.17,-0.02,0.05
670,15986,66,-0.01,1,-1.02,-230,-73,120,-0.03,-0.06,-0.03
694,15982,-68,-0.01,1,-1.03,-236,-58,116,-0.12,0.17,-0.09
638,15976,-126,-0.01,1,-1.03,-232,-63,126,-0.06,0.09,0.06
636,16006,-78,-0.01,1,-1.03,-222,-72,124,0.09,-0.05,0.03
594,16034,-118,-0.01,1,-1.03,-229,-68,126,-0.02,0.02,0.06
604,16048,-90,-0.01,1,-1.03,-227,-72,125,0.02,-0.05,0.05
580,15904,-102,-0.01,0.99,-1.03,-233,-72,125,-0.08,-0.05,0.05
642,16036,-186,-0.01,1,-1.04,-227,-77,125,0.02,-0.12,0.05
580,15984,16,-0.01,1,-1.02,-226,-62,122,0.03,0.11,0
620,15958,-4,-0.01,0.99,-1.03,-220,-69,121,0.12,0,-0.02
630,16004,48,-0.01,1,-1.02,-217,-61,128,0.17,0.12,0.09
618,15996,-36,-0.01,1,-1.03,-224,-64,122,0.06,0.08,0
618,16006,-56,-0.01,1,-1.03,-241,-78,132,-0.2,-0.14,0.15
504,15956,-132,-0.02,0.99,-1.03,-230,-74,127,-0.03,-0.08,0.08
632,15984,18,-0.01,1,-1.02,-229,-65,141,-0.02,0.06,0.29
620,16040,-148,-0.01,1,-1.03,-223,-63,128,0.08,0.09,0.09
668,15956,-74,-0.01,0.99,-1.03,-229,-78,121,-0.02,-0.14,-0.02
640,15998,-38,-0.01,1,-1.03,-229,-74,115,-0.02,-0.08,-0.11
584,15974,-126,-0.01,0.99,-1.03,-231,-71,135,-0.05,-0.03,0.2
592,16044,-54,-0.01,1,-1.03,-228,-70,129,0,-0.02,0.11
590,15968,-216,-0.01,0.99,-1.04,-224,-57,119,0.06,0.18,-0.05
608,15946,-6,-0.01,0.99,-1.03,-227,-62,131,0.02,0.11,0.14
526,15996,22,-0.02,1,-1.02,-223,-68,121,0.08,0.02,-0.02
664,15998,-24,-0.01,1,-1.03,-229,-71,125,-0.02,-0.03,0.05
602,15962,-120,-0.01,0.99,-1.03,-235,-78,122,-0.11,-0.14,0
640,16064,-44,-0.01,1,-1.03,-228,-66,128,0,0.05,0.09
508,15936,-16,-0.02,0.99,-1.03,-234,-62,124,-0.09,0.11,0.03
532,15958,-182,-0.02,0.99,-1.04,-228,-73,130,0,-0.06,0.12
598,16054,24,-0.01,1,-1.02,-230,-69,128,-0.03,0,0.09
550,15992,-112,-0.02,1,-1.03,-225,-64,119,0.05,0.08,-0.05
562,16012,-102,-0.02,1,-1.03,-234,-71,124,-0.09,-0.03,0.03
586,16040,-154,-0.01,1,-1.03,-232,-74,123,-0.06,-0.08,0.02
534,15940,-182,-0.02,0.99,-1.04,-234,-71,115,-0.09,-0.03,-0.11
614,15978,-70,-0.01,1,-1.03,-222,-69,125,0.09,0,0.05
596,15926,-38,-0.01,0.99,-1.03,-219,-65,129,0.14,0.06,0.11
642,15998,-168,-0.01,1,-1.04,-237,-69,124,-0.14,0,0.03
538,16046,-46,-0.02,1,-1.03,-234,-71,132,-0.09,-0.03,0.15
582,16034,-48,-0.01,1,-1.03,-234,-68,129,-0.09,0.02,0.11
604,15988,-82,-0.01,1,-1.03,-236,-68,126,-0.12,0.02,0.06
606,15970,-102,-0.01,0.99,-1.03,-226,-71,129,0.03,-0.03,0.11
620,16000,-140,-0.01,1,-1.03,-226,-75,121,0.03,-0.09,-0.02
608,16034,40,-0.01,1,-1.02,-223,-71,121,0.08,-0.03,-0.02
592,16054,-144,-0.01,1,-1.03,-229,-67,127,-0.02,0.03,0.08
556,16042,-80,-0.02,1,-1.03,-224,-60,127,0.06,0.14,0.08
608,15962,-64,-0.01,0.99,-1.03,-230,-82,123,-0.03,-0.2,0.02
568,15920,-36,-0.02,0.99,-1.03,-220,-66,132,0.12,0.05,0.15
586,15954,-44,-0.01,0.99,-1.03,-233,-63,128,-0.08,0.09,0.09
658,16012,24,-0.01,1,-1.02,-230,-72,128,-0.03,-0.05,0.09
646,15990,-46,-0.01,1,-1.03,-231,-66,121,-0.05,0.05,-0.02
590,15982,-8,-0.01,1,-1.03,-243,-68,125,-0.23,0.02,0.05
620,15972,-38,-0.01,0.99,-1.03,-235,-70,130,-0.11,-0.02,0.12
632,15934,58,-0.01,0.99,-1.02,-228,-69,114,0,0,-0.12
704,15978,22,-0.01,1,-1.02,-221,-60,129,0.11,0.14,0.11
628,15950,-48,-0.01,0.99,-1.03,-219,-74,125,0.14,-0.08,0.05
538,15978,-76,-0.02,1,-1.03,-225,-73,124,0.05,-0.06,0.03
704,16028,-46,-0.01,1,-1.03,-225,-72,125,0.05,-0.05,0.05
574,16072,-88,-0.01,1,-1.03,-230,-79,125,-0.03,-0.15,0.05
594,15962,-64,-0.01,0.99,-1.03,-224,-58,124,0.06,0.17,0.03
588,15950,-60,-0.01,0.99,-1.03,-224,-79,121,0.06,-0.15,-0.02
614,16014,26,-0.01,1,-1.02,-224,-72,117,0.06,-0.05,-0.08
562,15998,-98,-0.02,1,-1.03,-228,-60,125,0,0.14,0.05
570,15950,-102,-0.02,0.99,-1.03,-232,-76,124,-0.06,-0.11,0.03
526,15904,-118,-0.02,0.99,-1.03,-231,-69,124,-0.05,0,0.03
560,16004,42,-0.02,1,-1.02,-230,-64,127,-0.03,0.08,0.08
574,16004,-82,-0.01,1,-1.03,-235,-66,120,-0.11,0.05,-0.03
572,16036,-106,-0.01,1,-1.03,-220,-69,119,0.12,0,-0.05
570,15974,-120,-0.02,0.99,-1.03,-229,-74,126,-0.02,-0.08,0.06
646,15994,16,-0.01,1,-1.02,-231,-70,129,-0.05,-0.02,0.11
634,15992,-8,-0.01,1,-1.03,-230,-71,132,-0.03,-0.03,0.15
642,15936,-136,-0.01,0.99,-1.03,-221,-86,124,0.11,-0.26,0.03
614,16012,-56,-0.01,1,-1.03,-227,-71,128,0.02,-0.03,0.09
602,15988,-12,-0.01,1,-1.03,-226,-68,116,0.03,0.02,-0.09
620,15964,-114,-0.01,0.99,-1.03,-231,-61,129,-0.05,0.12,0.11
620,16022,28,-0.01,1,-1.02,-220,-69,128,0.12,0,0.09
658,16018,-124,-0.01,1,-1.03,-222,-69,132,0.09,0,0.15
612,16030,38,-0.01,1,-1.02,-222,-73,129,0.09,-0.06,0.11
526,15962,-10,-0.02,0.99,-1.03,-228,-70,126,0,-0.02,0.06
594,16124,-154,-0.01,1,-1.03,-226,-71,120,0.03,-0.03,-0.03
600,15952,-158,-0.01,0.99,-1.03,-220,-66,119,0.12,0.05,-0.05
536,15946,-66,-0.02,0.99,-1.03,-225,-65,130,0.05,0.06,0.12
568,15976,-12,-0.02,1,-1.03,-228,-62,125,0,0.11,0.05
616,16036,-88,-0.01,1,-1.03,-227,-71,120,0.02,-0.03,-0.03
612,15948,-114,-0.01,0.99,-1.03,-224,-68,124,0.06,0.02,0.03
574,15964,-2,-0.01,0.99,-1.03,-220,-69,119,0.12,0,-0.05
576,15914,-14,-0.01,0.99,-1.03,-227,-66,121,0.02,0.05,-0.02
602,15964,-58,-0.01,0.99,-1.03,-236,-68,129,-0.12,0.02,0.11
630,15960,88,-0.01,0.99,-1.02,-257,-69,150,-0.44,0,0.43
530,16046,-214,-0.02,1,-1.04,-248,-65,131,-0.31,0.06,0.14
514,15918,-204,-0.02,0.99,-1.04,-241,-66,136,-0.2,0.05,0.21
544,15948,-78,-0.02,0.99,-1.03,-209,-67,115,0.29,0.03,-0.11
522,15974,-14,-0.02,0.99,-1.03,-212,-65,101,0.24,0.06,-0.32
624,16010,80,-0.01,1,-1.02,-211,-73,116,0.26,-0.06,-0.09
666,16016,42,-0.01,1,-1.02,-225,-74,127,0.05,-0.08,0.08
658,15968,-154,-0.01,0.99,-1.03,-240,-66,134,-0.18,0.05,0.18
644,15972,-58,-0.01,0.99,-1.03,-242,-62,144,-0.21,0.11,0.34
570,15920,6,-0.02,0.99,-1.02,-237,-77,136,-0.14,-0.12,0.21
568,16040,-98,-0.02,1,-1.03,-233,-73,119,-0.08,-0.06,-0.05
598,15958,-146,-0.01,0.99,-1.03,-221,-62,117,0.11,0.11,-0.08
570,16044,-274,-0.02,1,-1.04,-216,-59,106,0.18,0.15,-0.24
622,16006,-24,-0.01,1,-1.03,-234,-75,115,-0.09,-0.09,-0.11
610,15972,-38,-0.01,0.99,-1.03,-227,-76,117,0.02,-0.11,-0.08
608,16062,56,-0.01,1,-1.02,-223,-65,124,0.08,0.06,0.03
558,15936,4,-0.02,0.99,-1.02,-227,-76,123,0.02,-0.11,0.02
564,16020,-58,-0.02,1,-1.03,-230,-67,120,-0.03,0.03,-0.03
656,15970,18,-0.01,0.99,-1.02,-223,-63,128,0.08,0.09,0.09
560,15952,12,-0.02,0.99,-1.02,-233,-70,128,-0.08,-0.02,0.09
618,16002,42,-0.01,1,-1.02,-244,-71,133,-0.24,-0.03,0.17
556,15932,-46,-0.02,0.99,-1.03,-230,-63,129,-0.03,0.09,0.11
658,16026,18,-0.01,1,-1.02,-233,-73,128,-0.08,-0.06,0.09
582,16020,-66,-0.01,1,-1.03,-235,-66,120,-0.11,0.05,-0.03
552,16042,38,-0.02,1,-1.02,-225,-73,121,0.05,-0.06,-0.02
534,15988,-66,-0.02,1,-1.03,-231,-63,125,-0.05,0.09,0.05
538,16000,-102,-0.02,1,-1.03,-224,-66,130,0.06,0.05,0.12
606,15998,-22,-0.01,1,-1.03,-230,-69,132,-0.03,0,0.15
562,16004,-46,-0.02,1,-1.03,-229,-60,126,-0.02,0.14,0.06
634,15964,-50,-0.01,0.99,-1.03,-230,-68,119,-0.03,0.02,-0.05
600,16010,-18,-0.01,1,-1.03,-224,-65,128,0.06,0.06,0.09
566,15996,-44,-0.02,1,-1.03,-231,-64,123,-0.05,0.08,0.02
610,15942,46,-0.01,0.99,-1.02,-229,-76,123,-0.02,-0.11,0.02
576,15982,-76,-0.01,1,-1.03,-232,-77,119,-0.06,-0.12,-0.05
608,15920,-38,-0.01,0.99,-1.03,-233,-62,124,-0.08,0.11,0.03
578,15974,-116,-0.01,0.99,-1.03,-227,-70,126,0.02,-0.02,0.06
590,16000,-84,-0.01,1,-1.03,-222,-70,119,0.09,-0.02,-0.05
596,16002,-162,-0.01,1,-1.03,-226,-77,117,0.03,-0.12,-0.08
640,15934,-44,-0.01,0.99,-1.03,-230,-69,126,-0.03,0,0.06
644,16036,-70,-0.01,1,-1.03,-225,-67,117,0.05,0.03,-0.08
658,16124,-54,-0.01,1,-1.03,-234,-66,119,-0.09,0.05,-0.05
590,15950,-4,-0.01,0.99,-1.03,-228,-63,133,0,0.09,0.17
612,15968,62,-0.01,0.99,-1.02,-225,-69,122,0.05,0,0
576,15984,-38,-0.01,1,-1.03,-231,-65,130,-0.05,0.06,0.12
590,16022,-14,-0.01,1,-1.03,-239,-77,130,-0.17,-0.12,0.12
592,16014,-62,-0.01,1,-1.03,-238,-74,129,-0.15,-0.08,0.11
610,15964,-100,-0.01,0.99,-1.03,-225,-72,125,0.05,-0.05,0.05
478,16080,-202,-0.02,1,-1.04,-220,-67,109,0.12,0.03,-0.2
650,15968,-48,-0.01,0.99,-1.03,-215,-80,109,0.2,-0.17,-0.2
558,15918,-132,-0.02,0.99,-1.03,-209,-68,117,0.29,0.02,-0.08
650,16022,90,-0.01,1,-1.02,-223,-65,118,0.08,0.06,-0.06
664,15940,-162,-0.01,0.99,-1.03,-230,-80,123,-0.03,-0.17,0.02
532,16034,0,-0.02,1,-1.03,-234,-78,124,-0.09,-0.14,0.03
570,15948,-248,-0.02,0.99,-1.04,-237,-78,131,-0.14,-0.14,0.14
600,16034,-114,-0.01,1,-1.03,-232,-66,121,-0.06,0.05,-0.02
628,15948,2,-0.01,0.99,-1.02,-221,-68,129,0.11,0.02,0.11
