accX,accY,accZ,accX_cal,accY_cal,accZ_cal,gyroX,gyroY,gyroZ,gyroX_cal,gyroY_cal,gyroZ_cal
-15556,134,174,-1,0.03,-1.01,-188,-515,208,0.61,-6.81,1.31
-13576,-1246,932,-0.88,-0.06,-0.97,86,696,-231,4.79,11.68,-5.39
-15670,-232,24,-1.01,0.01,-1.02,-225,-247,508,0.05,-2.72,5.89
-15772,-368,-174,-1.01,0,-1.04,-234,-4,29,-0.09,0.99,-1.42
-15266,-610,108,-0.98,-0.02,-1.02,-229,-79,111,-0.02,-0.15,-0.17
-15492,-614,-26,-1,-0.02,-1.03,-235,-57,129,-0.11,0.18,0.11
-15414,-614,-52,-0.99,-0.02,-1.03,-225,-63,127,0.05,0.09,0.08
-15408,-572,102,-0.99,-0.01,-1.02,-225,-62,117,0.05,0.11,-0.08
-15434,-554,0,-0.99,-0.01,-1.03,-223,-67,129,0.08,0.03,0.11
-15420,-542,64,-0.99,-0.01,-1.02,-223,-66,121,0.08,0.05,-0.02
-15378,-532,46,-0.99,-0.01,-1.02,-227,-66,126,0.02,0.05,0.06
-15326,-486,32,-0.99,-0.01,-1.02,-218,-77,122,0.15,-0.12,0
-15372,-508,72,-0.99,-0.01,-1.02,-235,-67,119,-0.11,0.03,-0.05
-15376,-558,42,-0.99,-0.01,-1.02,-226,-72,115,0.03,-0.05,-0.11
-15424,-490,74,-0.99,-0.01,-1.02,-239,-59,124,-0.17,0.15,0.03
-15328,-530,42,-0.99,-0.01,-1.02,-227,-70,124,0.02,-0.02,0.03
-15340,-514,22,-0.99,-0.01,-1.02,-224,-84,125,0.06,-0.23,0.05
-15362,-560,46,-0.99,-0.01,-1.02,-228,-66,122,0,0.05,0
-15374,-504,18,-0.99,-0.01,-1.02,-223,-84,132,0.08,-0.23,0.15
-15402,-508,-2,-0.99,-0.01,-1.03,-237,-81,126,-0.14,-0.18,0.06
-15396,-452,102,-0.99,-0.01,-1.02,-232,-83,135,-0.06,-0.21,0.2
-15498,-464,64,-1,-0.01,-1.02,-233,-83,122,-0.08,-0.21,0
-15308,-558,90,-0.98,-0.01,-1.02,-220,-77,149,0.12,-0.12,0.41
-15386,-480,0,-0.99,-0.01,-1.03,-230,-81,128,-0.03,-0.18,0.09
-15434,-472,40,-0.99,-0.01,-1.02,-231,-66,131,-0.05,0.05,0.14
-15408,-594,24,-0.99,-0.02,-1.02,-231,-68,120,-0.05,0.02,-0.03
-15456,-516,-8,-0.99,-0.01,-1.03,-233,-65,118,-0.08,0.06,-0.06
-15472,-552,16,-0.99,-0.01,-1.02,-229,-82,119,-0.02,-0.2,-0.05
-15456,-518,48,-0.99,-0.01,-1.02,-233,-69,131,-0.08,0,0.14
-15390,-528,-8,-0.99,-0.01,-1.03,-234,-71,123,-0.09,-0.03,0.02
-15350,-606,-68,-0.99,-0.02,-1.03,-234,-53,120,-0.09,0.24,-0.03
-15406,-478,0,-0.99,-0.01,-1.03,-216,-74,110,0.18,-0.08,-0.18
-15380,-538,44,-0.99,-0.01,-1.02,-226,-69,107,0.03,0,-0.23
-15388,-458,-30,-0.99,-0.01,-1.03,-228,-64,129,0,0.08,0.11
-15328,-586,80,-0.99,-0.02,-1.02,-228,-67,122,0,0.03,0
-15372,-466,2,-0.99,-0.01,-1.02,-236,-75,136,-0.12,-0.09,0.21
-15406,-590,-20,-0.99,-0.02,-1.03,-223,-73,129,0.08,-0.06,0.11
-15376,-516,62,-0.99,-0.01,-1.02,-227,-87,125,0.02,-0.27,0.05
-15416,-508,-94,-0.99,-0.01,-1.03,-231,-87,131,-0.05,-0.27,0.14
-15406,-564,-18,-0.99,-0.01,-1.03,-229,-67,135,-0.02,0.03,0.2
-15370,-592,4,-0.99,-0.02,-1.02,-221,-66,129,0.11,0.05,0.11
-15352,-542,28,-0.99,-0.01,-1.02,-225,-65,116,0.05,0.06,-0.09
-15416,-476,36,-0.99,-0.01,-1.02,-231,-67,120,-0.05,0.03,-0.03
-15360,-592,-16,-0.99,-0.02,-1.03,-227,-62,132,0.02,0.11,0.15
-15402,-516,56,-0.99,-0.01,-1.02,-228,-58,137,0,0.17,0.23
-15384,-564,178,-0.99,-0.01,-1.01,-226,-70,110,0.03,-0.02,-0.18
-15460,-544,40,-0.99,-0.01,-1.02,-227,-66,131,0.02,0.05,0.14
-15402,-522,-50,-0.99,-0.01,-1.03,-233,-75,129,-0.08,-0.09,0.11
-15308,-516,98,-0.98,-0.01,-1.02,-227,-71,125,0.02,-0.03,0.05
-15406,-582,8,-0.99,-0.02,-1.02,-225,-77,117,0.05,-0.12,-0.08
-15418,-560,-78,-0.99,-0.01,-1.03,-230,-80,123,-0.03,-0.17,0.02
-15346,-566,2,-0.99,-0.01,-1.02,-233,-71,122,-0.08,-0.03,0
-15380,-544,46,-0.99,-0.01,-1.02,-231,-67,118,-0.05,0.03,-0.06
-15474,-512,-50,-0.99,-0.01,-1.03,-225,-71,120,0.05,-0.03,-0.03
-15290,-490,-88,-0.98,-0.01,-1.03,-237,-58,112,-0.14,0.17,-0.15
-15390,-448,-40,-0.99,-0.01,-1.03,-236,-33,143,-0.12,0.55,0.32
-15278,-664,98,-0.98,-0.02,-1.02,-230,-77,109,-0.03,-0.12,-0.2
-15428,-436,26,-0.99,-0.01,-1.02,-234,-83,151,-0.09,-0.21,0.44
-15408,-638,100,-0.99,-0.02,-1.02,-225,-77,133,0.05,-0.12,0.17
-15412,-480,84,-0.99,-0.01,-1.02,-229,-92,133,-0.02,-0.35,0.17
-15440,-552,-32,-0.99,-0.01,-1.03,-221,-70,134,0.11,-0.02,0.18
-15376,-496,-42,-0.99,-0.01,-1.03,-226,-92,140,0.03,-0.35,0.27
-15366,-580,-8,-0.99,-0.02,-1.03,-223,-75,124,0.08,-0.09,0.03
-15356,-502,-72,-0.99,-0.01,-1.03,-228,-80,135,0,-0.17,0.2
-15476,-544,-26,-0.99,-0.01,-1.03,-231,-69,125,-0.05,0,0.05
-15440,-516,-32,-0.99,-0.01,-1.03,-233,-62,138,-0.08,0.11,0.24
-15418,-550,-56,-0.99,-0.01,-1.03,-231,-67,122,-0.05,0.03,0
-15362,-462,14,-0.99,-0.01,-1.02,-224,-66,120,0.06,0.05,-0.03
-15422,-554,114,-0.99,-0.01,-1.02,-226,-66,121,0.03,0.05,-0.02
-15390,-478,2,-0.99,-0.01,-1.02,-231,-62,120,-0.05,0.11,-0.03
-15380,-476,32,-0.99,-0.01,-1.02,-216,-66,121,0.18,0.05,-0.02
-15394,-512,26,-0.99,-0.01,-1.02,-229,-69,129,-0.02,0,0.11
-15384,-436,54,-0.99,-0.01,-1.02,-237,-81,111,-0.14,-0.18,-0.17
-15420,-436,-88,-0.99,-0.01,-1.03,-227,-76,133,0.02,-0.11,0.17
-15470,-482,24,-0.99,-0.01,-1.02,-225,-70,144,0.05,-0.02,0.34
-15372,-436,42,-0.99,-0.01,-1.02,-229,-75,128,-0.02,-0.09,0.09
-15358,-522,-80,-0.99,-0.01,-1.03,-239,-82,129,-0.17,-0.2,0.11
-15426,-588,-42,-0.99,-0.02,-1.03,-231,-82,130,-0.05,-0.2,0.12
-15400,-454,76,-0.99,-0.01,-1.02,-224,-69,126,0.06,0,0.06
-15402,-590,-44,-0.99,-0.02,-1.03,-226,-69,130,0.03,0,0.12
-15350,-556,-114,-0.99,-0.01,-1.03,-232,-50,122,-0.06,0.29,0
-15388,-526,-24,-0.99,-0.01,-1.03,-231,-69,121,-0.05,0,-0.02
-15352,-488,-60,-0.99,-0.01,-1.03,-227,-59,130,0.02,0.15,0.12
-15358,-570,70,-0.99,-0.01,-1.02,-234,-71,128,-0.09,-0.03,0.09
-15354,-466,-120,-0.99,-0.01,-1.03,-226,-70,129,0.03,-0.02,0.11
-15384,-514,20,-0.99,-0.01,-1.02,-225,-68,120,0.05,0.02,-0.03
-15436,-446,46,-0.99,-0.01,-1.02,-230,-74,127,-0.03,-0.08,0.08
-15450,-502,-28,-0.99,-0.01,-1.03,-223,-70,121,0.08,-0.02,-0.02
-15330,-514,92,-0.99,-0.01,-1.02,-237,-61,123,-0.14,0.12,0.02
-15300,-478,114,-0.98,-0.01,-1.02,-233,-81,124,-0.08,-0.18,0.03
-15406,-526,82,-0.99,-0.01,-1.02,-231,-65,127,-0.05,0.06,0.08
-15410,-528,-16,-0.99,-0.01,-1.03,-235,-72,132,-0.11,-0.05,0.15
-15414,-656,14,-0.99,-0.02,-1.02,-229,-75,136,-0.02,-0.09,0.21
-15396,-532,62,-0.99,-0.01,-1.02,-230,-66,122,-0.03,0.05,0
-15392,-518,-78,-0.99,-0.01,-1.03,-235,-75,120,-0.11,-0.09,-0.03
-15456,-464,-52,-0.99,-0.01,-1.03,-223,-76,113,0.08,-0.11,-0.14
-15378,-462,16,-0.99,-0.01,-1.02,-235,-72,115,-0.11,-0.05,-0.11
-15412,-534,-100,-0.99,-0.01,-1.03,-225,-71,126,0.05,-0.03,0.06
-15336,-566,-42,-0.99,-0.01,-1.03,-226,-62,128,0.03,0.11,0.09
-15320,-562,-82,-0.98,-0.01,-1.03,-228,-67,126,0,0.03,0.06
-15410,-506,-60,-0.99,-0.01,-1.03,-229,-59,126,-0.02,0.15,0.06
-15406,-516,-10,-0.99,-0.01,-1.03,-228,-73,128,0,-0.06,0.09
-15402,-608,-128,-0.99,-0.02,-1.03,-237,-69,129,-0.14,0,0.11
-15344,-554,-60,-0.99,-0.01,-1.03,-226,-74,130,0.03,-0.08,0.12
-15498,-548,56,-1,-0.01,-1.02,-231,-78,118,-0.05,-0.14,-0.06
-15470,-560,112,-0.99,-0.01,-1.02,-231,-70,118,-0.05,-0.02,-0.06
-15436,-564,108,-0.99,-0.01,-1.02,-227,-62,121,0.02,0.11,-0.02
-15412,-522,8,-0.99,-0.01,-1.02,-235,-69,127,-0.11,0,0.08
-15358,-606,-16,-0.99,-0.02,-1.03,-228,-67,118,0,0.03,-0.06
-15344,-528,66,-0.99,-0.01,-1.02,-230,-72,130,-0.03,-0.05,0.12
-15382,-466,20,-0.99,-0.01,-1.02,-231,-64,120,-0.05,0.08,-0.03
-15338,-582,-8,-0.99,-0.02,-1.03,-230,-73,131,-0.03,-0.06,0.14
-15400,-574,-60,-0.99,-0.02,-1.03,-229,-67,121,-0.02,0.03,-0.02
-15422,-518,-4,-0.99,-0.01,-1.03,-231,-69,136,-0.05,0,0.21
-15410,-500,108,-0.99,-0.01,-1.02,-234,-79,124,-0.09,-0.15,0.03
-15398,-512,168,-0.99,-0.01,-1.01,-231,-77,128,-0.05,-0.12,0.09
-15390,-536,2,-0.99,-0.01,-1.02,-237,-69,127,-0.14,0,0.08
-15426,-572,38,-0.99,-0.01,-1.02,-232,-70,129,-0.06,-0.02,0.11
-15354,-502,-66,-0.99,-0.01,-1.03,-231,-74,131,-0.05,-0.08,0.14
-15434,-538,2,-0.99,-0.01,-1.02,-226,-66,121,0.03,0.05,-0.02
-15312,-530,52,-0.98,-0.01,-1.02,-217,-67,133,0.17,0.03,0.17
-15368,-514,36,-0.99,-0.01,-1.02,-230,-63,132,-0.03,0.09,0.15
-15372,-528,-12,-0.99,-0.01,-1.03,-230,-73,123,-0.03,-0.06,0.02
-15412,-540,-22,-0.99,-0.01,-1.03,-238,-68,132,-0.15,0.02,0.15
-15390,-558,-22,-0.99,-0.01,-1.03,-225,-66,118,0.05,0.05,-0.06
-15452,-470,78,-0.99,-0.01,-1.02,-238,-71,125,-0.15,-0.03,0.05
-15472,-552,-76,-0.99,-0.01,-1.03,-230,-61,125,-0.03,0.12,0.05
-15386,-560,-78,-0.99,-0.01,-1.03,-231,-74,126,-0.05,-0.08,0.06
-15396,-530,-34,-0.99,-0.01,-1.03,-231,-58,133,-0.05,0.17,0.17
-15352,-570,-32,-0.99,-0.01,-1.03,-235,-79,131,-0.11,-0.15,0.14
-15448,-526,-20,-0.99,-0.01,-1.03,-224,-65,108,0.06,0.06,-0.21
-15398,-558,24,-0.99,-0.01,-1.02,-235,-68,129,-0.11,0.02,0.11
-15402,-448,-126,-0.99,-0.01,-1.03,-227,-75,117,0.02,-0.09,-0.08
-15358,-550,-66,-0.99,-0.01,-1.03,-233,-64,126,-0.08,0.08,0.06
-15368,-580,28,-0.99,-0.02,-1.02,-235,-67,128,-0.11,0.03,0.09
-15334,-582,104,-0.99,-0.02,-1.02,-233,-66,126,-0.08,0.05,0.06
-15454,-584,-42,-0.99,-0.02,-1.03,-232,-61,128,-0.06,0.12,0.09
-15370,-542,54,-0.99,-0.01,-1.02,-228,-66,121,0,0.05,-0.02
-15386,-546,56,-0.99,-0.01,-1.02,-236,-64,122,-0.12,0.08,0
-15400,-506,14,-0.99,-0.01,-1.02,-233,-73,122,-0.08,-0.06,0
-15358,-568,-120,-0.99,-0.01,-1.03,-224,-69,124,0.06,0,0.03
-15348,-496,-20,-0.99,-0.01,-1.03,-229,-75,122,-0.02,-0.09,0
-15382,-482,46,-0.99,-0.01,-1.02,-230,-75,126,-0.03,-0.09,0.06
-15444,-478,-80,-0.99,-0.01,-1.03,-225,-68,132,0.05,0.02,0.15
-15444,-600,30,-0.99,-0.02,-1.02,-222,-72,126,0.09,-0.05,0.06
-15352,-600,130,-0.99,-0.02,-1.02,-224,-77,138,0.06,-0.12,0.24
-15412,-586,-14,-0.99,-0.02,-1.03,-231,-71,129,-0.05,-0.03,0.11
-15382,-526,-10,-0.99,-0.01,-1.03,-236,-60,125,-0.12,0.14,0.05
-15398,-458,-62,-0.99,-0.01,-1.03,-232,-72,126,-0.06,-0.05,0.06
-15350,-468,34,-0.99,-0.01,-1.02,-230,-59,130,-0.03,0.15,0.12
-15376,-548,-20,-0.99,-0.01,-1.03,-225,-62,125,0.05,0.11,0.05
-15440,-538,56,-0.99,-0.01,-1.02,-233,-74,121,-0.08,-0.08,-0.02
-15396,-552,-18,-0.99,-0.01,-1.03,-227,-59,118,0.02,0.15,-0.06
-15390,-500,52,-0.99,-0.01,-1.02,-226,-68,121,0.03,0.02,-0.02
-15440,-594,-38,-0.99,-0.02,-1.03,-233,-74,134,-0.08,-0.08,0.18
-15428,-500,0,-0.99,-0.01,-1.03,-233,-68,132,-0.08,0.02,0.15
-15370,-490,8,-0.99,-0.01,-1.02,-222,-73,132,0.09,-0.06,0.15
-15358,-522,-18,-0.99,-0.01,-1.03,-230,-65,121,-0.03,0.06,-0.02
-15470,-580,2,-0.99,-0.02,-1.02,-221,-72,127,0.11,-0.05,0.08
-15432,-578,-60,-0.99,-0.02,-1.03,-223,-69,122,0.08,0,0
-15384,-504,94,-0.99,-0.01,-1.02,-232,-76,124,-0.06,-0.11,0.03
-15384,-510,96,-0.99,-0.01,-1.02,-225,-62,124,0.05,0.11,0.03
-15342,-480,110,-0.99,-0.01,-1.02,-229,-65,114,-0.02,0.06,-0.12
-15308,-544,14,-0.98,-0.01,-1.02,-236,-67,127,-0.12,0.03,0.08
-15394,-484,-64,-0.99,-0.01,-1.03,-229,-67,126,-0.02,0.03,0.06
-15374,-548,52,-0.99,-0.01,-1.02,-231,-73,123,-0.05,-0.06,0.02
-15326,-512,-46,-0.99,-0.01,-1.03,-228,-71,116,0,-0.03,-0.09
-15306,-534,62,-0.98,-0.01,-1.02,-227,-63,123,0.02,0.09,0.02
-15394,-626,54,-0.99,-0.02,-1.02,-226,-79,124,0.03,-0.15,0.03
-15414,-512,80,-0.99,-0.01,-1.02,-235,-73,127,-0.11,-0.06,0.08
-15440,-532,8,-0.99,-0.01,-1.02,-227,-69,121,0.02,0,-0.02
-15452,-606,0,-0.99,-0.02,-1.03,-235,-73,124,-0.11,-0.06,0.03
-15398,-506,-150,-0.99,-0.01,-1.03,-229,-74,122,-0.02,-0.08,0
-15430,-562,-2,-0.99,-0.01,-1.03,-236,-78,125,-0.12,-0.14,0.05
-15514,-570,82,-1,-0.01,-1.02,-232,-71,129,-0.06,-0.03,0.11
-15420,-474,88,-0.99,-0.01,-1.02,-230,-68,118,-0.03,0.02,-0.06
-15370,-554,76,-0.99,-0.01,-1.02,-231,-65,129,-0.05,0.06,0.11
-15392,-540,16,-0.99,-0.01,-1.02,-222,-59,121,0.09,0.15,-0.02
-15344,-508,-2,-0.99,-0.01,-1.03,-218,-72,125,0.15,-0.05,0.05
-15454,-486,90,-0.99,-0.01,-1.02,-219,-75,126,0.14,-0.09,0.06
-15388,-598,38,-0.99,-0.02,-1.02,-220,-79,132,0.12,-0.15,0.15
-15352,-530,50,-0.99,-0.01,-1.02,-221,-73,126,0.11,-0.06,0.06
-15418,-538,40,-0.99,-0.01,-1.02,-225,-68,129,0.05,0.02,0.11
-15442,-580,8,-0.99,-0.02,-1.02,-231,-71,123,-0.05,-0.03,0.02
-15438,-542,-68,-0.99,-0.01,-1.03,-227,-63,129,0.02,0.09,0.11
-15434,-532,38,-0.99,-0.01,-1.02,-229,-69,128,-0.02,0,0.09
-15422,-532,64,-0.99,-0.01,-1.02,-226,-67,126,0.03,0.03,0.06
-15364,-538,30,-0.99,-0.01,-1.02,-234,-73,133,-0.09,-0.06,0.17
-15376,-572,-46,-0.99,-0.01,-1.03,-231,-70,122,-0.05,-0.02,0
-15394,-514,20,-0.99,-0.01,-1.02,-230,-66,126,-0.03,0.05,0.06
-15418,-542,102,-0.99,-0.01,-1.02,-236,-57,120,-0.12,0.18,-0.03
-15416,-512,10,-0.99,-0.01,-1.02,-228,-71,130,0,-0.03,0.12
-15350,-582,-16,-0.99,-0.02,-1.03,-223,-72,137,0.08,-0.05,0.23
-15334,-584,-20,-0.99,-0.02,-1.03,-228,-69,123,0,0,0.02
-15438,-526,86,-0.99,-0.01,-1.02,-225,-74,125,0.05,-0.08,0.05
-15378,-514,-198,-0.99,-0.01,-1.04,-227,-71,121,0.02,-0.03,-0.02
-15444,-490,56,-0.99,-0.01,-1.02,-232,-71,130,-0.06,-0.03,0.12
-15360,-580,-40,-0.99,-0.02,-1.03,-236,-71,130,-0.12,-0.03,0.12
-15410,-478,20,-0.99,-0.01,-1.02,-222,-66,131,0.09,0.05,0.14
-15344,-602,52,-0.99,-0.02,-1.02,-227,-72,117,0.02,-0.05,-0.08
-15456,-508,-90,-0.99,-0.01,-1.03,-226,-64,131,0.03,0.08,0.14
-15406,-536,-12,-0.99,-0.01,-1.03,-225,-64,129,0.05,0.08,0.11
-15398,-530,-10,-0.99,-0.01,-1.03,-223,-71,128,0.08,-0.03,0.09
-15402,-554,140,-0.99,-0.01,-1.02,-223,-63,118,0.08,0.09,-0.06
-15436,-430,74,-0.99,-0.01,-1.02,-225,-65,123,0.05,0.06,0.02
-15428,-554,-60,-0.99,-0.01,-1.03,-230,-72,124,-0.03,-0.05,0.03
-15432,-546,156,-0.99,-0.01,-1.02,-236,-68,122,-0.12,0.02,0
-15304,-568,-50,-0.98,-0.01,-1.03,-226,-74,128,0.03,-0.08,0.09
-15358,-486,10,-0.99,-0.01,-1.02,-228,-72,137,0,-0.05,0.23
-15426,-532,28,-0.99,-0.01,-1.02,-219,-87,124,0.14,-0.27,0.03
-15466,-534,-124,-0.99,-0.01,-1.03,-227,-67,116,0.02,0.03,-0.09
-15376,-500,-18,-0.99,-0.01,-1.03,-224,-70,132,0.06,-0.02,0.15
-15366,-580,38,-0.99,-0.02,-1.02,-225,-67,129,0.05,0.03,0.11
-15410,-612,-72,-0.99,-0.02,-1.03,-228,-61,113,0,0.12,-0.14
-15402,-538,-38,-0.99,-0.01,-1.03,-224,-63,124,0.06,0.09,0.03
-15374,-522,-36,-0.99,-0.01,-1.03,-224,-60,129,0.06,0.14,0.11
-15384,-566,116,-0.99,-0.01,-1.02,-235,-71,131,-0.11,-0.03,0.14
-15340,-680,-4,-0.99,-0.02,-1.03,-234,-71,122,-0.09,-0.03,0
-15338,-560,114,-0.99,-0.01,-1.02,-236,-72,118,-0.12,-0.05,-0.06
-15420,-564,46,-0.99,-0.01,-1.02,-230,-83,132,-0.03,-0.21,0.15
-15410,-560,128,-0.99,-0.01,-1.02,-233,-71,130,-0.08,-0.03,0.12
-15434,-508,20,-0.99,-0.01,-1.02,-235,-87,138,-0.11,-0.27,0.24
-15392,-578,-10,-0.99,-0.02,-1.03,-235,-78,133,-0.11,-0.14,0.17
-15392,-538,96,-0.99,-0.01,-1.02,-225,-79,128,0.05,-0.15,0.09
-15392,-480,-36,-0.99,-0.01,-1.03,-231,-72,125,-0.05,-0.05,0.05
-15406,-574,-32,-0.99,-0.02,-1.03,-239,-71,126,-0.17,-0.03,0.06
-15460,-468,-18,-0.99,-0.01,-1.03,-235,-73,124,-0.11,-0.06,0.03
-15384,-472,-44,-0.99,-0.01,-1.03,-230,-68,127,-0.03,0.02,0.08
-15470,-534,18,-0.99,-0.01,-1.02,-227,-67,137,0.02,0.03,0.23
-15400,-578,-74,-0.99,-0.02,-1.03,-228,-75,132,0,-0.09,0.15
-15338,-510,-90,-0.99,-0.01,-1.03,-233,-64,127,-0.08,0.08,0.08
-15394,-458,-2,-0.99,-0.01,-1.03,-226,-64,125,0.03,0.08,0.05
-15442,-516,0,-0.99,-0.01,-1.03,-230,-71,130,-0.03,-0.03,0.12
-15388,-556,-6,-0.99,-0.01,-1.03,-228,-72,127,0,-0.05,0.08
-15406,-502,2,-0.99,-0.01,-1.02,-238,-67,123,-0.15,0.03,0.02
-15456,-564,-6,-0.99,-0.01,-1.03,-231,-66,123,-0.05,0.05,0.02
-15406,-564,-66,-0.99,-0.01,-1.03,-230,-71,127,-0.03,-0.03,0.08
-15496,-570,-134,-1,-0.01,-1.03,-229,-67,123,-0.02,0.03,0.02
-15336,-504,-14,-0.99,-0.01,-1.03,-231,-69,122,-0.05,0,0
-15466,-546,0,-0.99,-0.01,-1.03,-227,-62,121,0.02,0.11,-0.02
-15412,-542,60,-0.99,-0.01,-1.02,-223,-73,122,0.08,-0.06,0
-15430,-528,42,-0.99,-0.01,-1.02,-237,-77,127,-0.14,-0.12,0.08
-15362,-526,-28,-0.99,-0.01,-1.03,-225,-65,124,0.05,0.06,0.03
-15408,-466,-98,-0.99,-0.01,-1.03,-227,-72,122,0.02,-0.05,0
-15388,-520,12,-0.99,-0.01,-1.02,-232,-68,137,-0.06,0.02,0.23
-15424,-508,-74,-0.99,-0.01,-1.03,-234,-70,123,-0.09,-0.02,0.02
-15396,-532,62,-0.99,-0.01,-1.02,-230,-73,123,-0.03,-0.06,0.02
-15450,-472,64,-0.99,-0.01,-1.02,-231,-67,122,-0.05,0.03,0
-15362,-566,-68,-0.99,-0.01,-1.03,-231,-71,131,-0.05,-0.03,0.14
-15372,-566,-80,-0.99,-0.01,-1.03,-227,-60,122,0.02,0.14,0
-15442,-498,46,-0.99,-0.01,-1.02,-225,-69,113,0.05,0,-0.14
-15390,-614,-14,-0.99,-0.02,-1.03,-226,-68,122,0.03,0.02,0
-15352,-512,22,-0.99,-0.01,-1.02,-231,-66,128,-0.05,0.05,0.09
-15392,-568,64,-0.99,-0.01,-1.02,-237,-65,118,-0.14,0.06,-0.06
-15424,-476,78,-0.99,-0.01,-1.02,-232,-74,126,-0.06,-0.08,0.06
-15418,-586,68,-0.99,-0.02,-1.02,-229,-65,126,-0.02,0.06,0.06
-15290,-480,-130,-0.98,-0.01,-1.03,-220,-71,122,0.12,-0.03,0
-15448,-598,-8,-0.99,-0.02,-1.03,-237,-66,122,-0.14,0.05,0
-15492,-508,-26,-1,-0.01,-1.03,-225,-78,126,0.05,-0.14,0.06
-15458,-490,40,-0.99,-0.01,-1.02,-229,-74,124,-0.02,-0.08,0.03
-15402,-620,-22,-0.99,-0.02,-1.03,-230,-67,126,-0.03,0.03,0.06
-15384,-534,-62,-0.99,-0.01,-1.03,-222,-79,128,0.09,-0.15,0.09
-15408,-444,12,-0.99,-0.01,-1.02,-231,-80,135,-0.05,-0.17,0.2
-15434,-504,32,-0.99,-0.01,-1.02,-224,-60,121,0.06,0.14,-0.02
-15448,-518,-16,-0.99,-0.01,-1.03,-232,-69,134,-0.06,0,0.18
-15378,-634,24,-0.99,-0.02,-1.02,-225,-83,128,0.05,-0.21,0.09
-15388,-584,-14,-0.99,-0.02,-1.03,-228,-78,128,0,-0.14,0.09
-15374,-506,-10,-0.99,-0.01,-1.03,-234,-67,128,-0.09,0.03,0.09
-15378,-510,88,-0.99,-0.01,-1.02,-224,-79,130,0.06,-0.15,0.12
-15276,-518,-54,-0.98,-0.01,-1.03,-237,-73,120,-0.14,-0.06,-0.03
-15420,-536,-74,-0.99,-0.01,-1.03,-230,-64,120,-0.03,0.08,-0.03
-15378,-500,22,-0.99,-0.01,-1.02,-228,-71,126,0,-0.03,0.06
-15370,-480,4,-0.99,-0.01,-1.02,-230,-67,119,-0.03,0.03,-0.05
-15326,-564,6,-0.99,-0.01,-1.02,-224,-58,123,0.06,0.17,0.02
-15450,-558,-46,-0.99,-0.01,-1.03,-226,-65,131,0.03,0.06,0.14
-15342,-538,64,-0.99,-0.01,-1.02,-216,-67,119,0.18,0.03,-0.05
-15382,-494,16,-0.99,-0.01,-1.02,-236,-71,126,-0.12,-0.03,0.06
-15426,-530,-18,-0.99,-0.01,-1.03,-230,-81,127,-0.03,-0.18,0.08
-15378,-538,4,-0.99,-0.01,-1.02,-235,-75,116,-0.11,-0.09,-0.09
-15456,-626,100,-0.99,-0.02,-1.02,-224,-62,132,0.06,0.11,0.15
-15420,-528,-44,-0.99,-0.01,-1.03,-226,-69,119,0.03,0,-0.05
-15458,-502,20,-0.99,-0.01,-1.02,-228,-74,126,0,-0.08,0.06
-15334,-518,-6,-0.99,-0.01,-1.03,-220,-64,125,0.12,0.08,0.05
-15384,-604,-64,-0.99,-0.02,-1.03,-230,-71,129,-0.03,-0.03,0.11
-15452,-566,10,-0.99,-0.01,-1.02,-229,-66,132,-0.02,0.05,0.15
-15376,-430,-8,-0.99,-0.01,-1.03,-227,-78,123,0.02,-0.14,0.02
-15378,-546,-20,-0.99,-0.01,-1.03,-224,-74,113,0.06,-0.08,-0.14
-15458,-504,-44,-0.99,-0.01,-1.03,-235,-61,122,-0.11,0.12,0
-15378,-488,50,-0.99,-0.01,-1.02,-227,-74,118,0.02,-0.08,-0.06
-15426,-488,-44,-0.99,-0.01,-1.03,-226,-68,125,0.03,0.02,0.05
-15406,-506,48,-0.99,-0.01,-1.02,-235,-64,125,-0.11,0.08,0.05
-15334,-544,60,-0.99,-0.01,-1.02,-229,-72,128,-0.02,-0.05,0.09
-15404,-600,-64,-0.99,-0.02,-1.03,-227,-70,118,0.02,-0.02,-0.06
-15406,-530,34,-0.99,-0.01,-1.02,-223,-64,120,0.08,0.08,-0.03
-15432,-548,84,-0.99,-0.01,-1.02,-221,-68,124,0.11,0.02,0.03
-15424,-498,162,-0.99,-0.01,-1.02,-236,-60,130,-0.12,0.14,0.12
-15364,-504,-62,-0.99,-0.01,-1.03,-226,-67,127,0.03,0.03,0.08
-15400,-472,4,-0.99,-0.01,-1.02,-226,-70,115,0.03,-0.02,-0.11
-15376,-562,30,-0.99,-0.01,-1.02,-221,-64,122,0.11,0.08,0
-15350,-520,28,-0.99,-0.01,-1.02,-224,-69,116,0.06,0,-0.09
-15350,-540,-174,-0.99,-0.01,-1.04,-227,-70,130,0.02,-0.02,0.12
-15380,-498,8,-0.99,-0.01,-1.02,-229,-76,126,-0.02,-0.11,0.06
-15368,-454,-24,-0.99,-0.01,-1.03,-234,-76,119,-0.09,-0.11,-0.05
-15472,-562,2,-0.99,-0.01,-1.02,-224,-58,132,0.06,0.17,0.15
-15390,-448,20,-0.99,-0.01,-1.02,-232,-81,118,-0.06,-0.18,-0.06
-15398,-478,24,-0.99,-0.01,-1.02,-224,-69,122,0.06,0,0
-15402,-582,-124,-0.99,-0.02,-1.03,-225,-67,122,0.05,0.03,0
-15390,-496,96,-0.99,-0.01,-1.02,-226,-70,119,0.03,-0.02,-0.05
-15414,-494,28,-0.99,-0.01,-1.02,-231,-71,126,-0.05,-0.03,0.06
-15438,-558,86,-0.99,-0.01,-1.02,-227,-71,130,0.02,-0.03,0.12
-15448,-506,72,-0.99,-0.01,-1.02,-224,-67,127,0.06,0.03,0.08
-15378,-556,24,-0.99,-0.01,-1.02,-232,-81,134,-0.06,-0.18,0.18
-15354,-492,-48,-0.99,-0.01,-1.03,-229,-83,127,-0.02,-0.21,0.08
-15410,-504,-8,-0.99,-0.01,-1.03,-223,-75,131,0.08,-0.09,0.14
-15392,-480,-98,-0.99,-0.01,-1.03,-234,-65,125,-0.09,0.06,0.05
-15408,-504,-104,-0.99,-0.01,-1.03,-230,-68,118,-0.03,0.02,-0.06
-15434,-480,42,-0.99,-0.01,-1.02,-229,-66,115,-0.02,0.05,-0.11
-15476,-574,14,-0.99,-0.02,-1.02,-224,-64,124,0.06,0.08,0.03
-15328,-576,56,-0.99,-0.02,-1.02,-227,-69,133,0.02,0,0.17
-15368,-564,0,-0.99,-0.01,-1.03,-226,-72,129,0.03,-0.05,0.11
-15398,-610,32,-0.99,-0.02,-1.02,-227,-83,128,0.02,-0.21,0.09
-15330,-550,12,-0.99,-0.01,-1.02,-236,-68,114,-0.12,0.02,-0.12
-15406,-568,58,-0.99,-0.01,-1.02,-231,-71,124,-0.05,-0.03,0.03
-15468,-512,-72,-0.99,-0.01,-1.03,-235,-69,121,-0.11,0,-0.02
-15348,-514,86,-0.99,-0.01,-1.02,-231,-68,120,-0.05,0.02,-0.03
-15380,-522,38,-0.99,-0.01,-1.02,-232,-80,123,-0.06,-0.17,0.02
-15404,-528,42,-0.99,-0.01,-1.02,-230,-66,118,-0.03,0.05,-0.06
-15386,-544,104,-0.99,-0.01,-1.02,-224,-74,125,0.06,-0.08,0.05
-15420,-600,0,-0.99,-0.02,-1.03,-234,-66,132,-0.09,0.05,0.15
-15388,-496,-26,-0.99,-0.01,-1.03,-230,-63,122,-0.03,0.09,0
-15346,-454,64,-0.99,-0.01,-1.02,-236,-70,126,-0.12,-0.02,0.06
-15346,-482,18,-0.99,-0.01,-1.02,-229,-63,113,-0.02,0.09,-0.14
-15376,-528,-32,-0.99,-0.01,-1.03,-232,-70,123,-0.06,-0.02,0.02
-15424,-552,84,-0.99,-0.01,-1.02,-219,-69,117,0.14,0,-0.08
-15404,-496,-40,-0.99,-0.01,-1.03,-238,-79,119,-0.15,-0.15,-0.05
-15360,-566,96,-0.99,-0.01,-1.02,-226,-69,115,0.03,0,-0.11
-15424,-616,14,-0.99,-0.02,-1.02,-221,-56,122,0.11,0.2,0
-15328,-554,-94,-0.99,-0.01,-1.03,-223,-74,127,0.08,-0.08,0.08
-15336,-546,-116,-0.99,-0.01,-1.03,-215,-75,123,0.2,-0.09,0.02
-15390,-566,14,-0.99,-0.01,-1.02,-229,-67,131,-0.02,0.03,0.14
-15374,-502,6,-0.99,-0.01,-1.02,-224,-64,128,0.06,0.08,0.09
-15394,-492,64,-0.99,-0.01,-1.02,-219,-67,124,0.14,0.03,0.03
-15370,-518,-6,-0.99,-0.01,-1.03,-227,-77,122,0.02,-0.12,0
-15466,-596,66,-0.99,-0.02,-1.02,-231,-64,121,-0.05,0.08,-0.02
-15414,-566,-4,-0.99,-0.01,-1.03,-233,-66,123,-0.08,0.05,0.02
-15426,-582,-38,-0.99,-0.02,-1.03,-225,-56,121,0.05,0.2,-0.02
-15478,-542,-84,-0.99,-0.01,-1.03,-224,-80,128,0.06,-0.17,0.09
-15334,-486,-88,-0.99,-0.01,-1.03,-230,-78,120,-0.03,-0.14,-0.03
-15362,-576,-70,-0.99,-0.02,-1.03,-226,-59,126,0.03,0.15,0.06
-15424,-502,40,-0.99,-0.01,-1.02,-238,-77,123,-0.15,-0.12,0.02
-15418,-516,94,-0.99,-0.01,-1.02,-226,-64,124,0.03,0.08,0.03
-15356,-562,-88,-0.99,-0.01,-1.03,-234,-76,120,-0.09,-0.11,-0.03
-15468,-504,8,-0.99,-0.01,-1.02,-229,-55,123,-0.02,0.21,0.02
-15408,-554,124,-0.99,-0.01,-1.02,-237,-65,136,-0.14,0.06,0.21
-15300,-580,94,-0.98,-0.02,-1.02,-226,-82,122,0.03,-0.2,0
-15442,-506,-58,-0.99,-0.01,-1.03,-230,-73,125,-0.03,-0.06,0.05
-15286,-620,92,-0.98,-0.02,-1.02,-233,-91,128,-0.08,-0.34,0.09
-15368,-582,-76,-0.99,-0.02,-1.03,-231,-74,112,-0.05,-0.08,-0.15
-15378,-582,60,-0.99,-0.02,-1.02,-232,-73,121,-0.06,-0.06,-0.02
-15448,-560,-82,-0.99,-0.01,-1.03,-224,-56,128,0.06,0.2,0.09
-15468,-510,108,-0.99,-0.01,-1.02,-218,-57,119,0.15,0.18,-0.05
-15454,-514,16,-0.99,-0.01,-1.02,-229,-69,122,-0.02,0,0
-15282,-552,114,-0.98,-0.01,-1.02,-227,-53,122,0.02,0.24,0
-15410,-530,-96,-0.99,-0.01,-1.03,-231,-68,121,-0.05,0.02,-0.02
-15412,-614,74,-0.99,-0.02,-1.02,-233,-62,114,-0.08,0.11,-0.12
-15468,-512,-56,-0.99,-0.01,-1.03,-225,-84,116,0.05,-0.23,-0.09
-15366,-510,-14,-0.99,-0.01,-1.03,-231,-72,134,-0.05,-0.05,0.18
-15402,-624,-132,-0.99,-0.02,-1.03,-233,-72,117,-0.08,-0.05,-0.08
-15388,-470,54,-0.99,-0.01,-1.02,-236,-69,124,-0.12,0,0.03
-15304,-550,44,-0.98,-0.01,-1.02,-238,-67,123,-0.15,0.03,0.02
-15460,-566,-72,-0.99,-0.01,-1.03,-234,-64,125,-0.09,0.08,0.05
-15348,-518,20,-0.99,-0.01,-1.02,-233,-66,126,-0.08,0.05,0.06
-15436,-546,-58,-0.99,-0.01,-1.03,-219,-69,132,0.14,0,0.15
-15292,-528,92,-0.98,-0.01,-1.02,-227,-61,135,0.02,0.12,0.2
-15466,-530,-50,-0.99,-0.01,-1.03,-230,-60,126,-0.03,0.14,0.06
-15450,-426,-90,-0.99,-0.01,-1.03,-223,-78,129,0.08,-0.14,0.11
-15396,-500,-80,-0.99,-0.01,-1.03,-226,-72,128,0.03,-0.05,0.09
-15296,-480,-16,-0.98,-0.01,-1.03,-232,-59,121,-0.06,0.15,-0.02
-15446,-634,92,-0.99,-0.02,-1.02,-235,-66,129,-0.11,0.05,0.11
-15366,-478,-64,-0.99,-0.01,-1.03,-229,-49,130,-0.02,0.31,0.12
-15402,-500,164,-0.99,-0.01,-1.01,-227,-73,113,0.02,-0.06,-0.14
-15544,-540,-14,-1,-0.01,-1.03,-225,-73,119,0.05,-0.06,-0.05
-15354,-528,-48,-0.99,-0.01,-1.03,-225,-57,132,0.05,0.18,0.15
-15358,-552,6,-0.99,-0.01,-1.02,-227,-70,120,0.02,-0.02,-0.03
-15424,-570,-138,-0.99,-0.01,-1.03,-234,-75,131,-0.09,-0.09,0.14
-15334,-542,-86,-0.99,-0.01,-1.03,-223,-72,132,0.08,-0.05,0.15
-15340,-526,60,-0.99,-0.01,-1.02,-231,-72,124,-0.05,-0.05,0.03
-15438,-518,52,-0.99,-0.01,-1.02,-229,-65,127,-0.02,0.06,0.08
-15320,-610,-40,-0.98,-0.02,-1.03,-222,-68,121,0.09,0.02,-0.02
-15404,-486,-10,-0.99,-0.01,-1.03,-229,-69,127,-0.02,0,0.08
-15434,-600,0,-0.99,-0.02,-1.03,-223,-72,122,0.08,-0.05,0
-15430,-600,144,-0.99,-0.02,-1.02,-229,-69,132,-0.02,0,0.15
-15430,-522,28,-0.99,-0.01,-1.02,-230,-63,126,-0.03,0.09,0.06
-15400,-496,-28,-0.99,-0.01,-1.03,-224,-71,121,0.06,-0.03,-0.02
-15388,-528,2,-0.99,-0.01,-1.02,-235,-57,130,-0.11,0.18,0.12
-15412,-522,-4,-0.99,-0.01,-1.03,-229,-62,124,-0.02,0.11,0.03
-15422,-464,54,-0.99,-0.01,-1.02,-229,-59,134,-0.02,0.15,0.18
-15414,-574,-20,-0.99,-0.02,-1.03,-228,-67,132,0,0.03,0.15
-15426,-558,-6,-0.99,-0.01,-1.03,-230,-61,117,-0.03,0.12,-0.08
-15434,-504,48,-0.99,-0.01,-1.02,-232,-69,119,-0.06,0,-0.05
-15414,-510,-48,-0.99,-0.01,-1.03,-237,-72,121,-0.14,-0.05,-0.02
-15406,-544,-82,-0.99,-0.01,-1.03,-222,-80,135,0.09,-0.17,0.2
-15366,-578,-30,-0.99,-0.02,-1.03,-230,-68,119,-0.03,0.02,-0.05
-15332,-522,-22,-0.99,-0.01,-1.03,-225,-71,128,0.05,-0.03,0.09
-15336,-562,-110,-0.99,-0.01,-1.03,-233,-65,129,-0.08,0.06,0.11
-15386,-554,-86,-0.99,-0.01,-1.03,-224,-67,119,0.06,0.03,-0.05
-15416,-572,-46,-0.99,-0.01,-1.03,-230,-72,125,-0.03,-0.05,0.05
-15412,-566,20,-0.99,-0.01,-1.02,-229,-64,114,-0.02,0.08,-0.12
-15390,-520,28,-0.99,-0.01,-1.02,-229,-61,121,-0.02,0.12,-0.02
-15426,-426,56,-0.99,-0.01,-1.02,-234,-62,127,-0.09,0.11,0.08
-15394,-536,56,-0.99,-0.01,-1.02,-225,-64,125,0.05,0.08,0.05
-15396,-510,76,-0.99,-0.01,-1.02,-220,-75,131,0.12,-0.09,0.14
-15438,-558,98,-0.99,-0.01,-1.02,-231,-74,122,-0.05,-0.08,0
-15418,-544,-74,-0.99,-0.01,-1.03,-221,-69,123,0.11,0,0.02
-15380,-524,-62,-0.99,-0.01,-1.03,-223,-68,127,0.08,0.02,0.08
-15420,-554,108,-0.99,-0.01,-1.02,-226,-74,128,0.03,-0.08,0.09
-15344,-530,-130,-0.99,-0.01,-1.03,-218,-70,126,0.15,-0.02,0.06
-15334,-474,-24,-0.99,-0.01,-1.03,-233,-84,125,-0.08,-0.23,0.05
-15472,-582,-148,-0.99,-0.02,-1.03,-225,-75,121,0.05,-0.09,-0.02
-15360,-608,-44,-0.99,-0.02,-1.03,-216,-74,130,0.18,-0.08,0.12
-15408,-532,-86,-0.99,-0.01,-1.03,-229,-69,126,-0.02,0,0.06
-15410,-560,-74,-0.99,-0.01,-1.03,-226,-74,121,0.03,-0.08,-0.02
-15392,-576,32,-0.99,-0.02,-1.02,-239,-68,122,-0.17,0.02,0
-15396,-544,74,-0.99,-0.01,-1.02,-227,-71,126,0.02,-0.03,0.06
-15344,-548,10,-0.99,-0.01,-1.02,-235,-65,122,-0.11,0.06,0
-15434,-508,0,-0.99,-0.01,-1.03,-228,-73,123,0,-0.06,0.02
-15412,-598,-34,-0.99,-0.02,-1.03,-233,-63,136,-0.08,0.09,0.21
-15358,-596,-60,-0.99,-0.02,-1.03,-224,-63,138,0.06,0.09,0.24
-15390,-582,-34,-0.99,-0.02,-1.03,-220,-63,115,0.12,0.09,-0.11
-15406,-536,-14,-0.99,-0.01,-1.03,-226,-57,129,0.03,0.18,0.11
-15442,-556,16,-0.99,-0.01,-1.02,-227,-65,126,0.02,0.06,0.06
-15398,-600,42,-0.99,-0.02,-1.02,-233,-61,137,-0.08,0.12,0.23
-15404,-512,108,-0.99,-0.01,-1.02,-229,-67,117,-0.02,0.03,-0.08
-15416,-532,8,-0.99,-0.01,-1.02,-229,-61,118,-0.02,0.12,-0.06
-15426,-544,-30,-0.99,-0.01,-1.03,-227,-69,115,0.02,0,-0.11
-15402,-478,34,-0.99,-0.01,-1.02,-234,-60,123,-0.09,0.14,0.02
-15318,-546,0,-0.98,-0.01,-1.03,-227,-65,120,0.02,0.06,-0.03
-15376,-522,-96,-0.99,-0.01,-1.03,-233,-75,123,-0.08,-0.09,0.02
-15400,-504,-44,-0.99,-0.01,-1.03,-237,-59,123,-0.14,0.15,0.02
-15454,-546,-10,-0.99,-0.01,-1.03,-232,-83,126,-0.06,-0.21,0.06
-15438,-500,36,-0.99,-0.01,-1.02,-235,-59,128,-0.11,0.15,0.09
-15420,-504,-138,-0.99,-0.01,-1.03,-215,-76,119,0.2,-0.11,-0.05
-15360,-602,62,-0.99,-0.02,-1.02,-225,-60,127,0.05,0.14,0.08
-15342,-522,-56,-0.99,-0.01,-1.03,-226,-72,119,0.03,-0.05,-0.05
-15380,-544,16,-0.99,-0.01,-1.02,-225,-65,125,0.05,0.06,0.05
-15368,-508,64,-0.99,-0.01,-1.02,-221,-75,120,0.11,-0.09,-0.03
-15382,-454,16,-0.99,-0.01,-1.02,-228,-60,123,0,0.14,0.02
-15378,-524,84,-0.99,-0.01,-1.02,-223,-74,123,0.08,-0.08,0.02
-15344,-568,28,-0.99,-0.01,-1.02,-224,-57,134,0.06,0.18,0.18
-15380,-548,-100,-0.99,-0.01,-1.03,-223,-76,133,0.08,-0.11,0.17
-15406,-538,-80,-0.99,-0.01,-1.03,-229,-66,125,-0.02,0.05,0.05
-15384,-480,-76,-0.99,-0.01,-1.03,-240,-57,129,-0.18,0.18,0.11
-15400,-540,10,-0.99,-0.01,-1.02,-222,-69,124,0.09,0,0.03
-15422,-528,-110,-0.99,-0.01,-1.03,-230,-72,128,-0.03,-0.05,0.09
-15416,-564,30,-0.99,-0.01,-1.02,-229,-64,130,-0.02,0.08,0.12
-15362,-502,114,-0.99,-0.01,-1.02,-222,-66,131,0.09,0.05,0.14
-15416,-492,-78,-0.99,-0.01,-1.03,-229,-68,126,-0.02,0.02,0.06
-15386,-506,10,-0.99,-0.01,-1.02,-235,-83,121,-0.11,-0.21,-0.02
-15356,-520,2,-0.99,-0.01,-1.02,-224,-70,125,0.06,-0.02,0.05
-15362,-610,-12,-0.99,-0.02,-1.03,-225,-65,129,0.05,0.06,0.11
-15426,-542,166,-0.99,-0.01,-1.01,-226,-75,116,0.03,-0.09,-0.09
-15348,-550,-166,-0.99,-0.01,-1.04,-234,-77,126,-0.09,-0.12,0.06
-15434,-536,-18,-0.99,-0.01,-1.03,-226,-64,116,0.03,0.08,-0.09
-15478,-458,-114,-0.99,-0.01,-1.03,-224,-67,135,0.06,0.03,0.2
-15342,-522,-10,-0.99,-0.01,-1.03,-222,-67,124,0.09,0.03,0.03
-15456,-524,26,-0.99,-0.01,-1.02,-232,-64,134,-0.06,0.08,0.18
-15412,-520,-30,-0.99,-0.01,-1.03,-220,-76,118,0.12,-0.11,-0.06
-15376,-564,20,-0.99,-0.01,-1.02,-236,-77,130,-0.12,-0.12,0.12
-15430,-576,-44,-0.99,-0.02,-1.03,-226,-74,118,0.03,-0.08,-0.06
-15432,-548,-122,-0.99,-0.01,-1.03,-234,-67,119,-0.09,0.03,-0.05
-15430,-548,150,-0.99,-0.01,-1.02,-221,-61,119,0.11,0.12,-0.05
-15386,-506,-54,-0.99,-0.01,-1.03,-229,-70,116,-0.02,-0.02,-0.09
-15382,-506,58,-0.99,-0.01,-1.02,-227,-62,122,0.02,0.11,0
-15312,-504,-58,-0.98,-0.01,-1.03,-224,-75,130,0.06,-0.09,0.12
-15376,-552,132,-0.99,-0.01,-1.02,-219,-72,122,0.14,-0.05,0
-15398,-482,-42,-0.99,-0.01,-1.03,-231,-74,117,-0.05,-0.08,-0.08
-15424,-510,78,-0.99,-0.01,-1.02,-232,-74,120,-0.06,-0.08,-0.03
-15406,-516,-98,-0.99,-0.01,-1.03,-226,-83,122,0.03,-0.21,0
-15380,-574,-12,-0.99,-0.02,-1.03,-235,-73,129,-0.11,-0.06,0.11
-15424,-490,-18,-0.99,-0.01,-1.03,-230,-68,119,-0.03,0.02,-0.05
-15410,-604,32,-0.99,-0.02,-1.02,-232,-67,116,-0.06,0.03,-0.09
-15386,-562,-50,-0.99,-0.01,-1.03,-233,-77,122,-0.08,-0.12,0
-15386,-506,-52,-0.99,-0.01,-1.03,-233,-64,123,-0.08,0.08,0.02
-15350,-476,-20,-0.99,-0.01,-1.03,-228,-70,120,0,-0.02,-0.03
-15390,-586,106,-0.99,-0.02,-1.02,-235,-72,131,-0.11,-0.05,0.14
-15404,-452,20,-0.99,-0.01,-1.02,-232,-69,123,-0.06,0,0.02
-15484,-464,-38,-0.99,-0.01,-1.03,-225,-58,125,0.05,0.17,0.05
-15364,-510,-78,-0.99,-0.01,-1.03,-224,-71,118,0.06,-0.03,-0.06
-15392,-524,-138,-0.99,-0.01,-1.03,-223,-77,121,0.08,-0.12,-0.02
-15360,-528,24,-0.99,-0.01,-1.02,-221,-68,127,0.11,0.02,0.08
-15434,-568,28,-0.99,-0.01,-1.02,-232,-72,119,-0.06,-0.05,-0.05
-15328,-492,-28,-0.99,-0.01,-1.03,-234,-76,122,-0.09,-0.11,0
-15452,-614,28,-0.99,-0.02,-1.02,-226,-69,117,0.03,0,-0.08
-15368,-444,-50,-0.99,-0.01,-1.03,-231,-66,125,-0.05,0.05,0.05
-15390,-584,38,-0.99,-0.02,-1.02,-229,-64,124,-0.02,0.08,0.03
-15402,-474,28,-0.99,-0.01,-1.02,-228,-70,129,0,-0.02,0.11
-15402,-500,88,-0.99,-0.01,-1.02,-231,-77,115,-0.05,-0.12,-0.11
-15416,-520,-62,-0.99,-0.01,-1.03,-227,-71,116,0.02,-0.03,-0.09
-15386,-584,-86,-0.99,-0.02,-1.03,-226,-61,116,0.03,0.12,-0.09
-15386,-550,-32,-0.99,-0.01,-1.03,-230,-66,121,-0.03,0.05,-0.02
-15392,-574,-70,-0.99,-0.02,-1.03,-227,-73,128,0.02,-0.06,0.09
-15438,-532,28,-0.99,-0.01,-1.02,-228,-65,133,0,0.06,0.17
-15366,-572,-26,-0.99,-0.01,-1.03,-228,-68,116,0,0.02,-0.09
-15404,-502,24,-0.99,-0.01,-1.02,-231,-66,121,-0.05,0.05,-0.02
-15410,-564,8,-0.99,-0.01,-1.02,-224,-66,123,0.06,0.05,0.02
-15358,-556,16,-0.99,-0.01,-1.02,-222,-63,124,0.09,0.09,0.03
-15374,-558,-4,-0.99,-0.01,-1.03,-233,-76,128,-0.08,-0.11,0.09
-15406,-522,-24,-0.99,-0.01,-1.03,-229,-79,131,-0.02,-0.15,0.14
-15400,-580,-62,-0.99,-0.02,-1.03,-235,-58,122,-0.11,0.17,0
-15404,-574,-80,-0.99,-0.02,-1.03,-223,-71,123,0.08,-0.03,0.02
-15362,-528,-44,-0.99,-0.01,-1.03,-228,-66,117,0,0.05,-0.08
-15360,-528,-26,-0.99,-0.01,-1.03,-233,-74,117,-0.08,-0.08,-0.08
-15332,-498,-2,-0.99,-0.01,-1.03,-220,-79,123,0.12,-0.15,0.02
-15440,-530,-12,-0.99,-0.01,-1.03,-218,-58,136,0.15,0.17,0.21
-15320,-500,-18,-0.98,-0.01,-1.03,-229,-69,131,-0.02,0,0.14
-15352,-604,0,-0.99,-0.02,-1.03,-224,-68,133,0.06,0.02,0.17
-15444,-502,24,-0.99,-0.01,-1.02,-229,-62,122,-0.02,0.11,0
-15472,-546,2,-0.99,-0.01,-1.02,-232,-67,126,-0.06,0.03,0.06
-15364,-490,-70,-0.99,-0.01,-1.03,-228,-60,139,0,0.14,0.26
-15398,-490,-18,-0.99,-0.01,-1.03,-238,-66,122,-0.15,0.05,0
-15378,-558,32,-0.99,-0.01,-1.02,-229,-77,122,-0.02,-0.12,0
-15474,-504,64,-0.99,-0.01,-1.02,-228,-73,127,0,-0.06,0.08
-15428,-642,-28,-0.99,-0.02,-1.03,-229,-69,130,-0.02,0,0.12
-15376,-548,130,-0.99,-0.01,-1.02,-227,-68,121,0.02,0.02,-0.02
-15320,-498,10,-0.98,-0.01,-1.02,-230,-73,124,-0.03,-0.06,0.03
-15378,-596,-36,-0.99,-0.02,-1.03,-228,-65,124,0,0.06,0.03
-15388,-538,-30,-0.99,-0.01,-1.03,-224,-75,117,0.06,-0.09,-0.08
-15428,-530,26,-0.99,-0.01,-1.02,-230,-86,126,-0.03,-0.26,0.06
-15360,-490,40,-0.99,-0.01,-1.02,-223,-69,120,0.08,0,-0.03
-15386,-546,30,-0.99,-0.01,-1.02,-221,-65,123,0.11,0.06,0.02
-15406,-532,64,-0.99,-0.01,-1.02,-219,-64,117,0.14,0.08,-0.08
-15394,-580,34,-0.99,-0.02,-1.02,-228,-62,121,0,0.11,-0.02
-15368,-602,-106,-0.99,-0.02,-1.03,-228,-60,133,0,0.14,0.17
-15424,-490,-152,-0.99,-0.01,-1.03,-224,-69,125,0.06,0,0.05
-15428,-510,-28,-0.99,-0.01,-1.03,-230,-61,123,-0.03,0.12,0.02
-15392,-542,70,-0.99,-0.01,-1.02,-227,-70,121,0.02,-0.02,-0.02
-15360,-536,64,-0.99,-0.01,-1.02,-228,-71,129,0,-0.03,0.11
-15368,-556,-60,-0.99,-0.01,-1.03,-224,-70,128,0.06,-0.02,0.09
-15406,-488,-28,-0.99,-0.01,-1.03,-233,-74,125,-0.08,-0.08,0.05
-15352,-564,-44,-0.99,-0.01,-1.03,-227,-83,122,0.02,-0.21,0
-15396,-502,-32,-0.99,-0.01,-1.03,-224,-72,129,0.06,-0.05,0.11
-15424,-626,-8,-0.99,-0.02,-1.03,-232,-65,115,-0.06,0.06,-0.11
-15378,-586,-44,-0.99,-0.02,-1.03,-226,-73,115,0.03,-0.06,-0.11
-15414,-514,130,-0.99,-0.01,-1.02,-227,-67,129,0.02,0.03,0.11
-15344,-568,-38,-0.99,-0.01,-1.03,-227,-61,124,0.02,0.12,0.03
-15478,-556,22,-0.99,-0.01,-1.02,-227,-65,125,0.02,0.06,0.05
-15408,-524,40,-0.99,-0.01,-1.02,-236,-66,116,-0.12,0.05,-0.09
-15368,-526,-36,-0.99,-0.01,-1.03,-226,-63,116,0.03,0.09,-0.09
-15404,-588,24,-0.99,-0.02,-1.02,-225,-64,123,0.05,0.08,0.02
-15390,-536,116,-0.99,-0.01,-1.02,-231,-78,119,-0.05,-0.14,-0.05
-15382,-578,-88,-0.99,-0.02,-1.03,-224,-84,117,0.06,-0.23,-0.08
-15426,-592,-78,-0.99,-0.02,-1.03,-228,-73,122,0,-0.06,0
-15454,-596,-96,-0.99,-0.02,-1.03,-227,-73,123,0.02,-0.06,0.02
-15352,-498,84,-0.99,-0.01,-1.02,-220,-78,130,0.12,-0.14,0.12
-15402,-506,18,-0.99,-0.01,-1.02,-226,-61,121,0.03,0.12,-0.02
-15364,-512,40,-0.99,-0.01,-1.02,-229,-75,131,-0.02,-0.09,0.14
-15444,-522,0,-0.99,-0.01,-1.03,-231,-68,122,-0.05,0.02,0
-15354,-534,12,-0.99,-0.01,-1.02,-226,-67,131,0.03,0.03,0.14
-15418,-546,88,-0.99,-0.01,-1.02,-235,-64,126,-0.11,0.08,0.06
-15418,-524,-70,-0.99,-0.01,-1.03,-228,-79,125,0,-0.15,0.05
-15328,-528,-30,-0.99,-0.01,-1.03,-219,-74,130,0.14,-0.08,0.12
-15378,-584,140,-0.99,-0.02,-1.02,-233,-63,136,-0.08,0.09,0.21
-15388,-514,-16,-0.99,-0.01,-1.03,-227,-77,129,0.02,-0.12,0.11
-15322,-554,-12,-0.99,-0.01,-1.03,-233,-77,124,-0.08,-0.12,0.03
-15398,-488,-138,-0.99,-0.01,-1.03,-229,-79,124,-0.02,-0.15,0.03
-15396,-548,32,-0.99,-0.01,-1.02,-229,-78,127,-0.02,-0.14,0.08
-15354,-482,10,-0.99,-0.01,-1.02,-223,-63,119,0.08,0.09,-0.05
-15462,-592,-50,-0.99,-0.02,-1.03,-229,-85,122,-0.02,-0.24,0
-15418,-538,-10,-0.99,-0.01,-1.03,-225,-62,115,0.05,0.11,-0.11
-15334,-456,44,-0.99,-0.01,-1.02,-229,-63,121,-0.02,0.09,-0.02
-15440,-518,-16,-0.99,-0.01,-1.03,-226,-66,132,0.03,0.05,0.15
-15396,-616,-50,-0.99,-0.02,-1.03,-227,-70,130,0.02,-0.02,0.12
-15376,-562,-18,-0.99,-0.01,-1.03,-222,-71,128,0.09,-0.03,0.09
-15398,-640,130,-0.99,-0.02,-1.02,-226,-70,118,0.03,-0.02,-0.06
-15284,-558,-18,-0.98,-0.01,-1.03,-231,-68,128,-0.05,0.02,0.09
-15424,-562,98,-0.99,-0.01,-1.02,-228,-59,133,0,0.15,0.17
-15436,-490,20,-0.99,-0.01,-1.02,-232,-78,118,-0.06,-0.14,-0.06
-15374,-528,-32,-0.99,-0.01,-1.03,-239,-80,129,-0.17,-0.17,0.11
-15406,-564,-42,-0.99,-0.01,-1.03,-222,-72,127,0.09,-0.05,0.08
-15406,-522,14,-0.99,-0.01,-1.02,-220,-80,123,0.12,-0.17,0.02
-15400,-470,52,-0.99,-0.01,-1.02,-224,-65,126,0.06,0.06,0.06
-15400,-524,-120,-0.99,-0.01,-1.03,-231,-70,114,-0.05,-0.02,-0.12
-15414,-536,-46,-0.99,-0.01,-1.03,-225,-76,123,0.05,-0.11,0.02
-15370,-510,-52,-0.99,-0.01,-1.03,-228,-68,126,0,0.02,0.06
-15468,-492,2,-0.99,-0.01,-1.02,-232,-62,127,-0.06,0.11,0.08
-15414,-584,-10,-0.99,-0.02,-1.03,-228,-69,119,0,0,-0.05
-15362,-588,98,-0.99,-0.02,-1.02,-228,-74,110,0,-0.08,-0.18
-15422,-492,2,-0.99,-0.01,-1.02,-235,-67,131,-0.11,0.03,0.14
-15380,-528,60,-0.99,-0.01,-1.02,-233,-68,125,-0.08,0.02,0.05
-15406,-592,-42,-0.99,-0.02,-1.03,-228,-73,118,0,-0.06,-0.06
-15324,-512,-150,-0.99,-0.01,-1.03,-220,-62,112,0.12,0.11,-0.15
-15332,-544,66,-0.99,-0.01,-1.02,-232,-71,122,-0.06,-0.03,0
-15420,-470,-64,-0.99,-0.01,-1.03,-222,-72,127,0.09,-0.05,0.08
-15466,-542,152,-0.99,-0.01,-1.02,-227,-71,128,0.02,-0.03,0.09
-15380,-510,16,-0.99,-0.01,-1.02,-217,-64,131,0.17,0.08,0.14
-15366,-526,-148,-0.99,-0.01,-1.03,-225,-78,126,0.05,-0.14,0.06
-15324,-568,14,-0.99,-0.01,-1.02,-217,-88,119,0.17,-0.29,-0.05
-15420,-564,22,-0.99,-0.01,-1.02,-232,-71,127,-0.06,-0.03,0.08
-15330,-594,-64,-0.99,-0.02,-1.03,-226,-82,126,0.03,-0.2,0.06
-15406,-526,14,-0.99,-0.01,-1.02,-226,-62,129,0.03,0.11,0.11
-15402,-570,60,-0.99,-0.01,-1.02,-234,-77,130,-0.09,-0.12,0.12
-15500,-510,-60,-1,-0.01,-1.03,-226,-62,112,0.03,0.11,-0.15
-15386,-522,24,-0.99,-0.01,-1.02,-224,-70,118,0.06,-0.02,-0.06
-15398,-426,-84,-0.99,-0.01,-1.03,-229,-67,125,-0.02,0.03,0.05
-15404,-576,-38,-0.99,-0.02,-1.03,-230,-60,135,-0.03,0.14,0.2
-15400,-506,-78,-0.99,-0.01,-1.03,-233,-77,114,-0.08,-0.12,-0.12
-15370,-568,-14,-0.99,-0.01,-1.03,-236,-77,118,-0.12,-0.12,-0.06
-15368,-474,38,-0.99,-0.01,-1.02,-220,-59,120,0.12,0.15,-0.03
-15408,-566,-12,-0.99,-0.01,-1.03,-230,-71,122,-0.03,-0.03,0
-15330,-566,40,-0.99,-0.01,-1.02,-227,-76,127,0.02,-0.11,0.08
-15328,-484,14,-0.99,-0.01,-1.02,-230,-69,124,-0.03,0,0.03
-15448,-470,-20,-0.99,-0.01,-1.03,-231,-75,118,-0.05,-0.09,-0.06
-15446,-568,-22,-0.99,-0.01,-1.03,-226,-75,131,0.03,-0.09,0.14
-15416,-590,-44,-0.99,-0.02,-1.03,-234,-74,115,-0.09,-0.08,-0.11
-15376,-518,6,-0.99,-0.01,-1.02,-228,-70,129,0,-0.02,0.11
-15378,-538,30,-0.99,-0.01,-1.02,-235,-82,134,-0.11,-0.2,0.18
-15404,-454,-50,-0.99,-0.01,-1.03,-225,-77,118,0.05,-0.12,-0.06
-15466,-622,18,-0.99,-0.02,-1.02,-229,-70,129,-0.02,-0.02,0.11
-15484,-522,48,-0.99,-0.01,-1.02,-232,-73,129,-0.06,-0.06,0.11
-15402,-560,-28,-0.99,-0.01,-1.03,-236,-75,125,-0.12,-0.09,0.05
-15362,-530,-72,-0.99,-0.01,-1.03,-218,-62,111,0.15,0.11,-0.17
-15392,-544,-8,-0.99,-0.01,-1.03,-230,-71,124,-0.03,-0.03,0.03
-15398,-478,66,-0.99,-0.01,-1.02,-217,-70,119,0.17,-0.02,-0.05
-15384,-600,80,-0.99,-0.02,-1.02,-233,-63,118,-0.08,0.09,-0.06
-15400,-478,94,-0.99,-0.01,-1.02,-232,-68,114,-0.06,0.02,-0.12
-15416,-578,-146,-0.99,-0.02,-1.03,-230,-60,127,-0.03,0.14,0.08
-15426,-524,-106,-0.99,-0.01,-1.03,-231,-72,132,-0.05,-0.05,0.15
-15404,-584,4,-0.99,-0.02,-1.02,-223,-65,118,0.08,0.06,-0.06
-15466,-598,-66,-0.99,-0.02,-1.03,-230,-68,128,-0.03,0.02,0.09
-15410,-520,-22,-0.99,-0.01,-1.03,-229,-67,131,-0.02,0.03,0.14
-15452,-492,-30,-0.99,-0.01,-1.03,-234,-75,126,-0.09,-0.09,0.06
-15492,-544,2,-1,-0.01,-1.02,-229,-68,126,-0.02,0.02,0.06
-15436,-502,48,-0.99,-0.01,-1.02,-235,-76,127,-0.11,-0.11,0.08
-15332,-448,56,-0.99,-0.01,-1.02,-234,-68,132,-0.09,0.02,0.15
-15474,-512,-12,-0.99,-0.01,-1.03,-231,-72,130,-0.05,-0.05,0.12
-15362,-570,-20,-0.99,-0.01,-1.03,-229,-59,127,-0.02,0.15,0.08
-15398,-550,88,-0.99,-0.01,-1.02,-228,-74,120,0,-0.08,-0.03
-15384,-506,48,-0.99,-0.01,-1.02,-228,-71,121,0,-0.03,-0.02
-15400,-516,156,-0.99,-0.01,-1.02,-224,-63,127,0.06,0.09,0.08
-15426,-564,80,-0.99,-0.01,-1.02,-225,-66,113,0.05,0.05,-0.14
-15392,-582,-132,-0.99,-0.02,-1.03,-233,-63,127,-0.08,0.09,0.08
-15454,-548,-66,-0.99,-0.01,-1.03,-231,-75,123,-0.05,-0.09,0.02
-15406,-534,0,-0.99,-0.01,-1.03,-241,-70,131,-0.2,-0.02,0.14
-15430,-490,-66,-0.99,-0.01,-1.03,-226,-72,123,0.03,-0.05,0.02
-15448,-494,-58,-0.99,-0.01,-1.03,-225,-74,131,0.05,-0.08,0.14
-15392,-540,54,-0.99,-0.01,-1.02,-232,-65,125,-0.06,0.06,0.05
-15460,-504,-42,-0.99,-0.01,-1.03,-226,-66,122,0.03,0.05,0
-15504,-532,66,-1,-0.01,-1.02,-232,-65,124,-0.06,0.06,0.03
-15344,-526,50,-0.99,-0.01,-1.02,-231,-70,133,-0.05,-0.02,0.17
-15392,-506,2,-0.99,-0.01,-1.02,-229,-63,120,-0.02,0.09,-0.03
-15352,-528,-38,-0.99,-0.01,-1.03,-234,-62,123,-0.09,0.11,0.02
-15436,-514,110,-0.99,-0.01,-1.02,-228,-66,129,0,0.05,0.11
-15418,-498,32,-0.99,-0.01,-1.02,-233,-64,131,-0.08,0.08,0.14
-15426,-482,-2,-0.99,-0.01,-1.03,-225,-71,129,0.05,-0.03,0.11
-15352,-506,-120,-0.99,-0.01,-1.03,-233,-75,124,-0.08,-0.09,0.03
-15400,-420,-54,-0.99,-0.01,-1.03,-224,-79,130,0.06,-0.15,0.12
-15386,-606,-26,-0.99,-0.02,-1.03,-220,-72,123,0.12,-0.05,0.02
-15406,-544,8,-0.99,-0.01,-1.02,-219,-68,127,0.14,0.02,0.08
-15440,-524,-12,-0.99,-0.01,-1.03,-220,-78,126,0.12,-0.14,0.06
-15422,-422,100,-0.99,-0.01,-1.02,-230,-65,127,-0.03,0.06,0.08
-15390,-560,-32,-0.99,-0.01,-1.03,-224,-72,125,0.06,-0.05,0.05
-15372,-504,-100,-0.99,-0.01,-1.03,-229,-74,120,-0.02,-0.08,-0.03
-15412,-556,-64,-0.99,-0.01,-1.03,-223,-69,119,0.08,0,-0.05
-15402,-498,40,-0.99,-0.01,-1.02,-225,-73,119,0.05,-0.06,-0.05
-15392,-544,54,-0.99,-0.01,-1.02,-228,-79,123,0,-0.15,0.02
-15410,-502,2,-0.99,-0.01,-1.02,-227,-76,126,0.02,-0.11,0.06
-15260,-506,78,-0.98,-0.01,-1.02,-226,-70,132,0.03,-0.02,0.15
-15406,-474,16,-0.99,-0.01,-1.02,-221,-78,113,0.11,-0.14,-0.14
-15318,-552,-40,-0.98,-0.01,-1.03,-233,-63,119,-0.08,0.09,-0.05
-15440,-512,14,-0.99,-0.01,-1.02,-215,-75,128,0.2,-0.09,0.09
-15400,-556,74,-0.99,-0.01,-1.02,-228,-69,126,0,0,0.06
-15454,-524,40,-0.99,-0.01,-1.02,-230,-74,123,-0.03,-0.08,0.02
-15366,-666,18,-0.99,-0.02,-1.02,-217,-75,121,0.17,-0.09,-0.02
-15382,-552,54,-0.99,-0.01,-1.02,-226,-76,118,0.03,-0.11,-0.06
-15390,-514,-60,-0.99,-0.01,-1.03,-222,-57,114,0.09,0.18,-0.12
-15398,-542,-22,-0.99,-0.01,-1.03,-231,-68,131,-0.05,0.02,0.14
-15484,-538,-84,-0.99,-0.01,-1.03,-235,-70,117,-0.11,-0.02,-0.08
-15444,-568,-44,-0.99,-0.01,-1.03,-224,-67,123,0.06,0.03,0.02
-15410,-552,22,-0.99,-0.01,-1.02,-220,-65,128,0.12,0.06,0.09
-15362,-576,-42,-0.99,-0.02,-1.03,-229,-70,132,-0.02,-0.02,0.15
-15406,-494,50,-0.99,-0.01,-1.02,-231,-80,125,-0.05,-0.17,0.05
-15342,-472,56,-0.99,-0.01,-1.02,-239,-69,124,-0.17,0,0.03
-15388,-500,-58,-0.99,-0.01,-1.03,-225,-67,125,0.05,0.03,0.05
-15378,-524,44,-0.99,-0.01,-1.02,-223,-71,122,0.08,-0.03,0
-15382,-574,-104,-0.99,-0.02,-1.03,-218,-74,135,0.15,-0.08,0.2
-15336,-540,12,-0.99,-0.01,-1.02,-226,-68,115,0.03,0.02,-0.11
-15426,-566,-90,-0.99,-0.01,-1.03,-230,-65,118,-0.03,0.06,-0.06
-15390,-578,-12,-0.99,-0.02,-1.03,-227,-63,118,0.02,0.09,-0.06
-15372,-566,-22,-0.99,-0.01,-1.03,-232,-72,120,-0.06,-0.05,-0.03
-15346,-540,-62,-0.99,-0.01,-1.03,-233,-64,117,-0.08,0.08,-0.08
-15398,-508,-96,-0.99,-0.01,-1.03,-229,-72,124,-0.02,-0.05,0.03
-15386,-508,-68,-0.99,-0.01,-1.03,-230,-68,123,-0.03,0.02,0.02
-15362,-612,-22,-0.99,-0.02,-1.03,-226,-66,125,0.03,0.05,0.05
-15416,-560,6,-0.99,-0.01,-1.02,-229,-69,131,-0.02,0,0.14
-15440,-548,-62,-0.99,-0.01,-1.03,-234,-68,115,-0.09,0.02,-0.11
-15432,-610,-78,-0.99,-0.02,-1.03,-223,-69,129,0.08,0,0.11
-15366,-526,44,-0.99,-0.01,-1.02,-240,-73,127,-0.18,-0.06,0.08
-15436,-550,-42,-0.99,-0.01,-1.03,-221,-68,125,0.11,0.02,0.05
-15418,-574,10,-0.99,-0.02,-1.02,-226,-75,122,0.03,-0.09,0
-15402,-538,128,-0.99,-0.01,-1.02,-235,-76,128,-0.11,-0.11,0.09
-15352,-552,12,-0.99,-0.01,-1.02,-228,-61,130,0,0.12,0.12
-15330,-586,88,-0.99,-0.02,-1.02,-232,-74,124,-0.06,-0.08,0.03
-15364,-594,-64,-0.99,-0.02,-1.03,-230,-64,114,-0.03,0.08,-0.12
-15470,-494,-12,-0.99,-0.01,-1.03,-217,-76,138,0.17,-0.11,0.24
-15378,-516,94,-0.99,-0.01,-1.02,-225,-74,126,0.05,-0.08,0.06
-15404,-592,-96,-0.99,-0.02,-1.03,-234,-77,132,-0.09,-0.12,0.15
-15388,-484,58,-0.99,-0.01,-1.02,-227,-73,125,0.02,-0.06,0.05
-15426,-582,-94,-0.99,-0.02,-1.03,-231,-68,132,-0.05,0.02,0.15
-15378,-440,10,-0.99,-0.01,-1.02,-225,-70,124,0.05,-0.02,0.03
-15428,-594,-122,-0.99,-0.02,-1.03,-229,-75,122,-0.02,-0.09,0
-15438,-554,20,-0.99,-0.01,-1.02,-239,-68,120,-0.17,0.02,-0.03
-15390,-616,24,-0.99,-0.02,-1.02,-228,-66,123,0,0.05,0.02
-15432,-446,66,-0.99,-0.01,-1.02,-230,-75,119,-0.03,-0.09,-0.05
-15388,-580,-112,-0.99,-0.02,-1.03,-229,-64,128,-0.02,0.08,0.09
-15394,-494,-72,-0.99,-0.01,-1.03,-228,-65,124,0,0.06,0.03
-15524,-540,74,-1,-0.01,-1.02,-221,-72,121,0.11,-0.05,-0.02
-15390,-572,-110,-0.99,-0.01,-1.03,-218,-70,126,0.15,-0.02,0.06
-15388,-598,-12,-0.99,-0.02,-1.03,-235,-65,120,-0.11,0.06,-0.03
-15392,-488,72,-0.99,-0.01,-1.02,-230,-77,126,-0.03,-0.12,0.06
-15362,-546,-100,-0.99,-0.01,-1.03,-228,-69,128,0,0,0.09
-15386,-506,76,-0.99,-0.01,-1.02,-230,-74,130,-0.03,-0.08,0.12
-15482,-552,14,-0.99,-0.01,-1.02,-230,-70,128,-0.03,-0.02,0.09
-15428,-494,-50,-0.99,-0.01,-1.03,-230,-78,110,-0.03,-0.14,-0.18
-15408,-490,-154,-0.99,-0.01,-1.03,-230,-74,123,-0.03,-0.08,0.02
-15372,-544,62,-0.99,-0.01,-1.02,-224,-62,130,0.06,0.11,0.12
-15334,-532,62,-0.99,-0.01,-1.02,-232,-74,114,-0.06,-0.08,-0.12
-15416,-524,30,-0.99,-0.01,-1.02,-217,-67,129,0.17,0.03,0.11
-15364,-540,-4,-0.99,-0.01,-1.03,-225,-56,124,0.05,0.2,0.03
-15454,-524,56,-0.99,-0.01,-1.02,-225,-71,121,0.05,-0.03,-0.02
-15366,-496,-44,-0.99,-0.01,-1.03,-239,-59,121,-0.17,0.15,-0.02
-15416,-552,26,-0.99,-0.01,-1.02,-224,-73,124,0.06,-0.06,0.03
-15434,-516,18,-0.99,-0.01,-1.02,-234,-73,125,-0.09,-0.06,0.05
-15426,-540,86,-0.99,-0.01,-1.02,-227,-69,121,0.02,0,-0.02
-15434,-484,-48,-0.99,-0.01,-1.03,-230,-69,126,-0.03,0,0.06
-15404,-546,6,-0.99,-0.01,-1.02,-229,-62,123,-0.02,0.11,0.02
-15348,-490,38,-0.99,-0.01,-1.02,-217,-70,117,0.17,-0.02,-0.08
-15422,-618,68,-0.99,-0.02,-1.02,-224,-62,127,0.06,0.11,0.08
-15402,-514,6,-0.99,-0.01,-1.02,-233,-76,127,-0.08,-0.11,0.08
-15338,-604,18,-0.99,-0.02,-1.02,-232,-75,121,-0.06,-0.09,-0.02
-15344,-526,80,-0.99,-0.01,-1.02,-226,-76,128,0.03,-0.11,0.09
-15354,-520,-68,-0.99,-0.01,-1.03,-232,-68,124,-0.06,0.02,0.03
-15428,-486,58,-0.99,-0.01,-1.02,-224,-71,125,0.06,-0.03,0.05
-15390,-526,-2,-0.99,-0.01,-1.03,-232,-69,132,-0.06,0,0.15
-15334,-540,124,-0.99,-0.01,-1.02,-233,-73,112,-0.08,-0.06,-0.15
-15342,-590,20,-0.99,-0.02,-1.02,-232,-73,123,-0.06,-0.06,0.02
-15400,-560,-62,-0.99,-0.01,-1.03,-227,-72,126,0.02,-0.05,0.06
-15372,-562,66,-0.99,-0.01,-1.02,-226,-75,120,0.03,-0.09,-0.03
-15364,-548,-2,-0.99,-0.01,-1.03,-226,-72,128,0.03,-0.05,0.09
-15364,-492,60,-0.99,-0.01,-1.02,-224,-79,130,0.06,-0.15,0.12
-15388,-560,10,-0.99,-0.01,-1.02,-231,-74,123,-0.05,-0.08,0.02
-15398,-556,42,-0.99,-0.01,-1.02,-226,-72,123,0.03,-0.05,0.02
-15290,-520,-2,-0.98,-0.01,-1.03,-227,-65,138,0.02,0.06,0.24
-15418,-564,-14,-0.99,-0.01,-1.03,-226,-67,126,0.03,0.03,0.06
-15370,-624,-66,-0.99,-0.02,-1.03,-226,-67,127,0.03,0.03,0.08
-15378,-532,-96,-0.99,-0.01,-1.03,-222,-68,127,0.09,0.02,0.08
-15380,-540,24,-0.99,-0.01,-1.02,-237,-68,122,-0.14,0.02,0
-15424,-478,58,-0.99,-0.01,-1.02,-224,-64,120,0.06,0.08,-0.03
-15378,-566,-16,-0.99,-0.01,-1.03,-217,-63,124,0.17,0.09,0.03
-15328,-576,-126,-0.99,-0.02,-1.03,-223,-68,125,0.08,0.02,0.05
-15416,-536,-68,-0.99,-0.01,-1.03,-227,-68,127,0.02,0.02,0.08
-15330,-576,-78,-0.99,-0.02,-1.03,-234,-70,135,-0.09,-0.02,0.2
-15372,-466,-12,-0.99,-0.01,-1.03,-232,-73,120,-0.06,-0.06,-0.03
-15416,-600,-84,-0.99,-0.02,-1.03,-221,-68,122,0.11,0.02,0
-15404,-500,-36,-0.99,-0.01,-1.03,-233,-67,126,-0.08,0.03,0.06
-15360,-522,-96,-0.99,-0.01,-1.03,-230,-67,119,-0.03,0.03,-0.05
-15366,-514,-18,-0.99,-0.01,-1.03,-223,-76,131,0.08,-0.11,0.14
-15400,-536,-46,-0.99,-0.01,-1.03,-228,-79,122,0,-0.15,0
-15368,-580,34,-0.99,-0.02,-1.02,-231,-78,127,-0.05,-0.14,0.08
