0.029668943,0.004304775,0.029979614,0.000532925,1590902501.840269804
0.033260245,-0.018440140,0.038030024,0.000666156,1590902501.872385502
-0.020609292,0.005501876,0.021331047,-0.001598776,1590902501.910640478
-0.031383199,-0.020834342,0.037669285,0.000666156,1590902501.936986446
0.008121128,0.001910574,0.008342842,-0.001465544,1590902501.962441921
-0.027791897,-0.025622745,0.037800987,-0.000666156,1590902501.982059002
0.000938523,0.021064187,0.021085085,0.001732007,1590902502.001618147
0.045231254,-0.008863334,0.046091485,-0.000799388,1590902502.023064613
-0.024200594,-0.071112577,0.075117690,-0.001332313,1590902502.044331312
-1.086029031,-2.847189466,3.047285170,0.568764434,1590902502.064495087
0.398375999,-1.363981537,1.420967653,1.660461678,1590902502.085026264
1.136987211,-2.697551862,2.927375269,1.629152344,1590902502.105859280
-1.199753610,-0.432637018,1.275375832,1.582654597,1590902502.126561880
1.233952305,-2.132520270,2.463794024,1.918264171,1590902502.147087336
-0.161867190,-1.578262586,1.586541451,1.780503049,1590902502.166473150
0.000000000,0.156336590,0.156336590,0.000000000,1590902502.177651882
0.362462974,0.751295702,0.834161040,1.429172163,1590902502.207241535
0.485764359,-0.450593531,0.662571915,1.629551951,1590902502.226760864
-0.133136770,-0.309335633,0.336769852,1.609967056,1590902502.246020794
0.434289023,0.100072842,0.445669754,1.542019002,1590902502.266813040
1.042416245,-0.464958741,1.141410644,1.476735708,1590902502.286987543
-0.072084628,-0.564318110,0.568903439,1.342305271,1590902502.307776690
0.223599277,-0.888732435,0.916428927,1.393466082,1590902502.328220606
0.665329484,0.311959698,0.734834794,1.280885692,1590902502.348154783
1.223178470,0.527437847,1.332049644,1.230257780,1590902502.368049860
-0.242072946,-1.307717798,1.329934266,1.256237859,1590902502.387694120
-1.521773806,-0.472141346,1.593333916,1.315392551,1590902502.406618595
0.453442637,-0.126179215,0.470671243,1.327516598,1590902502.425696850
0.099100791,0.146759774,0.177085850,1.202012814,1590902502.444552660
-0.000000000,0.365829235,0.365829235,0.000000000,1590902502.463360548
1.061569858,0.303579992,1.104124710,1.371083268,1590902502.482461691
0.247541294,-0.203990760,0.320763031,1.380942428,1590902502.501499653
0.241555790,-0.356022565,0.430233967,1.347634524,1590902502.520565033
1.430276841,0.684258056,1.585528596,1.309663690,1590902502.540083885
-0.121165762,-1.022807728,1.029959606,1.265963728,1590902502.559086800
-0.373754037,0.019867086,0.374281687,1.141525741,1590902502.578013182
0.570758518,0.446034991,0.724370416,1.225594716,1590902502.597003460
1.510482597,0.434063983,1.571613571,1.250508998,1590902502.616211414
0.299016630,-0.183640046,0.350905416,1.297806093,1590902502.638392925
-0.238481643,-0.682831092,0.723278504,1.284616117,1590902502.660106182
0.583926627,-0.151318333,0.603214343,1.151251610,1590902502.682713985
-0.324672903,-0.092660392,0.337636553,1.320055749,1590902502.705038548
-0.011032485,-0.202793659,0.203093535,1.349100063,1590902502.726730824
0.103889194,-0.124982114,0.162522286,1.348567164,1590902502.748796225
0.327747050,-0.212370466,0.390537249,1.373081705,1590902502.770345926
-0.364177230,-0.383555884,0.528904690,1.323786173,1590902502.793796778
0.172123942,0.031838094,0.175043753,1.220265462,1590902502.817409992
-0.431214877,-0.406300800,0.592474987,1.177897880,1590902502.840017319
-0.033777401,-0.073506779,0.080895978,1.254106264,1590902502.864072323
0.802996079,1.301962011,1.529675711,1.321654445,1590902502.888276577
0.313381840,-0.146529929,0.345946813,1.360558052,1590902502.910426617
0.253526798,0.268864068,0.369545294,1.260634474,1590902502.931811094
1.214798765,0.631585619,1.369173632,1.190688116,1590902502.953098774
0.160152933,0.256893060,0.302725959,1.261300664,1590902502.974809647
-0.583246682,-0.512842774,0.776649472,1.289012864,1590902502.996819258
0.502523771,-0.241100886,0.557368619,1.277155268,1590902503.018274069
-0.189400509,-0.014848838,0.189981685,1.288080225,1590902503.039557695
-0.607188699,-0.587063026,0.844583395,1.344570290,1590902503.061010361
0.971787296,0.213797430,0.995027583,1.220132171,1590902503.081745386
0.500129569,0.019867086,0.500524012,1.143923919,1590902503.102789164
-0.874142184,-0.209976264,0.899007558,1.327649889,1590902503.124322414
-0.194188912,0.776434820,0.800350150,1.269294545,1590902503.145833254
-0.173838198,-0.874367225,0.891480658,1.324052622,1590902503.167179108
-0.000000000,-0.000000000,0.000000000,-0.053056746,1590902503.188522577
1.113045194,0.247316253,1.140190744,1.290078662,1590902503.209619999
0.806587382,0.262878564,0.848344472,1.261966854,1590902503.231140375
-0.260029458,-0.053156064,0.265407020,1.353629968,1590902503.252076864
0.601883140,0.204220623,0.635585853,1.317257830,1590902503.274074316
1.594279655,0.789602929,1.779101010,1.225328266,1590902503.294957638
-0.419243868,-0.600231135,0.732149463,1.311129228,1590902503.316463470
-0.051733914,0.361040832,0.364728502,1.174966803,1590902503.338059187
0.952633683,0.675878350,1.168042156,1.205343498,1590902503.363434076
2.073119987,0.453217596,2.122082154,1.218267025,1590902503.386915207
-0.000000000,-0.233918281,0.233918281,-0.000000003,1590902503.411217690
0.199657261,-0.719941218,0.747113364,1.322054185,1590902503.434163809
0.577941123,0.295200286,0.648967758,1.171369537,1590902503.455848932
0.130225413,0.116832253,0.174952661,1.254372714,1590902503.477455378
0.000000000,-0.541573194,0.541573194,1.355761697,1590902503.495344162
0.065581968,-0.042382157,0.078084837,1.329515168,1590902503.521318913
-0.203765719,0.256893060,0.327894057,1.263165943,1590902503.543202639
0.149379026,-0.491294959,0.513502512,1.312328317,1590902503.564569235
0.000000000,1.188237505,1.188237505,0.000000000,1590902503.577189207
0.791025071,0.362237933,0.870021254,1.046132136,1590902503.608050585
-1.131518862,-0.376373279,1.192472969,1.254239422,1590902503.629753828
-0.525785842,0.224571337,0.571736860,1.244646845,1590902503.650682449
0.156561631,-0.409892103,0.438774521,1.313527406,1590902503.671888828
-0.099617947,-0.054353165,0.113481284,1.236652964,1590902503.693726778
0.773068558,0.744113098,1.073004799,1.231590160,1590902503.716855049
1.107059690,0.411319067,1.181001495,1.295141466,1590902503.738639593
-0.419243868,0.489130621,0.644215946,1.411452414,1590902503.760164261
1.071146665,0.436458184,1.156655059,1.274623799,1590902503.781870127
0.449851334,0.678272552,0.813891809,1.271026532,1590902503.804173708
0.746732340,-0.621778950,0.971708933,1.352297722,1590902503.825507402
0.000000000,0.232951043,0.232951043,1.242515117,1590902503.844884634
1.135790110,-0.096251694,1.139861203,1.190421666,1590902503.873230457
-0.123559963,-0.725926722,0.736367211,1.126603910,1590902503.898452759
-0.571275674,-0.358416767,0.674402309,1.279553445,1590902503.920524597
0.804193180,-0.049564762,0.805719142,1.306066424,1590902503.941253662
-0.570078573,0.693834863,0.897995766,1.160977478,1590902503.962464094
-0.109194753,0.463991503,0.476667189,1.264498190,1590902503.983433008
1.311763859,0.201826421,1.327199430,1.308731051,1590902504.005119562
0.150576127,0.078525027,0.169821523,1.474603980,1590902504.025718689
-0.006244082,0.170701800,0.170815963,1.418247206,1590902504.046660900
0.694059904,-0.163289332,0.713009506,1.297539644,1590902504.068372250
0.779054063,0.169504699,0.797281052,1.307665253,1590902504.090181828
-0.870550881,-0.984500501,1.314191795,1.285149149,1590902504.113564730
0.320564445,0.110846749,0.339188097,1.163908555,1590902504.137334347
0.314578940,0.159927892,0.352897776,1.233588597,1590902504.160190821
2.262261918,0.683060955,2.363133778,1.245046453,1590902504.182347536
0.032063145,-0.200399457,0.202948239,1.346835176,1590902504.203780413
0.982561204,-0.151318333,0.994144736,1.323386432,1590902504.225975752
0.385207889,0.010290280,0.385345310,1.314593203,1590902504.247711658
0.166138438,0.034232296,0.169628507,1.428505973,1590902504.269911289
0.289439823,0.246119152,0.379934268,1.461547294,1590902504.290919542
0.403164402,0.144365573,0.428232359,1.554009890,1590902504.312622070
0.825740995,0.122817758,0.834824767,1.588916490,1590902504.333556414
0.188883353,0.082116329,0.205961192,1.590115579,1590902504.356755257
-0.097223745,-0.189625550,0.213096940,1.636080294,1590902504.380614281
0.457033939,0.086904733,0.465223016,1.689506125,1590902504.402163029
0.690468601,0.085707632,0.695767696,1.630751040,1590902504.424228907
0.070370371,-0.104631400,0.126094088,1.679646965,1590902504.445200682
0.470202048,0.049794607,0.472831333,1.709624052,1590902504.466874361
0.320564445,0.054583010,0.325178210,1.652201347,1590902504.489656925
0.330141251,-0.208779163,0.390617440,1.674717452,1590902504.511662722
-0.000000000,-0.160895130,0.160895130,-0.000000003,1590902504.532822132
0.433091923,0.065356918,0.437995594,1.716019103,1590902504.554098129
0.610262845,-0.211173365,0.645766932,1.650868967,1590902504.575222015
0.246344193,0.001910574,0.246351602,1.687640846,1590902504.596251965
0.458231040,-0.081886484,0.465490153,1.680712763,1590902504.618005753
0.544422300,-0.002877830,0.544429906,1.654066626,1590902504.639884949
0.641387467,-0.171669037,0.663963961,1.651668449,1590902504.660897493
0.489355662,-0.165683533,0.516643007,1.635014497,1590902504.682726622
0.267892008,0.015078683,0.268316035,1.685775567,1590902504.704755545
0.394784696,-0.148924131,0.421939987,1.658329949,1590902504.726713896
0.276271714,0.078525027,0.287214623,1.633815408,1590902504.748776436
0.413938309,-0.490097858,0.641514485,1.679114066,1590902504.770962954
0.273877512,-0.072309678,0.283262389,1.674451002,1590902504.793696880
0.508509275,0.037823599,0.509914020,1.667922660,1590902504.815460682
0.482173057,-0.166880634,0.510235242,1.696700524,1590902504.838361502
0.242752891,0.159927892,0.290698980,1.744397361,1590902504.861688614
0.252329697,-0.014848838,0.252766224,1.681778693,1590902504.886993885
0.117057303,-0.034002451,0.121895771,1.704561247,1590902504.914196491
0.362462974,-0.186034247,0.407416431,1.733605695,1590902504.936190844
0.471399149,0.086904733,0.479342874,1.704294798,1590902504.957568169
0.284651420,0.116832253,0.307694989,1.687107947,1590902504.979187965
0.538436796,-0.022031443,0.538887342,1.693769448,1590902505.000354052
0.539633896,-0.063929972,0.543407567,1.698965544,1590902505.022708654
0.222402177,0.195840917,0.296338308,1.679114066,1590902505.045018673
0.324155747,0.179081506,0.370333814,1.672052825,1590902505.066203833
0.455836838,-0.134558921,0.475282365,1.698432645,1590902505.087364912
0.271483311,-0.091463291,0.286476389,1.686974656,1590902505.108700037
0.170926841,-0.031608250,0.173824815,1.692170752,1590902505.129274130
0.360068772,-0.041185056,0.362416514,1.688173745,1590902505.151677847
0.585123728,0.244922051,0.634315843,1.744130911,1590902505.173703194
0.324155747,-0.139347324,0.352837959,1.693369841,1590902505.194921732
0.064384867,0.128803262,0.143998928,1.700697532,1590902505.216541052
0.452245536,-0.158500928,0.479216620,1.701630171,1590902505.238518238
0.263103605,0.031838094,0.265022963,1.710556691,1590902505.260841608
0.457033939,0.096481539,0.467106743,1.741066544,1590902505.283315897
0.603080240,0.090496035,0.609832197,1.707225874,1590902505.304603100
0.537239695,-0.035199552,0.538391584,1.728276441,1590902505.326588631
0.421120914,-0.008863334,0.421214177,1.701363722,1590902505.348738194
0.276271714,-0.085477787,0.289192863,1.708957862,1590902505.373739958
0.559984611,-0.108222703,0.570346314,1.726011421,1590902505.399085999
0.508509275,0.001910574,0.508512864,1.706159944,1590902505.421731472
0.234373185,-0.133361820,0.269659350,1.691371271,1590902505.444145203
0.316973142,-0.369190674,0.486594006,1.707359032,1590902505.466023922
0.607868644,-0.171669037,0.631644320,1.758653135,1590902505.488398314
0.712016416,-0.095054594,0.718333316,1.723879826,1590902505.509869814
0.210431168,0.177884405,0.275543351,1.749326874,1590902505.530832052
0.334929655,-0.138150223,0.362302854,1.742931822,1590902505.552134514
0.532451292,0.095284438,0.540909883,1.729875137,1590902505.574537754
0.474990452,-0.072309678,0.480462921,1.738934949,1590902505.596656322
0.302607932,-0.122587913,0.326495570,1.743598012,1590902505.618891239
0.288242722,-0.174063239,0.336722257,1.769444801,1590902505.642461061
0.574349821,-0.150121232,0.593644760,1.720282560,1590902505.664694786
0.524071586,-0.122587913,0.538218193,1.723080345,1590902505.687076807
0.319367344,0.146759774,0.351473942,1.739867455,1590902505.709328413
0.512100577,-0.029214048,0.512933194,1.740000746,1590902505.731884480
0.609065745,-0.068718375,0.612930091,1.735470840,1590902505.753962994
0.203248563,-0.113011106,0.232554270,1.749460165,1590902505.776663780
0.425909318,-0.054353165,0.429363498,1.771842978,1590902505.798385620
0.172123942,-0.327292145,0.369792915,1.730408036,1590902505.820281744
0.454639738,-0.060338669,0.458626260,1.746395798,1590902505.842327833
0.316973142,-0.365599372,0.483874853,1.745996190,1590902505.864647150
0.405558604,0.132394564,0.426621731,1.698832253,1590902505.889244556
0.263103605,-0.224341474,0.345763798,1.701097272,1590902505.911187649
0.333732554,0.021064187,0.334396647,1.742931822,1590902505.934106588
0.514494779,-0.053156064,0.517233453,1.779170802,1590902505.956870317
0.695257004,0.133591665,0.707975307,1.732140156,1590902505.978374481
0.563575913,-0.018440140,0.563877512,1.720815459,1590902506.000530481
0.500129569,-0.224341474,0.548141116,1.752924140,1590902506.022165298
0.052413859,-0.045973459,0.069719234,1.757986945,1590902506.043676376
0.442668729,-0.108222703,0.455705779,1.739334556,1590902506.065940619
0.478581754,-0.287787818,0.558446348,1.745330000,1590902506.088491917
0.191277555,-0.059141569,0.200211958,1.782368328,1590902506.110542536
0.363660074,-0.073506779,0.371014685,1.740134037,1590902506.133145094
0.465413645,0.007896078,0.465480622,1.787964032,1590902506.156930447
0.502523771,-0.267437104,0.569256308,1.817541378,1590902506.180104971
0.210431168,0.006698977,0.210537771,1.806216680,1590902506.202780485
0.537239695,-0.099842997,0.546438573,1.745862899,1590902506.225502491
0.476187553,-0.182442945,0.509941186,1.741466284,1590902506.247441530
0.689271500,0.133591665,0.702098237,1.801553616,1590902506.268933535
0.661738181,0.139577169,0.676298164,1.709624052,1590902506.291373491
0.662935282,0.519058141,0.841964692,1.674184553,1590902506.314558744
1.321340665,-0.085477787,1.324102566,1.564135499,1590902506.337067366
0.399573099,0.474765411,0.620532720,1.473804632,1590902506.360158682
0.040442850,0.248513354,0.251782667,1.462746383,1590902506.384343863
0.209234067,0.605249401,0.640394982,1.390135398,1590902506.406919718
1.145366917,-0.174063239,1.158517753,1.355894855,1590902506.429517984
1.663711503,1.102046246,1.995605646,1.293675928,1590902506.451492548
-0.164261392,-0.095054594,0.189781929,1.459948598,1590902506.473951578
-0.000000000,-1.448975696,1.448975696,-0.000000000,1590902506.496706963
-0.621553909,-0.593048530,0.859090112,1.357093944,1590902506.518306732
0.449851334,0.015078683,0.450103976,1.491924122,1590902506.540884256
0.308593436,0.189855413,0.362318902,1.440230278,1590902506.562887192
-0.310307693,-0.454184833,0.550067930,1.490325292,1590902506.584518433
0.344506461,-0.142938627,0.372982778,1.425841346,1590902506.606997490
-0.487478616,-0.633749958,0.799546378,1.329648326,1590902506.628917933
0.367251377,-0.335671851,0.497543129,1.341239473,1590902506.650203466
-0.719716177,-0.285393616,0.774235682,1.304467594,1590902506.672285795
-0.081661434,-0.363205170,0.372272193,1.380409529,1590902506.694137335
0.463019443,1.111623052,1.204197997,1.372548807,1590902506.717447996
-0.197780215,-0.904294746,0.925670568,1.469541175,1590902506.740463734
2.903907963,1.394138775,3.221227155,1.067449152,1590902506.761616468
-0.374951138,-0.655297773,0.754985779,1.283550319,1590902506.782237768
0.103889194,-0.039987955,0.111319366,1.434901024,1590902506.803439617
-0.131939669,0.241330749,0.275042918,1.427440176,1590902506.824554920
-0.167852694,-0.706773109,0.726431520,1.480466132,1590902506.849670172
0.714410618,0.121620657,0.724688978,1.445825982,1590902506.872083664
-0.289956979,-0.575092017,0.644054251,1.447291653,1590902506.898897648
0.599488938,0.229359741,0.641866713,1.358159874,1590902506.921012878
-0.353403323,0.018669985,0.353896139,1.254905612,1590902506.943205357
-0.301927987,0.651936334,0.718457718,1.366953103,1590902506.965824604
-0.164261392,0.468779907,0.496725684,1.281018983,1590902506.988476515
-0.052931014,-0.515236976,0.517948678,1.368285483,1590902507.011034012
3.473727958,1.220559228,3.681922155,1.156580864,1590902507.033517838
0.152970328,-0.342854456,0.375431884,1.337642207,1590902507.056499481
-0.091238241,0.376603143,0.387497540,1.360158311,1590902507.078855991
0.151773228,-0.168077735,0.226462442,1.471539745,1590902507.100984812
-0.084055636,0.037823599,0.092173611,1.530960887,1590902507.123460293
0.443865830,-0.296167524,0.533602921,1.407721856,1590902507.145959616
1.111848093,0.204220623,1.130447807,1.399328368,1590902507.168454885
-0.623948110,-1.052735248,1.223749463,1.398662178,1590902507.191696882
-0.110391854,-0.675648487,0.684607361,1.293143029,1590902507.214666128
0.102692094,0.620811712,0.629247843,1.342971461,1590902507.237653255
1.798983897,0.316748101,1.826656076,1.318723368,1590902507.261350632
0.233176084,-0.390738489,0.455024893,1.411319122,1590902507.284008265
0.000000000,-0.888732435,0.888732435,1.178164329,1590902507.302105188
0.058399363,-0.085477787,0.103522643,1.229724881,1590902507.329020977
0.059596464,0.029443893,0.066473162,1.330181224,1590902507.351148129
-0.220525131,-0.026819846,0.222150033,1.392133835,1590902507.374318361
0.817361289,0.144365573,0.830012587,1.517504461,1590902507.398284912
0.990940909,0.504692931,1.112060628,1.340440125,1590902507.420211315
0.719199021,0.473568310,0.861112174,1.351365082,1590902507.443198919
0.358871671,0.420895873,0.553120432,1.408254755,1590902507.465673923
-0.292351180,0.085707632,0.304655561,1.279286863,1590902507.488380909
0.841303306,0.256893060,0.879650667,1.235187426,1590902507.510540485
1.872007047,0.807559442,2.038764978,1.242781566,1590902507.533469677
-0.054128115,-0.549952900,0.552610211,1.406656059,1590902507.556574583
-0.006244082,-0.183640046,0.183746170,1.424242517,1590902507.580028772
-0.473113406,0.724959484,0.865680396,1.199881085,1590902507.602081776
0.423515116,0.212600329,0.473881793,1.376146073,1590902507.625108004
0.477384653,0.326324908,0.578259503,1.407721856,1590902507.647393465
0.418726713,-0.096251694,0.429646888,1.550012883,1590902507.669898748
-0.614371304,-0.310532734,0.688391369,1.453953154,1590902507.691659451
0.583926627,-0.026819846,0.584542223,1.308198152,1590902507.713951111
0.231978983,-0.068718375,0.241943100,1.375613174,1590902507.735972166
0.245147092,0.207811926,0.321376560,1.298472283,1590902507.758497715
-0.225313534,0.040217800,0.228874769,1.196683560,1590902507.781134129
-0.368965634,0.034232296,0.370550251,1.301802967,1590902507.803857088
0.421120914,0.909313012,1.002094296,1.355228798,1590902507.826571941
0.000000000,-0.822891889,0.822891889,0.000000000,1590902507.839969873
1.795392594,1.608419824,2.410487274,1.251175055,1590902507.873266697
0.594700535,0.017472885,0.594957165,1.349499803,1590902507.896664143
-0.000000000,0.203023522,0.203023522,-0.000000000,1590902507.919691324
-0.620356808,0.050991708,0.622448972,1.527496778,1590902507.942380190
-0.062507821,-0.237509583,0.245597292,1.625555078,1590902507.964903831
0.441471628,-0.110616904,0.455118993,1.619959374,1590902507.989005804
0.239161588,-0.243495087,0.341303564,1.665258033,1590902508.011926651
0.252329697,-0.032805350,0.254453271,1.681378953,1590902508.034264088
0.296622428,0.226965539,0.373494606,1.710956299,1590902508.056925774
0.398375999,-0.122587913,0.416810787,1.683777130,1590902508.078656197
0.358871671,0.042612002,0.361392666,1.705893494,1590902508.100843430
0.246344193,-0.139347324,0.283024978,1.749593456,1590902508.123061895
0.427106418,-0.081886484,0.434885375,1.737469410,1590902508.146507263
0.281060117,0.089298934,0.294905221,1.718817022,1590902508.169280291
0.181700748,-0.139347324,0.228982180,1.753457172,1590902508.192027569
0.577941123,0.328719109,0.664885099,1.813944111,1590902508.215405941
0.507312174,-0.138150223,0.525786198,1.737469410,1590902508.238355875
0.263103605,0.222177136,0.344363451,1.791428007,1590902508.260971308
0.259512302,0.031838094,0.261458026,1.788363772,1590902508.282360315
0.024880540,0.203023522,0.204542396,1.733605695,1590902508.304314613
0.431894822,0.098875741,0.443068335,1.773974707,1590902508.325034380
0.336126755,-0.241100886,0.413655452,1.773175359,1590902508.346595764
0.308593436,0.361040832,0.474953041,1.743997753,1590902508.373454332
0.382813688,0.135985867,0.406249278,1.718417281,1590902508.395466805
0.480975956,0.025852590,0.481670247,1.737202828,1590902508.417128563
0.229584782,0.124014858,0.260938416,1.741466284,1590902508.438405991
0.229584782,0.313156799,0.388299308,1.753856780,1590902508.460163116
0.260709403,-0.010060435,0.260903440,1.750126355,1590902508.481590509
0.601883140,-0.081886484,0.607427946,1.779437252,1590902508.503037930
0.363660074,0.262878564,0.448724625,1.786365202,1590902508.524761915
0.460625242,0.092890237,0.469898084,1.761317762,1590902508.546444893
0.546816501,0.080919229,0.552771388,1.785166113,1590902508.568287134
0.488158561,-0.113011106,0.501069147,1.798489248,1590902508.590229273
0.145787723,0.072539523,0.162837473,1.747594886,1590902508.612641335
0.208036967,0.159927892,0.262404859,1.733072663,1590902508.633951664
0.352886167,-0.093857493,0.365154592,1.813677662,1590902508.655071259
0.865245322,0.225768438,0.894215218,1.789296278,1590902508.676605701
0.265497806,-0.136953123,0.298739423,1.744130911,1590902508.697815895
0.225993479,0.120423556,0.256075937,1.748927266,1590902508.720077991
0.441471628,-0.037593754,0.443069395,1.742398924,1590902508.741358042
0.239161588,-0.101040098,0.259629287,1.734671492,1590902508.762633085
0.305002134,0.204220623,0.367059075,1.725744972,1590902508.783539057
0.461822343,-0.036396653,0.463254350,1.746529089,1590902508.804749250
0.459428141,-0.099842997,0.470151934,1.732406606,1590902508.826083899
0.192474656,0.033035195,0.195289061,1.744930259,1590902508.847925186
0.655752677,-0.359613868,0.747886159,1.777039074,1590902508.870528936
0.773068558,-0.060338669,0.775419726,1.818873624,1590902508.898437500
0.206839866,-0.030411149,0.209063550,1.819273365,1590902508.920931578
0.334929655,-0.035199552,0.336774230,1.778104872,1590902508.942326069
0.527662888,0.201826421,0.564944270,1.809947237,1590902508.964172840
0.549210703,-0.146529929,0.568421865,1.791294849,1590902508.984996319
0.607868644,0.229359741,0.649700068,1.766380566,1590902509.006136656
0.482173057,-0.008863334,0.482254513,1.778637771,1590902509.028098822
0.459428141,0.035429397,0.460792208,1.791028399,1590902509.049254179
0.095509489,-0.098645896,0.137306501,1.770777181,1590902509.071037054
0.175715244,-0.087871989,0.196462041,1.798356090,1590902509.092446327
0.939465574,0.294003185,0.984394960,1.780636341,1590902509.113807201
-0.000000000,-0.086674888,0.086674888,1.711622489,1590902509.135135889
0.290636924,0.088101833,0.303696814,1.750259513,1590902509.156038046
0.549210703,0.024655490,0.549763849,1.765847668,1590902509.177316189
0.386404990,-0.190822651,0.430954871,1.728809339,1590902509.198216677
0.530057090,-0.129770518,0.545711376,1.769711383,1590902509.219410658
0.241555790,-0.093857493,0.259149433,1.794758824,1590902509.240730762
0.289439823,0.214994531,0.360552436,1.782634778,1590902509.262344599
0.491749863,-0.068718375,0.496528089,1.735870581,1590902509.284260035
0.424712217,0.085707632,0.433273892,1.760118673,1590902509.306582212
0.485764359,0.135985867,0.504439460,1.745063551,1590902509.327757835
0.333732554,0.132394564,0.359034452,1.726810902,1590902509.349284649
0.785039567,0.248513354,0.823435491,1.740000746,1590902509.371966124
0.271483311,-0.124982114,0.298870736,1.792094197,1590902509.394359112
0.251132596,0.273652471,0.371420592,1.767979263,1590902509.416252851
0.652161375,0.144365573,0.667949008,1.740000746,1590902509.437181711
0.316973142,-0.151318333,0.351239534,1.743864462,1590902509.458260059
0.455836838,0.040217800,0.457607577,1.759319325,1590902509.480147600
0.441471628,0.113240951,0.455763877,1.747861336,1590902509.501469612
0.713213517,-0.184837147,0.736775605,1.780636341,1590902509.523148060
0.586320829,-0.030411149,0.587108978,1.839791033,1590902509.544365883
0.532451292,0.219782934,0.576028572,1.785965595,1590902509.567677259
0.273877512,-0.121390812,0.299574066,1.747728178,1590902509.590482235
0.381616587,-0.047170560,0.384520846,1.794225925,1590902509.612038851
0.336126755,0.413713268,0.533047713,1.800221236,1590902509.633520365
0.151773228,-0.220750172,0.267891304,1.778771062,1590902509.654660463
0.225993479,0.033035195,0.228395220,1.773308517,1590902509.676633596
0.406755704,-0.093857493,0.417443927,1.798489248,1590902509.698796034
0.143393522,0.024655490,0.145497750,1.803685344,1590902509.719941854
0.512100577,-0.067521274,0.516532791,1.778371321,1590902509.741356373
0.697651206,-0.048367661,0.699325844,1.793693026,1590902509.763014317
0.401967301,-0.028016947,0.402942503,1.789163120,1590902509.783921719
0.000000000,0.000000000,0.000000000,0.000000000,1590902509.792526484
0.466610746,-0.080689384,0.473536023,1.740933385,1590902509.826767445
0.458231040,-0.215961768,0.506571980,1.840323932,1590902509.848433733
0.544422300,0.022261288,0.544877239,1.782901227,1590902509.871702909
0.342112260,-0.029214048,0.343357334,1.790495367,1590902509.896010160
0.519283182,-0.205187861,0.558352113,1.802086515,1590902509.918304682
0.477384653,0.021064187,0.477849147,1.802086515,1590902509.939676285
0.416332511,0.133591665,0.437240772,1.742265632,1590902509.960683346
0.491749863,-0.233918281,0.544550907,1.745862899,1590902509.981808901
0.805390281,0.073736624,0.808758675,1.815809390,1590902510.004003048
0.567167216,0.058174313,0.570142878,1.760518414,1590902510.025653124
0.492946964,-0.124982114,0.508544234,1.791694456,1590902510.046999693
0.808981583,-0.048367661,0.810426204,1.803285603,1590902510.068050385
-0.000000000,0.316748101,0.316748101,1.768112554,1590902510.089156151
0.315776041,0.147956875,0.348720153,1.800354527,1590902510.110551596
0.510903477,-0.066324174,0.515190507,1.835261127,1590902510.131765366
0.550407804,-0.115405308,0.562376329,1.822337733,1590902510.152924299
0.081144279,0.037823599,0.089526636,1.799821628,1590902510.174600124
0.563575913,0.243724951,0.614019268,1.809947237,1590902510.195490837
0.594700535,0.074933724,0.599402860,1.776106435,1590902510.217534065
0.382813688,-0.231524079,0.447380955,1.793159994,1590902510.239810467
0.571955619,0.164716296,0.595201384,1.789696019,1590902510.262118578
0.382813688,0.012684481,0.383023779,1.806483129,1590902510.286556482
0.740746836,0.088101833,0.745967699,1.753990071,1590902510.309376240
0.683285996,-0.198005256,0.711397100,1.745196709,1590902510.333045721
0.333732554,-0.002877830,0.333744961,1.798356090,1590902510.355927229
0.660541080,0.053385909,0.662694933,1.765181478,1590902510.384572983
0.446260032,-0.205187861,0.491172143,1.743464721,1590902510.406396866
0.434289023,-0.042382157,0.436352155,1.762650009,1590902510.428422689
0.403164402,-0.063929972,0.408201637,1.807282610,1590902510.450392008
0.665329484,-0.012454636,0.665446046,1.751458602,1590902510.471765757
-0.000000000,0.180278607,0.180278607,1.766247275,1590902510.493140936
0.397178898,-0.266240003,0.478157731,1.816475447,1590902510.514652967
0.587517930,0.153942388,0.607351279,1.804617983,1590902510.536713600
0.549210703,-0.242297986,0.600283858,1.793026836,1590902510.557970285
0.187686252,-0.311729835,0.363870333,1.815276491,1590902510.579477310
0.574349821,0.021064187,0.574735954,1.839391292,1590902510.600829124
0.575546921,-0.078295182,0.580847996,1.756787856,1590902510.622247458
0.337323856,-0.138150223,0.364517308,1.808881307,1590902510.644290209
0.465413645,-0.182442945,0.499895278,1.793693026,1590902510.666407108
0.278665916,-0.063929972,0.285905113,1.753190590,1590902510.688146114
0.526465787,-0.135756022,0.543687339,1.781169239,1590902510.709773779
0.463019443,-0.304547230,0.554198538,1.772242719,1590902510.731488466
0.627022257,-0.065127073,0.630395468,1.827400537,1590902510.752509594
0.471399149,0.079722128,0.478092852,1.744530652,1590902510.773850679
0.453442637,-0.063929972,0.457927141,1.789029829,1590902510.795966387
0.556393308,-0.109419803,0.567050445,1.846852274,1590902510.818060398
0.368448478,0.016275784,0.368807785,1.810080395,1590902510.839778662
0.642584568,0.009093179,0.642648903,1.766247275,1590902510.863191605
0.496538267,-0.293773322,0.576934151,1.799555179,1590902510.885441542
0.665329484,0.055780111,0.667663645,1.793159994,1590902510.906677008
1.028051035,-0.597836933,1.189242586,1.544284022,1590902510.928156853
-0.392907650,0.006698977,0.392964754,1.402525893,1590902510.949690580
0.233176084,-0.928236762,0.957076054,1.476469259,1590902510.975455046
0.515691880,0.529832049,0.739364670,1.412518211,1590902511.000317335
1.287821842,0.333507513,1.330305363,1.287813776,1590902511.022909641
0.081144279,-1.369967041,1.372368059,1.316325191,1590902511.045265198
-0.511420632,0.085707632,0.518552660,1.413051110,1590902511.067487001
0.919114860,-0.136953123,0.929262225,1.386005233,1590902511.089094639
-0.456353994,0.751295702,0.879035950,1.302868898,1590902511.110845804
0.484567258,-0.020834342,0.485014946,1.382940865,1590902511.132213831
0.981364103,0.320339404,1.032323997,1.403325241,1590902511.153805733
0.355280369,-0.400315296,0.535234973,1.569464753,1590902511.174872875
0.247541294,-0.472141346,0.533098624,1.451688268,1590902511.196594477
0.132619614,-0.190822651,0.232381682,1.447558102,1590902511.218061924
0.503720872,-0.687619495,0.852382125,1.451554976,1590902511.239961624
0.306199235,0.230556841,0.383294180,1.365487565,1590902511.261183023
1.145366917,0.335901714,1.193606022,1.323519724,1590902511.282282591
0.372039780,-0.284196516,0.468167980,1.328982136,1590902511.303924322
0.000000000,-0.444608027,0.444608027,1.428505973,1590902511.321758747
0.138605118,-0.557135505,0.574117888,1.457550420,1590902511.346792936
-0.305519290,0.237739446,0.387120241,1.300603878,1590902511.372695923
0.179306547,0.140774270,0.227965420,1.397729538,1590902511.394210577
1.236346507,0.274849572,1.266528709,1.387603929,1590902511.415003300
-0.820272646,-0.806132477,1.150085556,1.472605543,1590902511.436035872
0.248738395,0.007896078,0.248863692,1.415182838,1590902511.457601070
-0.007441183,-0.336868952,0.336951127,1.403325241,1590902511.479610205
0.258315201,0.114438052,0.282529310,1.375746332,1590902511.500874519
-0.564093069,-0.141741526,0.581628447,1.372548807,1590902511.522058249
0.205642765,0.351464025,0.407204995,1.363222679,1590902511.543420076
0.004529825,0.910510113,0.910521381,1.419179845,1590902511.565301657
-0.003849880,-0.697196302,0.697206931,1.462746383,1590902511.586611271
0.725184525,0.627994317,0.959306759,1.348434006,1590902511.607752562
-0.000000000,-0.350037061,0.350037061,0.000000000,1590902511.628696680
-0.026594796,0.241330749,0.242791708,1.424908707,1590902511.653472185
-0.536559750,-0.146529929,0.556208041,1.546682199,1590902511.676231384
0.734761332,-0.352431263,0.814912271,1.421044991,1590902511.698982000
0.322958646,-0.567909412,0.653317218,1.311795418,1590902511.722601414
0.009318229,-1.020413526,1.020456071,1.357360526,1590902511.751282692
0.634204862,0.669892846,0.922481562,1.249842808,1590902511.772182465
0.676103391,-0.031608250,0.676841840,1.169104651,1590902511.793787479
1.494920286,0.922481121,1.756632597,1.262233303,1590902511.815999985
-0.419243868,-0.449396430,0.614591387,1.434368126,1590902511.837323904
0.156561631,-0.275816810,0.317153680,1.414916389,1590902511.859976053
-0.224116433,0.381391546,0.442366010,1.232522799,1590902511.883815050
0.427106418,-0.060338669,0.431347479,1.402659051,1590902511.907411098
0.490552762,0.261681463,0.555984893,1.442628456,1590902511.929787159
0.181700748,-0.311729835,0.360819417,1.543617832,1590902511.952006578
0.217613773,-0.248283491,0.330152156,1.355628405,1590902511.974649906
1.274653733,0.229359741,1.295124716,1.409720426,1590902511.996917486
-0.598808993,-0.215961768,0.636562405,1.456084882,1590902512.018369436
0.182897849,0.096481539,0.206785664,1.293675928,1590902512.041307449
0.751520743,0.382588647,0.843301548,1.323519724,1590902512.063838243
2.052769273,0.697426165,2.168009442,1.301403360,1590902512.086107254
-0.076873031,0.122817758,0.144891906,1.430371252,1590902512.109851599
0.464216544,-0.644523865,0.794297182,1.379343599,1590902512.132525921
0.120648606,-0.362008069,0.381583449,1.289678921,1590902512.155405760
0.101494993,0.429275579,0.441110821,1.479533626,1590902512.178568363
1.083117673,0.392165453,1.151927792,1.430637701,1590902512.202101469
0.209234067,0.037823599,0.212625303,1.526963880,1590902512.223909140
0.351689066,-0.324897944,0.478794187,1.429305321,1590902512.247171402
1.291413145,0.606446502,1.426718357,1.395464652,1590902512.269049644
0.294228226,0.181475707,0.345693045,1.386538132,1590902512.291409731
-0.274394668,0.283229278,0.394349157,1.273291552,1590902512.313820362
0.526465787,0.155139489,0.548848327,1.395597810,1590902512.338114023
1.107059690,-0.132164719,1.114920926,1.338308397,1590902512.360526085
0.000000000,-0.097448795,0.097448795,1.440763310,1590902512.381751776
0.668920786,-0.188428449,0.694953451,1.453686705,1590902512.409887075
0.046428355,1.033811498,1.034853519,1.319789299,1590902512.432388067
-0.195386013,0.186264111,0.269944463,1.403858140,1590902512.454914331
1.163323429,0.314353900,1.205047623,1.407055799,1590902512.478911638
0.449851334,-0.108222703,0.462686045,1.525231892,1590902512.500995398
0.269089109,-0.182442945,0.325106716,1.369084832,1590902512.523261309
1.046007548,0.495116125,1.157269099,1.367086395,1590902512.545129538
-0.195386013,-0.719941218,0.745983278,1.417181275,1590902512.567425728
-0.085252737,-0.198005256,0.215578548,1.279819895,1590902512.589997053
-0.272000466,0.689046459,0.740789631,1.415582579,1590902512.611316442
2.098259104,0.662710241,2.200426352,1.381875068,1590902512.634138823
-0.054128115,-0.396723994,0.400399525,1.449956147,1590902512.657397270
0.427106418,-0.236312482,0.488122405,1.374280794,1590902512.680177212
0.587517930,0.419698773,0.722027962,1.298605441,1590902512.701905489
-0.683803152,0.153942388,0.700917263,1.388270119,1590902512.723989725
-0.374951138,0.133591665,0.398039054,1.512574947,1590902512.746547699
0.878413431,-0.022031443,0.878689673,1.565867487,1590902512.768296480
0.600686039,-0.356022565,0.698266270,1.385871941,1590902512.790024757
-0.470719204,-0.773810755,0.905737078,1.435167474,1590902512.812599897
0.416332511,-0.573894916,0.709005032,1.414916389,1590902512.834975004
0.745535239,0.395756756,0.844065284,1.312861216,1590902512.857686043
0.899961246,-0.014848838,0.900083737,1.364954666,1590902512.882045746
-0.048142611,-0.739094831,0.740661110,1.309530399,1590902512.906114817
-0.447974288,-0.187231348,0.485527075,1.411052673,1590902512.928449392
0.314578940,-0.259057398,0.407517663,1.505780155,1590902512.950844765
0.046428355,0.882976794,0.884196590,1.384406403,1590902512.972604990
-0.056522317,0.322733605,0.327645773,1.346835176,1590902512.994279623
1.125016202,0.378997344,1.187139605,1.393599373,1590902513.017881393
0.843697507,0.118029354,0.851913383,1.520701986,1590902513.040455341
0.346900663,0.681863854,0.765034892,1.482597861,1590902513.062530994
0.668920786,-0.107025602,0.677428592,1.413051110,1590902513.084023476
0.270286210,-0.504463068,0.572309027,1.475136878,1590902513.105787516
0.664132383,0.224571337,0.701073539,1.541619395,1590902513.128763437
0.631810660,0.309565496,0.703573384,1.457683578,1590902513.151031494
0.002135624,-0.030411149,0.030486044,1.503781718,1590902513.173186064
2.124595322,1.218165026,2.449047022,1.520302379,1590902513.196455240
0.000000000,-0.365599372,0.365599372,0.000000000,1590902513.208222151
-0.000000000,-0.103434299,0.103434299,1.647804733,1590902513.240015984
0.000000000,0.335901714,0.335901714,1.524299253,1590902513.259125948
0.269089109,0.486736419,0.556166603,1.617294747,1590902513.284727812
0.528859989,0.311959698,0.614012818,1.617561197,1590902513.306809664
0.986152506,0.110846749,0.992362720,1.476602417,1590902513.328452349
0.191277555,-0.399118195,0.442586078,1.434501417,1590902513.349984884
0.291834025,0.167110497,0.336293051,1.439830671,1590902513.373923302
0.480975956,-0.328489246,0.582445753,1.433435486,1590902513.397541761
1.047204648,0.469977007,1.147830982,1.383074156,1590902513.418899059
0.798207676,0.371814739,0.880557604,1.387470771,1590902513.440973043
0.000000000,-1.389120655,1.389120655,1.300070980,1590902513.458899975
0.000000000,-0.366796473,0.366796473,1.385339043,1590902513.481214285
0.873625028,-0.166880634,0.889421068,1.495388097,1590902513.506251812
-0.190597610,-0.267437104,0.328405319,1.407188957,1590902513.527172089
-0.025397695,0.406530663,0.407323242,1.404124590,1590902513.548371553
1.427882639,0.662710241,1.574177149,1.459548857,1590902513.569225550
0.364857175,-0.159698029,0.398276561,1.425175156,1590902513.590543747
0.355280369,-0.194413953,0.404994970,1.415182838,1590902513.612078667
0.328944150,0.260484362,0.419590702,1.328982136,1590902513.633451223
0.548013602,-0.243495087,0.599673883,1.300204271,1590902513.654602051
-0.674226345,0.681863854,0.958915784,1.273824451,1590902513.676682234
0.136210917,0.182672808,0.227865681,1.348300715,1590902513.699284315
0.628219358,1.294779406,1.439136294,1.350965341,1590902513.724750757
0.391193394,-0.886338233,0.968828021,1.446092564,1590902513.751392126
1.050795951,0.917692718,1.395110051,1.391867385,1590902513.776602507
1.086708976,-0.022031443,1.086932281,1.279286863,1590902513.800533295
0.381616587,0.134788766,0.404721177,1.398528886,1590902513.824083090
1.226769700,0.770449316,1.448639377,1.384806144,1590902513.846489429
0.000000000,-0.138150223,0.138150223,1.338708137,1590902513.866044044
0.919114860,0.400545159,1.002600893,1.382274675,1590902513.895157099
0.010515330,-0.636144160,0.636231062,1.326584091,1590902513.917615414
-0.251649752,0.231753942,0.342107421,1.294075536,1590902513.940520287
0.984955405,0.491524822,1.100787809,1.263565683,1590902513.963191509
1.702018729,0.043809103,1.702582448,1.308331310,1590902513.988304853
0.138605118,-0.150121232,0.204322693,1.417181275,1590902514.012599230
0.157758732,-0.570303614,0.591721243,1.329248718,1590902514.036903143
0.272680411,-0.229129877,0.356167246,1.278221065,1590902514.060255289
-0.152290383,-0.288984919,0.326656768,1.384672853,1590902514.083333015
-0.810695840,-0.042382157,0.811802927,1.376545814,1590902514.106973886
0.792222172,-0.018440140,0.792436753,1.292077099,1590902514.128652573
0.160152933,-0.534390589,0.557872982,1.303401797,1590902514.149813890
-0.464733700,-0.839651301,0.959683134,1.395198202,1590902514.171249866
0.453442637,1.050570910,1.144250611,1.257703398,1590902514.192968607
0.797010575,0.192249615,0.819869362,1.284616117,1590902514.214058161
-0.628736514,-1.375952546,1.512797082,1.299538081,1590902514.234842777
-0.796330630,-0.643326765,1.023724474,1.426107795,1590902514.256112814
1.069949564,-0.071112577,1.072310155,1.410786224,1590902514.277898788
-0.000000000,0.102467043,0.102467043,1.225861165,1590902514.300163031
0.000000000,0.000000000,0.000000000,0.000000000,1590902514.309331417
1.664908604,0.169504699,1.673515014,1.404790780,1590902514.344388485
1.077132169,0.231753942,1.101782011,1.371216560,1590902514.368867636
0.000000000,-0.725926722,0.725926722,0.000000000,1590902514.385260582
1.432671043,-0.034002451,1.433074486,1.389202759,1590902514.420109987
-0.464733700,-0.761839747,0.892399693,1.350832183,1590902514.448346376
0.149379026,0.058174313,0.160307031,1.227459995,1590902514.472649336
0.573152720,0.738127593,0.934524684,1.250908605,1590902514.496286869
2.164099650,0.784814526,2.302012410,1.239450749,1590902514.520743132
0.202051462,-0.373979078,0.425070752,1.348300715,1590902514.544929028
-0.000258578,-0.278211011,0.278211132,1.260634474,1590902514.568927765
0.899961246,-0.437425422,1.000635420,1.256904049,1590902514.593295336
0.537239695,0.140774270,0.555377245,1.490325292,1590902514.618458748
0.394784696,0.122817758,0.413447890,1.482997601,1590902514.641343355
0.501326670,0.103664144,0.511932305,1.560937840,1590902514.663642883
0.379222385,-0.042382157,0.381583365,1.670986894,1590902514.687139034
0.199657261,0.159927892,0.255812339,1.675516800,1590902514.708868027
-0.000000000,0.217388732,0.217388732,1.690305473,1590902514.731720924
0.482173057,0.097678640,0.491967451,1.712421837,1590902514.754174232
0.643781669,0.125211959,0.655845158,1.775573536,1590902514.776990175
0.403164402,0.094087338,0.413997539,1.735870581,1590902514.799690962
0.000000000,-0.120193711,0.120193711,1.755722059,1590902514.819489241
0.734761332,-0.154909626,0.750913582,1.725611814,1590902514.845002890
0.506115073,0.346675622,0.613462675,1.690705214,1590902514.869369268
0.079947178,0.114438052,0.139598062,1.711222748,1590902514.893260002
0.488158561,-0.409892103,0.637424753,1.711622489,1590902514.916020155
0.355280369,0.303579992,0.467316758,1.774374447,1590902514.938685656
0.425909318,-0.044776359,0.428256546,1.715352913,1590902514.960894346
0.265497806,-0.031608250,0.267372711,1.743331563,1590902514.983017206
0.617445450,-0.067521274,0.621126402,1.740400487,1590902515.005906105
0.382813688,-0.180048743,0.423041215,1.729875137,1590902515.028251648
0.563575913,0.088101833,0.570420672,1.728276441,1590902515.050467253
0.315776041,-0.127376316,0.340498508,1.706026785,1590902515.073888302
0.425909318,0.302382891,0.522335294,1.730807776,1590902515.097953558
0.726381626,-0.026819846,0.726876586,1.674584161,1590902515.120237112
0.319367344,0.039020699,0.321742312,1.741599576,1590902515.142731905
0.449851334,-0.012454636,0.450023711,1.726144712,1590902515.164384842
0.522874485,0.132394564,0.539375609,1.691371271,1590902515.186267376
0.610262845,-0.039987955,0.611571563,1.726810902,1590902515.209001303
0.166138438,0.078525027,0.183761150,1.733072663,1590902515.230916500
0.463019443,0.188658312,0.499978963,1.732406606,1590902515.253103256
0.488158561,-0.239903785,0.543923346,1.697766455,1590902515.276028395
0.492946964,0.103664144,0.503729058,1.744530652,1590902515.298259020
0.427106418,0.023458389,0.427750148,1.744264202,1590902515.320604086
0.470202048,-0.039987955,0.471899357,1.737869018,1590902515.343242407
0.543225199,0.193446716,0.576641352,1.739068107,1590902515.368552208
0.435486124,-0.113011106,0.449910741,1.802486255,1590902515.391152143
0.655752677,0.228162640,0.694312439,1.757853787,1590902515.414917707
0.354083268,0.120423556,0.374001061,1.725744972,1590902515.437649250
0.764688853,-0.002877830,0.764694268,1.787031392,1590902515.460620642
0.325352848,0.244922051,0.407236156,1.744930259,1590902515.483185053
0.452245536,0.070145321,0.457653134,1.746129348,1590902515.505256414
0.394784696,-0.013651737,0.395020665,1.769045193,1590902515.526492119
0.634204862,0.016275784,0.634413673,1.761983952,1590902515.548457861
0.316973142,0.086904733,0.328670664,1.771176922,1590902515.572169304
0.400770200,-0.177654542,0.438380987,1.729608688,1590902515.596214771
0.551604905,-0.177654542,0.579507642,1.786098753,1590902515.621078014
0.516888981,-0.012454636,0.517039009,1.835660868,1590902515.645214081
0.221205076,-0.067521274,0.231280799,1.768245845,1590902515.669803381
0.726381626,0.030640994,0.727027604,1.600107897,1590902515.693292856
0.054808060,-0.600231135,0.602728246,1.583587236,1590902515.715393066
0.643781669,0.762069610,0.997599583,1.492856628,1590902515.736478806
-0.548530758,-0.560726807,0.784410954,1.339907226,1590902515.760051250
-0.221722231,0.128803262,0.256419633,1.329648326,1590902515.784125805
0.109874698,-0.335671851,0.353196887,1.363489128,1590902515.805622816
1.202827756,1.058950616,1.602551409,1.392533576,1590902515.827064514
0.186489152,-0.701984705,0.726333759,1.421577890,1590902515.848450422
0.655752677,0.016275784,0.655954628,1.404524330,1590902515.872508764
0.123042808,-0.520025379,0.534383689,1.336043510,1590902515.895103931
-0.252846853,0.171898901,0.305746240,1.448623900,1590902515.916900635
0.598291837,0.139577169,0.614357313,1.517238011,1590902515.938551188
0.756309147,-0.053156064,0.758174843,1.664991583,1590902515.959999084
0.469004948,-0.075900980,0.475106935,1.736270322,1590902515.981342793
0.168532639,-0.000483628,0.168533333,1.737469410,1590902516.003640890
0.443865830,-0.282999415,0.526408153,1.626487717,1590902516.024864435
0.915523557,-0.047170560,0.916737937,1.556008327,1590902516.047220469
0.020092136,-0.114208207,0.115962099,1.469141568,1590902516.069205046
0.155364530,-0.244692188,0.289848933,1.378943991,1590902516.090832710
-0.537756851,0.466385705,0.711827266,1.303268505,1590902516.113061666
0.289439823,0.256893060,0.387000588,1.429971511,1590902516.134936571
0.498932468,1.110425952,1.217365763,1.386404840,1590902516.155812740
0.157758732,-1.081465668,1.092911620,1.505780155,1590902516.177051783
0.516888981,0.218585833,0.561207613,1.359758571,1590902516.198677540
0.290636924,0.653133434,0.714879783,1.357493684,1590902516.220530987
0.576744022,0.279637975,0.640961048,1.464211921,1590902516.241960287
0.094312388,0.156336590,0.182581368,1.596777080,1590902516.263547897
0.036851548,-0.044776359,0.057991024,1.676049699,1590902516.285385132
1.474569572,0.238936547,1.493802562,1.592247174,1590902516.307124853
-0.052931014,-0.715152814,0.717108946,1.495254805,1590902516.328411341
1.087906077,0.527437847,1.209020395,1.499118521,1590902516.350003719
-0.172641097,-0.909083149,0.925330817,1.400660615,1590902516.375787497
-0.091238241,0.104861245,0.138997472,1.350965341,1590902516.398928404
0.306199235,0.258090160,0.400460363,1.345769379,1590902516.422537565
1.867218644,0.766858013,2.018558069,1.329381876,1590902516.448893070
0.260709403,-0.504463068,0.567848906,1.425574897,1590902516.472750187
0.494144065,0.015078683,0.494374073,1.373881187,1590902516.496531963
0.392390494,0.495116125,0.631751753,1.370283920,1590902516.517757177
0.328944150,0.176687304,0.373393435,1.370283920,1590902516.539534807
0.129028312,0.134788766,0.186591309,1.488593305,1590902516.561233282
1.217192966,0.222177136,1.237304084,1.508444782,1590902516.583065748
0.000000000,0.000000000,0.000000000,0.000000000,1590902516.591633558
0.697651206,0.329916210,0.771726578,1.414516648,1590902516.628030300
-0.142713577,-0.745080335,0.758624987,1.500850509,1590902516.649389744
-0.135530972,0.023458389,0.137546139,1.317657571,1590902516.671101570
0.764688853,0.507087133,0.917543678,1.334577972,1590902516.694358110
1.949818601,1.098454943,2.237944557,1.365620856,1590902516.718780041
-0.772388613,-0.344051557,0.845550497,1.471406454,1590902516.744049311
0.531254191,-0.509251472,0.735913090,1.406922508,1590902516.767304420
-0.014623788,0.531029150,0.531230471,1.345502929,1590902516.788808346
-0.078070132,0.114438052,0.138531632,1.450888786,1590902516.810150623
0.655752677,0.310762597,0.725661743,1.522034366,1590902516.831336498
-0.006244082,-0.142938627,0.143074944,1.429971511,1590902516.854064941
0.638993265,-0.300955927,0.706319236,1.407055799,1590902516.880027056
-0.166655593,0.176687304,0.242883697,1.389602499,1590902516.902571440
-0.008638284,-0.226735676,0.226900169,1.349766253,1590902516.924743414
-0.451565591,0.317945202,0.552268625,1.302602449,1590902516.947615623
0.449851334,-0.059141569,0.453722325,1.393199632,1590902516.969537973
0.540830997,0.721368182,0.901593157,1.440496728,1590902516.991291046
-0.069690426,-0.968938190,0.971441183,1.449822989,1590902517.013776541
0.685680198,0.334704614,0.763010165,1.338841295,1590902517.035964489
0.674906290,-0.006469132,0.674937294,1.300603878,1590902517.058171272
0.052413859,0.344281420,0.348248344,1.400660615,1590902517.080836058
1.023262632,0.490327722,1.134675147,1.423576460,1590902517.102751970
-0.524588741,-0.788175965,0.946791793,1.357760134,1590902517.125791311
0.672512089,0.364632134,0.765002682,1.477268607,1590902517.152884960
-0.192991812,-0.717547016,0.743047481,1.359492121,1590902517.174579144
-0.644298824,0.602855200,0.882357845,1.298738733,1590902517.197120667
0.652161375,-0.129770518,0.664947250,1.340573283,1590902517.219429970
0.946648179,1.031417297,1.399987291,1.372548807,1590902517.240507364
0.000000000,-0.880352729,0.880352729,0.000000000,1590902517.252299547
0.562378812,0.574124780,0.803672316,1.349366645,1590902517.285121679
0.725184525,0.162322094,0.743129234,1.326317509,1590902517.306698322
0.310987638,-0.192019752,0.365492676,1.458083319,1590902517.327635288
-0.220525131,-0.029214048,0.222451779,1.528296260,1590902517.349038124
0.173321042,-0.036396653,0.177101384,1.630751040,1590902517.372358561
0.136210917,-0.565515211,0.581687947,1.581055767,1590902517.395367861
0.058399363,0.113240951,0.127412710,1.433568778,1590902517.418179035
0.316973142,-0.579880421,0.660857984,1.430770859,1590902517.439902306
0.278665916,-0.147727030,0.315401281,1.472605543,1590902517.461774111
0.550407804,0.053385909,0.552990783,1.296607005,1590902517.483402491
0.768280155,0.179081506,0.788875518,1.349766253,1590902517.505098581
0.176912345,-0.121390812,0.214554671,1.291677491,1590902517.526226521
-0.667043740,-0.606216639,0.901357845,1.419446295,1590902517.547622204
1.187265446,0.083313430,1.190185013,1.392000544,1590902517.568960190
-0.749643697,-0.035199552,0.750469641,1.281551882,1590902517.591491222
-0.342629415,0.237739446,0.417031127,1.413717300,1590902517.614747524
1.567943436,0.106058346,1.571526326,1.419179845,1590902517.638044357
-0.303125088,-0.640932563,0.708998850,1.438365133,1590902517.659675121
0.281060117,0.258090160,0.381582652,1.421044991,1590902517.681600571
0.508509275,-0.420666010,0.659955737,1.410120034,1590902517.702501535
0.564773014,-0.221947272,0.606818877,1.406256318,1590902517.724028826
0.600686039,0.289214782,0.666685014,1.325518161,1590902517.745727777
0.737155533,-0.253071894,0.779386723,1.324718812,1590902517.767526627
0.005726926,-0.454184833,0.454220938,1.200946883,1590902517.789955616
-0.176232400,-0.090266190,0.198004656,1.337242599,1590902517.812011242
1.051993052,-0.110616904,1.057792740,1.343770809,1590902517.836525679
-0.111588955,0.572927679,0.583693601,1.328848978,1590902517.859591007
-0.447974288,0.195840917,0.488911677,1.379876498,1590902517.885201216
0.677300492,0.164716296,0.697041903,1.325385002,1590902517.907305002
0.389996293,-0.628961555,0.740060636,1.440230278,1590902517.929744482
-0.056522317,-0.005272031,0.056767655,1.533092482,1590902517.951522589
0.536042594,0.806362341,0.968277794,1.409853584,1590902517.973838091
-0.231299038,-0.680436890,0.718674896,1.420245643,1590902517.995929718
0.108677598,0.720171081,0.728324932,1.352297722,1590902518.019289970
0.206839866,-0.186034247,0.278193227,1.395464652,1590902518.041929483
1.116636497,1.222953430,1.656047148,1.393865822,1590902518.064636230
0.435486124,-0.642129664,0.775872844,1.486461576,1590902518.086921930
1.024459733,1.070921624,1.482022560,1.342438562,1590902518.108707666
0.921509061,0.097678640,0.926671499,1.214003568,1590902518.130845070
0.123042808,0.310762597,0.334234834,1.361623849,1590902518.152415514
-0.382133743,-0.019637241,0.382637973,1.468475378,1590902518.174667597
-0.406075759,-0.475732648,0.625475079,1.457550420,1590902518.196791172
0.182897849,-0.174063239,0.252486900,1.413584009,1590902518.218798637
0.011712430,-0.236312482,0.236602558,1.406922508,1590902518.240993261
-0.274394668,-0.212370466,0.346977879,1.418780105,1590902518.263264179
-0.112786056,0.684258056,0.693491010,1.293809086,1590902518.284777880
0.044034153,-0.104631400,0.113519763,1.346435436,1590902518.306521177
0.846091709,0.836289861,1.189643607,1.364821375,1590902518.328743458
-0.148699081,-0.632552857,0.649795763,1.434767866,1590902518.350680113
0.961013389,0.552576965,1.108552225,1.344436999,1590902518.373688221
1.090300278,-0.205187861,1.109439838,1.294075536,1590902518.398668528
0.570758518,0.108452548,0.580970947,1.409320685,1590902518.421952963
-0.594020590,-0.437425422,0.737700116,1.448757191,1590902518.444131851
-0.216933828,0.169504699,0.275303703,1.384672853,1590902518.465905428
0.149379026,0.174293102,0.229547770,1.401459963,1590902518.488669634
0.008121128,0.036626498,0.037516037,1.398928627,1590902518.512081146
-0.000000000,-14.541270292,14.541270292,0.000000000,1590902518.534635544
0.470202048,0.545394360,0.720100669,1.272492071,1590902518.557347536
-0.673029244,-1.314900403,1.477136227,1.358293032,1590902518.580075741
-0.734081387,-0.455381934,0.863856579,1.320988255,1590902518.602117300
0.557590409,-0.494886262,0.745533015,1.414649939,1590902518.625360966
-0.444382986,0.124014858,0.461363114,1.302202708,1590902518.647725582
0.622233854,0.718973980,0.950840971,1.373614737,1590902518.670138597
1.435065244,0.377800244,1.483962695,1.404391172,1590902518.692082644
0.051216758,-0.342854456,0.346658816,1.558806245,1590902518.713819742
-0.391710549,0.065356918,0.397125523,1.436233405,1590902518.734975815
0.755112046,0.294003185,0.810328375,1.403192083,1590902518.756777525
-0.000000000,0.000000000,0.000000000,-0.000000003,1590902518.778239965
1.432671043,0.276046673,1.459022989,1.324585521,1590902518.799870014
0.580335325,0.884173895,1.057616455,1.222130741,1590902518.820857525
-0.280380172,0.108452548,0.300624344,1.409587135,1590902518.841909885
0.428303519,0.746507299,0.860649204,1.363622286,1590902518.863122702
0.160152933,-0.944996174,0.958471038,1.526430981,1590902518.887544394
0.484567258,0.323930706,0.582869222,1.368551933,1590902518.910611629
1.593082554,-0.080689384,1.595124697,1.286481395,1590902518.931901932
0.604277341,0.176687304,0.629578834,1.480865873,1590902518.953451157
1.784618687,0.286820580,1.807520374,1.455285401,1590902518.974964380
-0.000000000,-0.558332606,0.558332606,-0.000000000,1590902518.996661425
1.104665488,0.255695959,1.133872243,1.468608536,1590902519.018900394
-0.064902023,-1.152094617,1.153921262,1.430770859,1590902519.039771318
0.027274741,0.135985867,0.138694151,1.318323628,1590902519.061609983
0.310987638,0.174293102,0.356498803,1.297139903,1590902519.083250284
2.143748936,1.321115625,2.518135420,1.325784610,1590902519.104710102
-0.032580300,-0.318912440,0.320572332,1.438631582,1590902519.125677824
0.606671543,0.856640576,1.049706357,1.296740163,1590902519.146852255
1.312960960,0.228162640,1.332638237,1.207075618,1590902519.168628454
1.235149406,-0.419468909,1.304434061,1.395997551,1590902519.191331863
1.260288523,0.641162426,1.414007220,1.436633145,1590902519.214161396
-0.048142611,-0.906688947,0.907966166,1.372815256,1590902519.237093925
1.152549521,0.649542132,1.322979736,1.346435436,1590902519.259476900
0.625825156,-0.322503742,0.704035361,1.544950078,1590902519.282309055
0.129028312,0.201826421,0.239545840,1.306466164,1590902519.305685997
0.962210490,-0.424257313,1.051590839,1.353363519,1590902519.329250813
-0.000000000,-0.401512397,0.401512397,64135240501315204284416.000000000,1590902519.352832794
-0.520997439,-0.492492060,0.716928700,1.438231841,1590902519.379496574
0.032063145,0.023458389,0.039728343,1.532959324,1590902519.403285265
-0.468325002,0.513072637,0.694673908,1.320855097,1590902519.425729752
-0.434806179,0.311959698,0.535140418,1.378011352,1590902519.449032307
-0.379739541,-0.260254499,0.460363469,1.519502898,1590902519.472460747
-0.631130715,0.140774270,0.646640066,1.348700455,1590902519.495639086
0.243949991,-0.405103699,0.472885404,1.439164481,1590902519.517661333
0.076355875,-0.079492283,0.110223603,1.391201195,1590902519.540358067
0.986152506,-0.431439918,1.076400097,1.293542637,1590902519.561977863
-0.431214877,0.104861245,0.443781647,1.272625362,1590902519.584785700
0.345703562,-0.493689161,0.602693903,1.342038821,1590902519.607113123
-0.696971261,0.009093179,0.697030576,1.284349667,1590902519.628607750
0.525268687,-0.915068653,1.055110341,1.354429317,1590902519.651052952
-0.378542440,-0.492492060,0.621162465,1.204810599,1590902519.673256636
0.835317802,-0.184837147,0.855523583,1.352297722,1590902519.695174932
0.908340952,-0.074703879,0.911407678,1.463012832,1590902519.717591524
0.230781882,0.145562673,0.272853017,1.396530449,1590902519.739433289
0.079947178,-0.352431263,0.361385315,1.386404840,1590902519.762368679
0.895172843,0.521452343,1.035976334,1.408787787,1590902519.785357952
-0.146304879,-0.420666010,0.445381870,1.327916338,1590902519.806948900
-0.182217904,0.622008813,0.648149927,1.317257830,1590902519.829780340
-0.436003280,-0.118996610,0.451950278,1.345369638,1590902519.851743221
0.685680198,0.833895660,1.079601457,1.358559482,1590902519.877882719
0.146984824,-0.749868738,0.764138511,1.407055799,1590902519.900628090
0.880807633,0.950014440,1.295511298,1.373747895,1590902519.922807217
1.267471128,0.073736624,1.269614174,1.314726495,1590902519.944292784
0.870033726,-0.221947272,0.897897141,1.387204322,1590902519.965615988
1.468584068,0.554971166,1.569946547,1.402525893,1590902519.987318039
0.124239908,-0.703181806,0.714072971,1.418513655,1590902520.008518696
1.335705875,0.483145117,1.420401137,1.396264000,1590902520.030393124
0.271483311,-0.709167310,0.759355952,1.380142947,1590902520.051550865
-0.663452438,-0.352431263,0.751250246,1.305267076,1590902520.073699713
0.495341166,0.401742260,0.637777166,1.297939251,1590902520.095189571
1.651740495,0.424487176,1.705413740,1.281685040,1590902520.116911173
0.434289023,-0.292576221,0.523648547,1.409720426,1590902520.138605118
0.000000000,0.610037805,0.610037805,0.000000000,1590902520.150527000
0.740746836,0.373011840,0.829363435,1.224795368,1590902520.181469917
0.989743809,0.161124993,1.002773190,1.322986825,1590902520.202785969
1.029248136,0.598066796,1.190393052,1.384006663,1590902520.224469900
0.299016630,-0.206384962,0.363325883,1.399861266,1590902520.245666981
0.570758518,0.343084319,0.665937036,1.414516648,1590902520.267499685
0.050019657,-0.558332606,0.560568697,1.348966905,1590902520.288684845
-0.388119247,0.012684481,0.388326468,1.273558001,1590902520.309776068
0.795813474,0.781223223,1.115181066,1.364421768,1590902520.331708193
1.782224485,0.347872723,1.815857799,1.280485951,1590902520.353234053
0.479778855,-0.209976264,0.523715363,1.407455407,1590902520.374380589
0.350491965,-0.518828278,0.626120915,1.392533576,1590902520.395361662
0.662935282,0.359843731,0.754301464,1.294608568,1590902520.416225910
0.405558604,-0.344051557,0.531835740,1.358026583,1590902520.437927723
-0.403681558,-0.634947059,0.752407182,1.431570341,1590902520.459342957
-0.510223531,-0.043579258,0.512081247,1.447025071,1590902520.480011463
0.672512089,-0.396723994,0.780808835,1.385205751,1590902520.500961304
0.293031125,-0.409892103,0.503863847,1.420512092,1590902520.522215605
0.583926627,-0.315321137,0.663624687,1.289012864,1590902520.543513536
0.674906290,-0.099842997,0.682251511,1.257436948,1590902520.565296173
0.746732340,0.243724951,0.785500502,1.238384952,1590902520.590470552
-0.087646938,0.085707632,0.122587862,1.332446244,1590902520.612371683
0.403164402,-0.441016724,0.597525971,1.349899544,1590902520.635052443
0.039245750,-0.018440140,0.043362053,1.217467544,1590902520.656156063
-0.540151052,0.266469866,0.602303369,1.297406353,1590902520.677694559
-0.242072946,-0.639735462,0.684003489,1.397463089,1590902520.698463678
-0.267212063,0.228162640,0.351369431,1.372149199,1590902520.719604492
0.574349821,-0.282999415,0.640286174,1.353763260,1590902520.740516901
-0.214539626,0.157533691,0.266165578,1.292609998,1590902520.761447906
0.988546708,0.046203304,0.989625858,1.276622236,1590902520.782785177
0.764688853,0.601658099,0.973006428,1.255704961,1590902520.804503918
-0.797527731,-1.252651160,1.484986670,1.188689679,1590902520.825637341
-0.734081387,-0.493689161,0.884649348,1.315259393,1590902520.847099781
0.874822129,-0.202793659,0.898019502,1.355628405,1590902520.870649815
-0.136728072,-0.124982114,0.185243339,1.198948446,1590902520.893548489
0.287045621,0.539408856,0.611029543,1.326850541,1590902520.915836811
-0.072084628,0.119226455,0.139323871,1.477135449,1590902520.937196732
0.950239481,0.369420538,1.019522734,1.380276238,1590902520.959089756
0.574349821,-0.479323951,0.748083663,1.372282357,1590902520.982838869
-0.452762692,0.320339404,0.554627252,1.377611611,1590902521.009746075
0.186489152,-0.118996610,0.221220245,1.488993045,1590902521.031985283
0.264300706,0.283229278,0.387393452,1.469274726,1590902521.053874731
-0.110391854,0.000713473,0.110394160,1.497919432,1590902521.075860977
1.771450578,0.455611797,1.829103403,1.418780105,1590902521.098139524
0.263103605,-0.101040098,0.281837911,1.522034366,1590902521.121054411
0.538436796,-0.345248658,0.639617713,1.428106232,1590902521.143547773
0.436683225,0.214994531,0.486739034,1.344969898,1590902521.165364504
0.224796378,-0.071112577,0.235776187,1.424242517,1590902521.188141346
0.421120914,0.320339404,0.529112614,1.418513655,1590902521.210060120
0.627022257,0.289214782,0.690508581,1.403458533,1590902521.232352972
0.276271714,-0.348839960,0.444989188,1.404124590,1590902521.254643440
0.150576127,-0.208779163,0.257413886,1.461947035,1590902521.277423620
0.504917972,0.418501672,0.655809277,1.341106182,1590902521.301386118
0.595897636,-0.168077735,0.619147896,1.370683528,1590902521.324181080
1.702018729,0.811150744,1.885426552,1.287813776,1590902521.346886635
-0.240875845,-0.408695002,0.474397278,1.422244080,1590902521.372131586
0.303805033,-0.707970209,0.770402048,1.352830620,1590902521.394530296
0.184094950,0.103664144,0.211275189,1.257969847,1590902521.415561914
-0.336643911,0.192249615,0.387671301,1.357093944,1590902521.436846733
0.113466001,-0.716349915,0.725280452,1.407855147,1590902521.457955122
-0.419243868,0.080919229,0.426981666,1.357493684,1590902521.479260921
0.428303519,-0.492492060,0.652680882,1.411718863,1590902521.501079321
0.501326670,-0.114208207,0.514171124,1.404124590,1590902521.522067308
0.649767173,0.112043850,0.659356659,1.307265512,1590902521.543652058
0.664132383,0.228162640,0.702232164,1.346702018,1590902521.565261841
0.252329697,-0.685225294,0.730208175,1.245179744,1590902521.587027788
-0.863368276,-0.184837147,0.882932359,1.386271682,1590902521.608302593
0.781448264,-0.096251694,0.787353655,1.412917952,1590902521.629264593
-0.017017989,0.625600115,0.625831540,1.242115376,1590902521.650383234
0.026077640,0.461597302,0.462333334,1.388536568,1590902521.671374083
0.097903690,-0.177654542,0.202845431,1.443827545,1590902521.692415953
-0.009835385,0.313156799,0.313311212,1.358426324,1590902521.712977886
0.563575913,-0.203990760,0.599358023,1.485662228,1590902521.734510899
0.103889194,-0.329686347,0.345667546,1.436366563,1590902521.756037474
0.797010575,-0.156106727,0.812154645,1.325118553,1590902521.777213097
0.372039780,0.600460998,0.706375968,1.349233354,1590902521.798776865
-0.028988998,-0.457776136,0.458693092,1.358426324,1590902521.819697380
-0.390513448,0.277243774,0.478920519,1.430104802,1590902521.841101408
0.337323856,-0.705576008,0.782064503,1.415049547,1590902521.865917921
1.183674143,0.468779907,1.273121784,1.340040384,1590902521.890138388
1.062766959,-0.097448795,1.067225317,1.325518161,1590902521.912041187
1.000517716,0.066554019,1.002728845,1.384273245,1590902521.936250448
